seed,model,gender_mode,predictor_count,threshold,train_rows,test_rows,id_overlap,accuracy,balanced_accuracy,f1_class1,macro_f1,roc_auc,average_precision,brier_score,demographic_parity_difference,equal_opportunity_difference,fpr_difference,equalized_odds_difference
0,LogisticRegression,gender_aware,15,0.3,8842,3790,0,0.9617414248021108,0.9319714270690499,0.9794704799660201,0.8495031316657953,0.9894031261418319,0.9993344965043082,0.04012472715248065,0.03388990800731906,0.012206789018405662,0.11798839458413928,0.11798839458413928
0,LogisticRegression,gender_aware,15,0.325,8842,3790,0,0.9564643799472295,0.9291804697706966,0.9765724833167684,0.834654956742183,0.9894031261418319,0.9993344965043082,0.04012472715248065,0.03724388319137539,0.015853278550513217,0.11798839458413928,0.11798839458413928
0,LogisticRegression,gender_aware,15,0.35,8842,3790,0,0.9530343007915567,0.9364699918158885,0.9746510965536884,0.8278273403915395,0.9894031261418319,0.9993344965043082,0.04012472715248065,0.03665266910155418,0.015774575017047043,0.10186976144422953,0.10186976144422953
0,LogisticRegression,gender_aware,15,0.375,8842,3790,0,0.9519788918205805,0.9359118003562178,0.9740666856654318,0.8251116346476626,0.9894031261418319,0.9993344965043082,0.04012472715248065,0.03512992385405611,0.014192440461099465,0.10186976144422953,0.10186976144422953
0,LogisticRegression,gender_aware,15,0.4,8842,3790,0,0.9511873350923483,0.942320889978306,0.9736053645313169,0.8248061848926287,0.9894031261418319,0.9993344965043082,0.04012472715248065,0.034719864938110634,0.013552812973954942,0.10090264345583494,0.10090264345583494
0,LogisticRegression,gender_aware,15,0.425,8842,3790,0,0.9474934036939314,0.9403672198694587,0.9715511079342387,0.8156900838816492,0.9894031261418319,0.9993344965043082,0.04012472715248065,0.03651926249587256,0.01552749753083793,0.10090264345583494,0.10090264345583494
0,LogisticRegression,gender_aware,15,0.45,8842,3790,0,0.9456464379947229,0.9439422069595957,0.970504009163803,0.8124332126355928,0.9894031261418319,0.9993344965043082,0.04012472715248065,0.035896216027255456,0.016301630646897824,0.07059961315280464,0.07059961315280464
0,LogisticRegression,gender_aware,15,0.475,8842,3790,0,0.941952506596306,0.9419885368507485,0.9684361549497847,0.8038902086224333,0.9894031261418319,0.9993344965043082,0.04012472715248065,0.03550207330070809,0.015964882741411834,0.07059961315280464,0.07059961315280464
0,LogisticRegression,gender_aware,15,0.5,8842,3790,0,0.9387862796833774,0.9494176067608582,0.9666187050359712,0.7991823683910015,0.9894031261418319,0.9993344965043082,0.04012472715248065,0.0366625082004548,0.018882074367097768,0.032237266279819474,0.032237266279819474
0,LogisticRegression,gender_aware,15,0.525,8842,3790,0,0.9364116094986807,0.9504375870488795,0.9652687707162415,0.7946468658573407,0.9894031261418319,0.9993344965043082,0.04012472715248065,0.0382330020161471,0.020127461017559245,0.039329464861379754,0.039329464861379754
0,LogisticRegression,gender_aware,15,0.55,8842,3790,0,0.9343007915567282,0.9493212041295381,0.9640744481315827,0.7902036339271165,0.9894031261418319,0.9993344965043082,0.04012472715248065,0.03738105180546025,0.019274624368033177,0.039329464861379754,0.039329464861379754
0,LogisticRegression,gender_aware,15,0.575,8842,3790,0,0.9308707124010555,0.9497829929578889,0.9621168305378832,0.7837692586424356,0.9894031261418319,0.9993344965043082,0.04012472715248065,0.03633203023149956,0.018937876462547076,0.024177949709864605,0.024177949709864605
0,LogisticRegression,gender_aware,15,0.6,8842,3790,0,0.9274406332453826,0.9502447817862396,0.9601507027966961,0.7775716695132229,0.9894031261418319,0.9993344965043082,0.04012472715248065,0.04076685936831248,0.023223993481799154,0.03127014829142489,0.03127014829142489
0,LogisticRegression,gender_aware,15,0.625,8842,3790,0,0.9245382585751979,0.9487097552721453,0.9584905660377359,0.7719989062072737,0.9894031261418319,0.9993344965043082,0.04012472715248065,0.040143812899695375,0.022629201204293126,0.03127014829142489,0.03127014829142489
0,LogisticRegression,gender_aware,15,0.65,8842,3790,0,0.9218997361477572,0.9473142766229686,0.9569767441860465,0.7670598006644518,0.9894031261418319,0.9993344965043082,0.04012472715248065,0.044562725847110296,0.027341736548308182,0.03127014829142489,0.03127014829142489
0,LogisticRegression,gender_aware,15,0.675,8842,3790,0,0.9200527704485488,0.946337441568545,0.9559144478393714,0.7636715096339715,0.9894031261418319,0.9993344965043082,0.04012472715248065,0.047655964910300774,0.03064051128911871,0.03127014829142489,0.03127014829142489
0,LogisticRegression,gender_aware,15,0.7,8842,3790,0,0.9179419525065963,0.9452210586492036,0.9546977421704297,0.7598663536026974,0.9894031261418319,0.9993344965043082,0.04012472715248065,0.05009432512607792,0.03325482333314622,0.03127014829142489,0.03325482333314622
0,RandomForestClassifier,gender_aware,15,0.3,8842,3790,0,0.9844327176781003,0.8825229445003984,0.9918089684853533,0.9176551473726502,0.9736416329931602,0.9974020133830824,0.014863070614181491,0.019186242856162994,0.0017166401848630608,0.059961315280464195,0.059961315280464195
0,RandomForestClassifier,gender_aware,15,0.325,8842,3790,0,0.9839050131926121,0.8845197598428435,0.991526600916794,0.9157108070200768,0.9736416329931602,0.9974020133830824,0.014863070614181491,0.019857037892974327,0.003130400788067589,0.04480980012894906,0.04480980012894906
0,RandomForestClassifier,gender_aware,15,0.35,8842,3790,0,0.9836411609498681,0.891207945194767,0.9913793103448276,0.9157927479559189,0.9736416329931602,0.9974020133830824,0.014863070614181491,0.02075673667185529,0.003859698694488989,0.04384268214055448,0.04384268214055448
0,RandomForestClassifier,gender_aware,15,0.375,8842,3790,0,0.9825857519788919,0.8952015758796572,0.9908129175946548,0.9120731254639941,0.9736416329931602,0.9974020133830824,0.014863070614181491,0.02319509688763255,0.0055315036697135556,0.058027079303675067,0.058027079303675067
0,RandomForestClassifier,gender_aware,15,0.4,8842,3790,0,0.9823218997361478,0.8996138501593003,0.9906672238473325,0.9117924647914967,0.9736416329931602,0.9974020133830824,0.014863070614181491,0.025404553361340065,0.006945264272918084,0.07221147646679563,0.07221147646679563
0,RandomForestClassifier,gender_aware,15,0.425,8842,3790,0,0.9828496042216359,0.9044447680336964,0.9909432910686916,0.9148264842440232,0.9736416329931602,0.9974020133830824,0.014863070614181491,0.026288335950823027,0.006945264272918084,0.08639587362991619,0.08639587362991619
0,RandomForestClassifier,gender_aware,15,0.45,8842,3790,0,0.9820580474934036,0.9040261244389434,0.990521327014218,0.911516821142577,0.9736416329931602,0.9974020133830824,0.014863070614181491,0.02651723969289277,0.007203308644938122,0.08639587362991619,0.08639587362991619
0,RandomForestClassifier,gender_aware,15,0.475,8842,3790,0,0.9815303430079155,0.9037470287091081,0.990239821528165,0.9093355970385923,0.9736416329931602,0.9974020133830824,0.014863070614181491,0.025207481998066328,0.005834383251371977,0.08639587362991619,0.08639587362991619
0,RandomForestClassifier,gender_aware,15,0.5,8842,3790,0,0.9812664907651715,0.9036074808441904,0.9900990099009901,0.9082524389358251,0.9736416329931602,0.9974020133830824,0.014863070614181491,0.024552603150653107,0.00514992055458896,0.08639587362991619,0.08639587362991619
0,RandomForestClassifier,gender_aware,15,0.525,8842,3790,0,0.9815303430079155,0.9082988508536689,0.990234375,0.9101657311893203,0.9736416329931602,0.9974020133830824,0.014863070614181491,0.02478150689272285,0.005621174088990433,0.07833655705996131,0.07833655705996131
0,RandomForestClassifier,gender_aware,15,0.55,8842,3790,0,0.9812664907651715,0.9081593029887512,0.9900934840239989,0.9090903255471083,0.9736416329931602,0.9974020133830824,0.014863070614181491,0.024126628045309628,0.004936711392207416,0.07833655705996131,0.07833655705996131
0,RandomForestClassifier,gender_aware,15,0.575,8842,3790,0,0.9807387862796834,0.9101561183311964,0.9898087393550189,0.9073743936583247,0.9736416329931602,0.9974020133830824,0.014863070614181491,0.024797423082120962,0.006350471995411944,0.06318504190844618,0.06318504190844618
0,RandomForestClassifier,gender_aware,15,0.6,8842,3790,0,0.9807387862796834,0.9101561183311964,0.9898087393550189,0.9073743936583247,0.9736416329931602,0.9974020133830824,0.014863070614181491,0.024797423082120962,0.006350471995411944,0.06318504190844618,0.06318504190844618
0,RandomForestClassifier,gender_aware,15,0.625,8842,3790,0,0.9804749340369393,0.9100165704662786,0.9896676905892209,0.9063170988831272,0.9736416329931602,0.9974020133830824,0.014863070614181491,0.025239314376862443,0.006821725529813416,0.06318504190844618,0.06318504190844618
0,RandomForestClassifier,gender_aware,15,0.65,8842,3790,0,0.9796833773087071,0.911873837943806,0.9892413022216012,0.9036041026474436,0.9736416329931602,0.9974020133830824,0.014863070614181491,0.027448770850569848,0.008706739667419527,0.07027724049000644,0.07027724049000644
0,RandomForestClassifier,gender_aware,15,0.675,8842,3790,0,0.978891820580475,0.9137311054213334,0.9888143176733781,0.9009492149114554,0.9736416329931602,0.9974020133830824,0.014863070614181491,0.02636791689781315,0.007124605111471949,0.07736943907156674,0.07736943907156674
0,RandomForestClassifier,gender_aware,15,0.7,8842,3790,0,0.9767810026385224,0.9148906335742725,0.9876785214225707,0.8933826397067192,0.9736416329931602,0.9974020133830824,0.014863070614181491,0.027496519418763854,0.007898738227531954,0.08446163765312703,0.08446163765312703
0,LogisticRegression,gender_blind,14,0.3,8842,3790,0,0.9609498680738786,0.9315527834742969,0.9790368271954675,0.8472107212900415,0.9895291911212502,0.9993458856053776,0.04002869637278189,0.029731731180769994,0.007841968465687521,0.11798839458413928,0.11798839458413928
0,LogisticRegression,gender_blind,14,0.325,8842,3790,0,0.9569920844327177,0.9317354765728123,0.9768564532159592,0.8366591390847021,0.9895291911212502,0.9993458856053776,0.04002869637278189,0.027372951911982857,0.006136295166635386,0.10283687943262411,0.10283687943262411
0,LogisticRegression,gender_blind,14,0.35,8842,3790,0,0.9540897097625329,0.9370281832755591,0.9752348420153715,0.83057770981635,0.9895291911212502,0.9993458856053776,0.04002869637278189,0.03049802335396945,0.009266695954702864,0.10186976144422953,0.10186976144422953
0,LogisticRegression,gender_blind,14,0.375,8842,3790,0,0.9522427440633245,0.9383272592934159,0.9742055009263217,0.826356746910763,0.9895291911212502,0.9993458856053776,0.04002869637278189,0.032281504722333376,0.011881007998730486,0.08671824629271437,0.08671824629271437
0,LogisticRegression,gender_blind,14,0.4,8842,3790,0,0.9493403693931398,0.9367922327793216,0.9725949186411648,0.8190500725610005,0.9895291911212502,0.9993458856053776,0.04002869637278189,0.028368147827252055,0.007819067027670767,0.08671824629271437,0.08671824629271437
0,LogisticRegression,gender_blind,14,0.425,8842,3790,0,0.9485488126649076,0.9454772334736902,0.9721229449606862,0.8193948058136764,0.9895291911212502,0.9993458856053776,0.04002869637278189,0.029938641642944352,0.009962125537296806,0.07059961315280464,0.07059961315280464
0,LogisticRegression,gender_blind,14,0.45,8842,3790,0,0.9451187335092348,0.9436631112297604,0.9702091091377829,0.8111915110906306,0.9895291911212502,0.9993458856053776,0.04002869637278189,0.03019937776381021,0.010309840328593722,0.07059961315280464,0.07059961315280464
0,LogisticRegression,gender_blind,14,0.475,8842,3790,0,0.9424802110817943,0.949095365797425,0.9687051392477749,0.8068281396564607,0.9895291911212502,0.9993458856053776,0.04002869637278189,0.029592247484590994,0.011813271351075127,0.025145067698259187,0.025145067698259187
0,LogisticRegression,gender_blind,14,0.5,8842,3790,0,0.9382585751978891,0.9468625999587423,0.9663309352517986,0.7974511819116136,0.9895291911212502,0.9993458856053776,0.04002869637278189,0.0333721977739907,0.01588617920794566,0.025145067698259187,0.025145067698259187
0,LogisticRegression,gender_blind,14,0.525,8842,3790,0,0.9358839050131926,0.9478825802467639,0.9649805447470817,0.7929426904702648,0.9895291911212502,0.9993458856053776,0.04002869637278189,0.03274915130537359,0.01482013339603816,0.032237266279819474,0.032237266279819474
0,LogisticRegression,gender_blind,14,0.55,8842,3790,0,0.933509234828496,0.9511784716070656,0.9636153624025412,0.789147130742555,0.9895291911212502,0.9993458856053776,0.04002869637278189,0.031913117284084525,0.01422534111853202,0.024177949709864605,0.024177949709864605
0,LogisticRegression,gender_blind,14,0.575,8842,3790,0,0.9319261213720317,0.9503411844175595,0.9627167630057804,0.7859038360483448,0.9895291911212502,0.9993458856053776,0.04002869637278189,0.03237092476822412,0.014741429862571986,0.024177949709864605,0.024177949709864605
0,LogisticRegression,gender_blind,14,0.6,8842,3790,0,0.9274406332453826,0.9502447817862396,0.9601507027966961,0.7775716695132229,0.9895291911212502,0.9993458856053776,0.04002869637278189,0.03528300865753897,0.017445412325876486,0.03127014829142489,0.03127014829142489
0,LogisticRegression,gender_blind,14,0.625,8842,3790,0,0.9253298153034301,0.9491283988668984,0.9589438560858843,0.7735039513326074,0.9895291911212502,0.9993458856053776,0.04002869637278189,0.03881813901547082,0.021215440601088598,0.03127014829142489,0.03127014829142489
0,LogisticRegression,gender_blind,14,0.65,8842,3790,0,0.9229551451187336,0.9478724680826394,0.957582800697269,0.7690212854061058,0.9895291911212502,0.9993458856053776,0.04002869637278189,0.04279516066814426,0.02545672241070218,0.03127014829142489,0.03127014829142489
0,LogisticRegression,gender_blind,14,0.675,8842,3790,0,0.9203166226912929,0.9464769894334626,0.956066336921734,0.7641521486308387,0.9895291911212502,0.9993458856053776,0.04002869637278189,0.04502053333124967,0.02785782529234815,0.03127014829142489,0.03127014829142489
0,LogisticRegression,gender_blind,14,0.7,8842,3790,0,0.9184696569920844,0.9477760654513194,0.9549890750182083,0.7614106214251881,0.9895291911212502,0.9993458856053776,0.04002869637278189,0.045707244557459004,0.02931642110519117,0.016118633139909737,0.02931642110519117
0,RandomForestClassifier,gender_blind,14,0.3,8842,3790,0,0.9839050131926121,0.8958993152042455,0.9915148142996244,0.9177522920602981,0.9730045666533186,0.9972420450161926,0.014862565607601077,0.023179180698234547,0.0020195197665214826,0.12475822050290136,0.12475822050290136
0,RandomForestClassifier,gender_blind,14,0.325,8842,3790,0,0.9836411609498681,0.8980356784116083,0.9913721124408572,0.9170058531747434,0.9730045666533186,0.9972420450161926,0.014862565607601077,0.02450485458245899,0.0029620268353245383,0.13185041908446166,0.13185041908446166
0,RandomForestClassifier,gender_blind,14,0.35,8842,3790,0,0.98311345646438,0.9023084048263337,0.9910863509749304,0.9155431754874652,0.9730045666533186,0.9972420450161926,0.014862565607601077,0.02276912178228907,0.002535608510561338,0.10154738878143132,0.10154738878143132
0,RandomForestClassifier,gender_blind,14,0.375,8842,3790,0,0.9828496042216359,0.9067206791059768,0.9909407665505227,0.9152234696950143,0.9730045666533186,0.9972420450161926,0.014862565607601077,0.023881808113841885,0.0027936528825813767,0.11573178594455188,0.11573178594455188
0,RandomForestClassifier,gender_blind,14,0.4,8842,3790,0,0.9828496042216359,0.9112725012505376,0.9909357132896388,0.9160057539553328,0.9730045666533186,0.9972420450161926,0.014862565607601077,0.023455833008498406,0.002580443720199832,0.10767246937459704,0.10767246937459704
0,RandomForestClassifier,gender_blind,14,0.425,8842,3790,0,0.9815303430079155,0.9151265840705101,0.9902261938006144,0.9113810394840393,0.9730045666533186,0.9972420450161926,0.014862565607601077,0.02304577409255293,0.003567785998641382,0.07736943907156674,0.07736943907156674
0,RandomForestClassifier,gender_blind,14,0.45,8842,3790,0,0.9810026385224274,0.9148474883406748,0.9899441340782122,0.9092577813248204,0.9730045666533186,0.9972420450161926,0.014862565607601077,0.021736016397726488,0.002198860605075348,0.07736943907156674,0.07736943907156674
0,RandomForestClassifier,gender_blind,14,0.475,8842,3790,0,0.9810026385224274,0.9171233994129552,0.9899413243922883,0.9096626053241063,0.9730045666533186,0.9972420450161926,0.014862565607601077,0.02261979898720945,0.00267011413947682,0.08446163765312703,0.08446163765312703
0,RandomForestClassifier,gender_blind,14,0.5,8842,3790,0,0.9804749340369393,0.9213961258276806,0.9896532438478747,0.9083780237930963,0.9730045666533186,0.9972420450161926,0.014862565607601077,0.02198083632919423,0.002243695814713842,0.07640232108317214,0.07640232108317214
0,RandomForestClassifier,gender_blind,14,0.525,8842,3790,0,0.9804749340369393,0.9213961258276806,0.9896532438478747,0.9083780237930963,0.9730045666533186,0.9972420450161926,0.014862565607601077,0.02198083632919423,0.002243695814713842,0.07640232108317214,0.07640232108317214
0,RandomForestClassifier,gender_blind,14,0.55,8842,3790,0,0.9794195250659631,0.92083793436801,0.9890878567431449,0.9042661505937947,0.9730045666533186,0.9972420450161926,0.014862565607601077,0.022651631366005565,0.002972993721135353,0.07640232108317214,0.07640232108317214
0,RandomForestClassifier,gender_blind,14,0.575,8842,3790,0,0.978891820580475,0.9205588386381747,0.9888049258326337,0.9022365642988053,0.9730045666533186,0.9972420450161926,0.014862565607601077,0.023535413955488527,0.003915500789938409,0.07640232108317214,0.07640232108317214
0,RandomForestClassifier,gender_blind,14,0.6,8842,3790,0,0.9786279683377309,0.9204192907732569,0.9886634009797061,0.9012282522139909,0.9730045666533186,0.9972420450161926,0.014862565607601077,0.023977305250230008,0.004386754324339881,0.07640232108317214,0.07640232108317214
0,RandomForestClassifier,gender_blind,14,0.625,8842,3790,0,0.9783641160949869,0.9225556539806197,0.9885186222346681,0.900652005181261,0.9730045666533186,0.9972420450161926,0.014862565607601077,0.023109438850145048,0.004173545161958336,0.06125080593165701,0.06125080593165701
0,RandomForestClassifier,gender_blind,14,0.65,8842,3790,0,0.9778364116094986,0.9222765582507844,0.9882352941176471,0.8986631016042781,0.9730045666533186,0.9972420450161926,0.014862565607601077,0.02399322143962801,0.005116052230761392,0.06125080593165701,0.06125080593165701
0,RandomForestClassifier,gender_blind,14,0.675,8842,3790,0,0.9767810026385224,0.9217183667911137,0.9876681614349776,0.8947349816183897,0.9730045666533186,0.9972420450161926,0.014862565607601077,0.021373706049975127,0.002378201443629213,0.06125080593165701,0.06125080593165701
0,RandomForestClassifier,gender_blind,14,0.7,8842,3790,0,0.974934036939314,0.9230174428089704,0.9866704083064403,0.8884786920119399,0.9730045666533186,0.9972420450161926,0.014862565607601077,0.024253957560493755,0.0049925134876567245,0.06834300451321729,0.06834300451321729
1,LogisticRegression,gender_aware,15,0.3,8842,3790,0,0.9522427440633245,0.9337754371488551,0.9742201965531976,0.8252138549850067,0.9895473930166744,0.999387153890939,0.044305535121116194,0.03020877446613801,0.006924173836480363,0.03472222222222221,0.03472222222222221
1,LogisticRegression,gender_aware,15,0.325,8842,3790,0,0.9509234828496043,0.9376295199688276,0.9734740444951512,0.8230046278813784,0.9895473930166744,0.999387153890939,0.044305535121116194,0.028856993227349692,0.0057419122268054235,0.025793650793650785,0.025793650793650785
1,LogisticRegression,gender_aware,15,0.35,8842,3790,0,0.9488126649076517,0.9387890481217667,0.9722936303913168,0.8183267459915061,0.9895473930166744,0.999387153890939,0.044305535121116194,0.03012831470589672,0.006671196649089106,0.03273809523809523,0.03273809523809523
1,LogisticRegression,gender_aware,15,0.375,8842,3790,0,0.945910290237467,0.9372540216076723,0.9706765841796595,0.81131452298966,0.9895473930166744,0.999387153890939,0.044305535121116194,0.026426306733794647,0.002853888926107051,0.03273809523809523,0.03273809523809523
1,LogisticRegression,gender_aware,15,0.4,8842,3790,0,0.9453825857519789,0.9438026590946782,0.9703565802663612,0.8118114559623264,0.9895473930166744,0.999387153890939,0.044305535121116194,0.025707036563950236,0.004132173402622952,0.014880952380952384,0.014880952380952384
1,LogisticRegression,gender_aware,15,0.425,8842,3790,0,0.9432717678100264,0.9472380983198976,0.9691579400372974,0.8080600866032135,0.9895473930166744,0.999387153890939,0.044305535121116194,0.02679854050003594,0.00554571932611736,0.023809523809523808,0.023809523809523808
1,LogisticRegression,gender_aware,15,0.45,8842,3790,0,0.9393139841688655,0.9474207914184131,0.9669255104975554,0.7997566849612378,0.9895473930166744,0.999387153890939,0.044305535121116194,0.02255707990055056,0.0007206500205763078,0.016865079365079368,0.016865079365079368
1,LogisticRegression,gender_aware,15,0.475,8842,3790,0,0.9361477572559367,0.9480221281116814,0.9651296829971182,0.7935023414985591,0.9895473930166744,0.999387153890939,0.044305535121116194,0.0256391754850277,0.00358698044770267,0.00992063492063492,0.00992063492063492
1,LogisticRegression,gender_aware,15,0.5,8842,3790,0,0.933509234828496,0.9466266494625049,0.9636363636363636,0.7879720279720279,0.9895473930166744,0.999387153890939,0.044305535121116194,0.026910496963574615,0.005000526371196967,0.00992063492063492,0.00992063492063492
1,LogisticRegression,gender_aware,15,0.525,8842,3790,0,0.9298153034300791,0.9446729793536575,0.9615384615384616,0.7804680259499537,0.9895473930166744,0.999387153890939,0.044305535121116194,0.028907387952625485,0.007208095269996551,0.00992063492063492,0.00992063492063492
1,LogisticRegression,gender_aware,15,0.55,8842,3790,0,0.9284960422163588,0.9439752400290691,0.960787150918825,0.7778524693308624,0.9895473930166744,0.999387153890939,0.044305535121116194,0.029000446394185864,0.007343356716974947,0.00992063492063492,0.00992063492063492
1,LogisticRegression,gender_aware,15,0.575,8842,3790,0,0.9266490765171504,0.9475502271192062,0.9597101449275363,0.7754433077578857,0.9895473930166744,0.999387153890939,0.044305535121116194,0.028554052208362712,0.007129618109721347,0.01884920634920635,0.01884920634920635
1,LogisticRegression,gender_aware,15,0.6,8842,3790,0,0.924802110817942,0.9511252142093434,0.9586296995209754,0.7730919843480419,0.9895473930166744,0.999387153890939,0.044305535121116194,0.0302780672133921,0.008058902532004919,0.00496031746031746,0.008058902532004919
1,LogisticRegression,gender_aware,15,0.625,8842,3790,0,0.9218997361477572,0.949590187695249,0.9569642337888922,0.7676559060682353,0.9895473930166744,0.999387153890939,0.044305535121116194,0.0320020822184216,0.009956709956709942,0.00496031746031746,0.009956709956709942
1,LogisticRegression,gender_aware,15,0.65,8842,3790,0,0.9187335092348285,0.947915613316237,0.9551412758520245,0.7618843634162082,0.9895473930166744,0.999387153890939,0.044305535121116194,0.032008381559081145,0.010052732823550792,0.00496031746031746,0.010052732823550792
1,LogisticRegression,gender_aware,15,0.675,8842,3790,0,0.9153034300791557,0.9506533132168682,0.953131844064827,0.7570036785303615,0.9895473930166744,0.999387153890939,0.044305535121116194,0.034278148532153385,0.011601540194023596,0.008928571428571428,0.011601540194023596
1,LogisticRegression,gender_aware,15,0.7,8842,3790,0,0.9102902374670184,0.9502778148557129,0.9502050380785003,0.7490386892520161,0.9895473930166744,0.999387153890939,0.044305535121116194,0.03727348501572969,0.014428632041012301,0.015873015873015872,0.015873015873015872
1,RandomForestClassifier,gender_aware,15,0.3,8842,3790,0,0.9807387862796834,0.8555342525964666,0.9898765774511163,0.8960222995656666,0.98021116895269,0.9982977123176536,0.0160412175728889,0.017990916923436462,0.001064545869262079,0.02182539682539686,0.02182539682539686
1,RandomForestClassifier,gender_aware,15,0.325,8842,3790,0,0.9810026385224274,0.8625015336782256,0.9900083263946711,0.8987474787053569,0.98021116895269,0.9982977123176536,0.0160412175728889,0.01808397536499662,0.00025297718739136776,0.0009920634920634885,0.0009920634920634885
1,RandomForestClassifier,gender_aware,15,0.35,8842,3790,0,0.9804749340369393,0.8644983490206706,0.9897250763676756,0.89697894030024,0.98021116895269,0.9982977123176536,0.0160412175728889,0.018809544875500683,5.678428670319313e-05,0.005952380952380931,0.005952380952380931
1,RandomForestClassifier,gender_aware,15,0.375,8842,3790,0,0.9807387862796834,0.8737415411747098,0.989854065323141,0.9001218378563758,0.98021116895269,0.9982977123176536,0.0160412175728889,0.01980799037002612,0.00036654576079786505,0.010912698412698402,0.010912698412698402
1,RandomForestClassifier,gender_aware,15,0.4,8842,3790,0,0.9802110817941952,0.8780142675894353,0.9895673946306858,0.898875768926596,0.98021116895269,0.9982977123176536,0.0160412175728889,0.01709812855179016,0.0011254773229717463,0.020833333333333343,0.020833333333333343
1,RandomForestClassifier,gender_aware,15,0.425,8842,3790,0,0.9799472295514512,0.8824265418690784,0.9894209354120267,0.8987508717464174,0.98021116895269,0.9982977123176536,0.0160412175728889,0.019361596184203078,0.0003273071806602079,0.0069444444444444475,0.0069444444444444475
1,RandomForestClassifier,gender_aware,15,0.45,8842,3790,0,0.9802110817941952,0.8893938229508374,0.9895528625156708,0.9012602217815262,0.98021116895269,0.9982977123176536,0.0160412175728889,0.019454654625763346,0.0001528071535440434,0.008928571428571452,0.008928571428571452
1,RandomForestClassifier,gender_aware,15,0.475,8842,3790,0,0.9802110817941952,0.8939456450953982,0.9895470383275261,0.9021809265711704,0.98021116895269,0.9982977123176536,0.0160412175728889,0.02126542873169368,0.0011213301559653832,0.004960317460317443,0.004960317460317443
1,RandomForestClassifier,gender_aware,15,0.5,8842,3790,0,0.978891820580475,0.9023515500599314,0.9888299357721307,0.8987211879817592,0.98021116895269,0.9982977123176536,0.0160412175728889,0.022809626194261967,0.0031936376077864592,0.012896825396825407,0.012896825396825407
1,RandomForestClassifier,gender_aware,15,0.525,8842,3790,0,0.9783641160949869,0.9020724543300961,0.9885474860335196,0.8966546953977121,0.98021116895269,0.9982977123176536,0.0160412175728889,0.021544604056374483,0.0018761145511330124,0.012896825396825407,0.012896825396825407
1,RandomForestClassifier,gender_aware,15,0.55,8842,3790,0,0.9770448548812665,0.9013747150055078,0.9878406708595387,0.8915673942532988,0.98021116895269,0.9982977123176536,0.0160412175728889,0.020552457902508592,0.0008683529685740154,0.012896825396825407,0.012896825396825407
1,RandomForestClassifier,gender_aware,15,0.575,8842,3790,0,0.9757255936675462,0.9052287978254803,0.9871256647075287,0.8875720489436261,0.98021116895269,0.9982977123176536,0.0160412175728889,0.020285881259146543,0.000313908641101035,0.0009920634920634885,0.0009920634920634885
1,RandomForestClassifier,gender_aware,15,0.6,8842,3790,0,0.974934036939314,0.9048101542307272,0.9867002659946801,0.884654480823427,0.98021116895269,0.9982977123176536,0.0160412175728889,0.020558757243168024,4.147167006474106e-06,0.0009920634920634885,0.0009920634920634885
1,RandomForestClassifier,gender_aware,15,0.625,8842,3790,0,0.9751978891820581,0.916329257457047,0.9868236613400617,0.8880306647507483,0.98021116895269,0.9982977123176536,0.0160412175728889,0.021377385195232246,0.0003531472212385811,0.012896825396825379,0.012896825396825379
1,RandomForestClassifier,gender_aware,15,0.65,8842,3790,0,0.974934036939314,0.9184656206644096,0.9866778852895807,0.8875482967650576,0.98021116895269,0.9982977123176536,0.0160412175728889,0.020565056583827457,0.001670670277892028,0.019841269841269826,0.019841269841269826
1,RandomForestClassifier,gender_aware,15,0.675,8842,3790,0,0.9741424802110817,0.9203228881419371,0.9862475442043221,0.8851942566836588,0.98021116895269,0.9982977123176536,0.0160412175728889,0.020658115025387835,0.002019670332124357,0.026785714285714274,0.026785714285714274
1,RandomForestClassifier,gender_aware,15,0.7,8842,3790,0,0.9738786279683377,0.9247351624215802,0.9860974582221598,0.8852055918561779,0.98021116895269,0.9982977123176536,0.0160412175728889,0.021836378062374373,0.001709908858029685,0.04067460317460317,0.04067460317460317
1,LogisticRegression,gender_blind,14,0.3,8842,3790,0,0.9519788918205805,0.9336358892839374,0.9740740740740741,0.8245370370370371,0.989515708235751,0.9993852324380736,0.04422426810842621,0.029576263397194325,0.006265412308153584,0.03472222222222221,0.03472222222222221
1,LogisticRegression,gender_blind,14,0.325,8842,3790,0,0.9514511873350924,0.9401845267709433,0.9737592698231603,0.8249078039256647,0.989515708235751,0.9993852324380736,0.04422426810842621,0.029942197822776073,0.006400673755132202,0.03273809523809523,0.03273809523809523
1,LogisticRegression,gender_blind,14,0.35,8842,3790,0,0.9482849604221636,0.9385099523919314,0.972,0.8170344827586207,0.989515708235751,0.9993852324380736,0.04422426810842621,0.028863292568009347,0.005353673592435659,0.03273809523809523,0.03273809523809523
1,LogisticRegression,gender_blind,14,0.375,8842,3790,0,0.946174142480211,0.9396694805448704,0.9708154506437768,0.812526369389685,0.989515708235751,0.9993852324380736,0.04422426810842621,0.02470859106942469,0.0017108658965696577,0.01686507936507936,0.01686507936507936
1,LogisticRegression,gender_blind,14,0.4,8842,3790,0,0.9456464379947229,0.9439422069595957,0.970504009163803,0.8124332126355928,0.989515708235751,0.9993852324380736,0.04422426810842621,0.025254343037467653,0.0036479119014123373,0.014880952380952384,0.014880952380952384
1,LogisticRegression,gender_blind,14,0.425,8842,3790,0,0.9435356200527705,0.9473776461848153,0.9693057946069994,0.8086660551982365,0.989515708235751,0.9993852324380736,0.04422426810842621,0.025260642378127085,0.003918434795369241,0.023809523809523808,0.023809523809523808
1,LogisticRegression,gender_blind,14,0.45,8842,3790,0,0.9393139841688655,0.9474207914184131,0.9669255104975554,0.7997566849612378,0.989515708235751,0.9993852324380736,0.04422426810842621,0.02255707990055056,0.0007206500205763078,0.016865079365079368,0.016865079365079368
1,LogisticRegression,gender_blind,14,0.475,8842,3790,0,0.9366754617414248,0.9483012238415167,0.9654278305963699,0.7946261410035141,0.989515708235751,0.9993852324380736,0.04422426810842621,0.02473378843206253,0.0026184574452813303,0.00992063492063492,0.00992063492063492
1,LogisticRegression,gender_blind,14,0.5,8842,3790,0,0.933245382585752,0.9464871015975871,0.96348679463126,0.7874269610637099,0.989515708235751,0.9993852324380736,0.04422426810842621,0.02627798589463093,0.004341764842870188,0.00992063492063492,0.00992063492063492
1,LogisticRegression,gender_blind,14,0.525,8842,3790,0,0.9300791556728232,0.9448125272185751,0.9616885933208038,0.7809951262229962,0.989515708235751,0.9993852324380736,0.04422426810842621,0.0284546944261429,0.006723833768785936,0.00992063492063492,0.00992063492063492
1,LogisticRegression,gender_blind,14,0.55,8842,3790,0,0.9284960422163588,0.9439752400290691,0.960787150918825,0.7778524693308624,0.989515708235751,0.9993852324380736,0.04422426810842621,0.029000446394185864,0.007343356716974947,0.00992063492063492,0.00992063492063492
1,LogisticRegression,gender_blind,14,0.575,8842,3790,0,0.9269129287598945,0.9454138639118435,0.9598725191945531,0.7753572344864936,0.989515708235751,0.9993852324380736,0.04422426810842621,0.02828117622434123,0.00730411813683729,0.025793650793650792,0.025793650793650792
1,LogisticRegression,gender_blind,14,0.6,8842,3790,0,0.9253298153034301,0.9514043099391787,0.9589319402118706,0.7740958685094186,0.989515708235751,0.9993852324380736,0.04422426810842621,0.029372680160426934,0.007090379529583579,0.00496031746031746,0.007090379529583579
1,LogisticRegression,gender_blind,14,0.625,8842,3790,0,0.9218997361477572,0.949590187695249,0.9569642337888922,0.7676559060682353,0.989515708235751,0.9993852324380736,0.04422426810842621,0.0320020822184216,0.009956709956709942,0.00496031746031746,0.009956709956709942
1,LogisticRegression,gender_blind,14,0.65,8842,3790,0,0.9195250659630607,0.94833425691099,0.9555976124617849,0.763312167693621,0.989515708235751,0.9993852324380736,0.04422426810842621,0.030650300979633394,0.008599948319918838,0.00496031746031746,0.008599948319918838
1,LogisticRegression,gender_blind,14,0.675,8842,3790,0,0.9155672823218998,0.9507928610817857,0.9532846715328467,0.7574642535746425,0.989515708235751,0.9993852324380736,0.04422426810842621,0.03274025041024453,0.009974255663275589,0.008928571428571428,0.009974255663275589
1,LogisticRegression,gender_blind,14,0.7,8842,3790,0,0.9108179419525066,0.9505569105855483,0.9505124450951684,0.7499228892142509,0.989515708235751,0.9993852324380736,0.04422426810842621,0.037453302558190904,0.014603132068128355,0.015873015873015872,0.015873015873015872
1,RandomForestClassifier,gender_blind,14,0.3,8842,3790,0,0.9804749340369393,0.8644983490206706,0.9897250763676756,0.89697894030024,0.9807868881635098,0.9984846992771018,0.016749287239512918,0.020979954066353335,0.002342830345778091,0.005952380952380931,0.005952380952380931
1,RandomForestClassifier,gender_blind,14,0.325,8842,3790,0,0.9804749340369393,0.8690501711652314,0.9897193664906918,0.8980010445018904,0.9807868881635098,0.9984846992771018,0.016749287239512918,0.021705523576857177,0.0021683303186619263,0.019841269841269826,0.019841269841269826
1,RandomForestClassifier,gender_blind,14,0.35,8842,3790,0,0.9802110817941952,0.8734624454448745,0.9895731961629362,0.8978873732752666,0.9807868881635098,0.9984846992771018,0.016749287239512918,0.022883786613843826,0.002478091792756487,0.03373015873015872,0.03373015873015872
1,RandomForestClassifier,gender_blind,14,0.375,8842,3790,0,0.9794195250659631,0.8844233572115235,0.9891364902506964,0.8970682451253482,0.9807868881635098,0.9984846992771018,0.016749287239512918,0.024427984076412113,0.004066137743366949,0.022817460317460292,0.022817460317460292
1,RandomForestClassifier,gender_blind,14,0.4,8842,3790,0,0.979155672823219,0.8933874536357275,0.9889834053827918,0.8979146855764815,0.9807868881635098,0.9984846992771018,0.016749287239512918,0.026331816623902715,0.004201399190345456,0.05059523809523808,0.05059523809523808
1,RandomForestClassifier,gender_blind,14,0.425,8842,3790,0,0.9794195250659631,0.898078823645206,0.9891183035714286,0.8998989576109571,0.9807868881635098,0.9984846992771018,0.016749287239512918,0.026604692607924196,0.0035426376620186772,0.06448412698412698,0.06448412698412698
1,RandomForestClassifier,gender_blind,14,0.45,8842,3790,0,0.9786279683377309,0.8999360911227334,0.9886918888733771,0.8972236422784152,0.9807868881635098,0.9984846992771018,0.016749287239512918,0.026697751049484464,0.0031936376077864592,0.07142857142857142,0.07142857142857142
1,RandomForestClassifier,gender_blind,14,0.475,8842,3790,0,0.9781002638522427,0.9019329064651784,0.9884062019835173,0.8956282791390271,0.9807868881635098,0.9984846992771018,0.016749287239512918,0.027423320559988418,0.00350339908188102,0.07837301587301587,0.07837301587301587
1,RandomForestClassifier,gender_blind,14,0.5,8842,3790,0,0.9781002638522427,0.9064847286097393,0.9883997204751922,0.8965528014140667,0.9807868881635098,0.9984846992771018,0.016749287239512918,0.027063685475066213,0.0033288990547649666,0.06944444444444442,0.06944444444444442
1,RandomForestClassifier,gender_blind,14,0.525,8842,3790,0,0.9773087071240105,0.9060660850149862,0.9879753914988815,0.8935204060298145,0.9807868881635098,0.9984846992771018,0.016749287239512918,0.027336561459087694,0.0036386605288594165,0.06944444444444442,0.06944444444444442
1,RandomForestClassifier,gender_blind,14,0.55,8842,3790,0,0.9767810026385224,0.9080629003574313,0.9876888640179071,0.8919925801571017,0.9807868881635098,0.9984846992771018,0.016749287239512918,0.026976926374165267,0.003948422002954088,0.05357142857142855,0.05357142857142855
1,RandomForestClassifier,gender_blind,14,0.575,8842,3790,0,0.9751978891820581,0.9117774353124861,0.9868310451106752,0.8870806809263783,0.9807868881635098,0.9984846992771018,0.016749287239512918,0.028248247852712294,0.005536467953564439,0.04464285714285712,0.04464285714285712
1,RandomForestClassifier,gender_blind,14,0.6,8842,3790,0,0.974934036939314,0.9161897095921292,0.9866816206364784,0.887076828215331,0.9807868881635098,0.9984846992771018,0.016749287239512918,0.02834130629427256,0.004703206398121718,0.05853174603174602,0.05853174603174602
1,RandomForestClassifier,gender_blind,14,0.625,8842,3790,0,0.974934036939314,0.9161897095921292,0.9866816206364784,0.887076828215331,0.9807868881635098,0.9984846992771018,0.016749287239512918,0.02834130629427256,0.004703206398121718,0.05853174603174602,0.05853174603174602
1,RandomForestClassifier,gender_blind,14,0.65,8842,3790,0,0.97467018469657,0.918326072799492,0.9865357643758765,0.8866012155212716,0.9807868881635098,0.9984846992771018,0.016749287239512918,0.02752897768286766,0.004528706371005553,0.042658730158730146,0.042658730158730146
1,RandomForestClassifier,gender_blind,14,0.675,8842,3790,0,0.9730870712401055,0.917488785609986,0.9856822010106682,0.8809989952421762,0.9807868881635098,0.9984846992771018,0.016749287239512918,0.028074729650910624,0.005148229319194675,0.042658730158730146,0.042658730158730146
1,RandomForestClassifier,gender_blind,14,0.7,8842,3790,0,0.9720316622691293,0.9192065052225957,0.9851081764540601,0.8778354735084153,0.9807868881635098,0.9984846992771018,0.016749287239512918,0.026450072428100935,0.0029974447070983956,0.049603174603174593,0.049603174603174593
2,LogisticRegression,gender_aware,15,0.3,8842,3790,0,0.9569920844327177,0.9362872987173732,0.9768433016053417,0.8377747007102494,0.9890640315715248,0.999349048610161,0.04263096815220586,0.030116064429665967,0.013157144294426826,0.023804485823106222,0.023804485823106222
2,LogisticRegression,gender_aware,15,0.325,8842,3790,0,0.9535620052770448,0.9344731764734434,0.9749501850270424,0.828630327170561,0.9890640315715248,0.999349048610161,0.04263096815220586,0.029416666475103326,0.012491965628590673,0.023804485823106222,0.023804485823106222
2,LogisticRegression,gender_aware,15,0.35,8842,3790,0,0.9506596306068602,0.9329381499593491,0.9733428367783321,0.8211846927254493,0.9890640315715248,0.999349048610161,0.04263096815220586,0.031086716151322857,0.014313517032867318,0.023804485823106222,0.023804485823106222
2,LogisticRegression,gender_aware,15,0.375,8842,3790,0,0.9480211081794195,0.9315426713101724,0.9718772305496074,0.8146342674487168,0.9890640315715248,0.999349048610161,0.04263096815220586,0.03230793279343114,0.015656370495545358,0.023804485823106222,0.023804485823106222
2,LogisticRegression,gender_aware,15,0.4,8842,3790,0,0.945910290237467,0.9349781105353918,0.9706849706849707,0.8107257902828602,0.9890640315715248,0.999349048610161,0.04263096815220586,0.031159701804757023,0.014703139989349467,0.0162928480744816,0.0162928480744816
2,LogisticRegression,gender_aware,15,0.425,8842,3790,0,0.9427440633245383,0.9355794472286603,0.9689067201604814,0.8039209141567798,0.9890640315715248,0.999349048610161,0.04263096815220586,0.029820098984637444,0.01288991933907635,0.023487092678798144,0.023487092678798144
2,LogisticRegression,gender_aware,15,0.45,8842,3790,0,0.9401055408970976,0.936459879651764,0.9674178268982345,0.7985539379189378,0.9890640315715248,0.999349048610161,0.04263096815220586,0.030849943795299928,0.014711470743353217,0.008781210325856964,0.014711470743353217
2,LogisticRegression,gender_aware,15,0.475,8842,3790,0,0.937467018469657,0.9350644010025874,0.9659335920655455,0.7927581282960152,0.9890640315715248,0.999349048610161,0.04263096815220586,0.02989308463807172,0.013758240237157326,0.008781210325856964,0.013758240237157326
2,LogisticRegression,gender_aware,15,0.5,8842,3790,0,0.9337730870712401,0.9353866419660204,0.963838063679585,0.7855184058617017,0.9890640315715248,0.999349048610161,0.04263096815220586,0.029451147886174533,0.012902415470082085,0.015975454930173508,0.015975454930173508
2,LogisticRegression,gender_aware,15,0.525,8842,3790,0,0.9329815303430079,0.9395198205158282,0.9633689068358812,0.7850900261733585,0.9890640315715248,0.999349048610161,0.04263096815220586,0.030414903325617137,0.014147863193639476,0.008463817181548879,0.014147863193639476
2,LogisticRegression,gender_aware,15,0.55,8842,3790,0,0.929023746701847,0.9374266025420632,0.9611215493568435,0.7770811982790269,0.9890640315715248,0.999349048610161,0.04263096815220586,0.02952413353960881,0.013292038426564012,0.008463817181548879,0.013292038426564012
2,LogisticRegression,gender_aware,15,0.575,8842,3790,0,0.9266490765171504,0.9384465828300846,0.9597568037058483,0.773033163757686,0.9890640315715248,0.999349048610161,0.04263096815220586,0.03228322111549664,0.01693097585811565,0.006242065171392294,0.01693097585811565
2,LogisticRegression,gender_aware,15,0.6,8842,3790,0,0.9240105540897098,0.937051104180908,0.9582487677587707,0.7679806888647226,0.9890640315715248,0.999349048610161,0.04263096815220586,0.03241539985793651,0.017125787336356835,0.006242065171392294,0.017125787336356835
2,LogisticRegression,gender_aware,15,0.625,8842,3790,0,0.9229551451187336,0.9387688237935177,0.9576320371445154,0.7666067162466763,0.9890640315715248,0.999349048610161,0.04263096815220586,0.03401936016293616,0.018371235059914226,0.0009521794329242494,0.018371235059914226
2,LogisticRegression,gender_aware,15,0.65,8842,3790,0,0.9203166226912929,0.9373733451443411,0.956117407730311,0.7617263256416598,0.9890640315715248,0.999349048610161,0.04263096815220586,0.03524057680504444,0.019714088522592044,0.0009521794329242494,0.019714088522592044
2,LogisticRegression,gender_aware,15,0.675,8842,3790,0,0.9182058047493403,0.9385328732972802,0.9548894062863795,0.7585181494708734,0.9890640315715248,0.999349048610161,0.04263096815220586,0.031016603948811228,0.014838034121486654,0.0081464240372408,0.014838034121486654
2,LogisticRegression,gender_aware,15,0.7,8842,3790,0,0.91688654353562,0.9423869561172525,0.954101704793822,0.7573855804303837,0.9890640315715248,0.999349048610161,0.04263096815220586,0.030699949657139736,0.014744793759368102,0.000634786288616164,0.014744793759368102
2,RandomForestClassifier,gender_aware,15,0.3,8842,3790,0,0.9781002638522427,0.8404833075136076,0.9884929987522528,0.8811674803025569,0.9773784147092888,0.997977314531362,0.01719373778523742,0.028251769471078103,0.0040243950110318005,0.2331781633516716,0.2331781633516716
2,RandomForestClassifier,gender_aware,15,0.325,8842,3790,0,0.9786279683377309,0.8498660475325646,0.9887609268766477,0.8858013749664739,0.9773784147092888,0.997977314531362,0.01719373778523742,0.029855729776077755,0.0038337489097926003,0.26195514176893775,0.26195514176893775
2,RandomForestClassifier,gender_aware,15,0.35,8842,3790,0,0.979155672823219,0.8546969654069607,0.9890353920888272,0.8891843627110803,0.9773784147092888,0.997977314531362,0.01719373778523742,0.02966435794463196,0.0038337489097926003,0.2544435040203131,0.2544435040203131
2,RandomForestClassifier,gender_aware,15,0.375,8842,3790,0,0.9775725593667546,0.8538596782174547,0.9881928045561884,0.882547845847648,0.9773784147092888,0.997977314531362,0.01719373778523742,0.03235735614929991,0.006705936559385783,0.2544435040203131,0.2544435040203131
2,RandomForestClassifier,gender_aware,15,0.4,8842,3790,0,0.9770448548812665,0.8558564935598998,0.9879082696316887,0.8809671218288313,0.9773784147092888,0.997977314531362,0.01719373778523742,0.03088557458674024,0.005845946415308667,0.23973762166737198,0.23973762166737198
2,RandomForestClassifier,gender_aware,15,0.425,8842,3790,0,0.9773087071240105,0.8628237746416587,0.9880389429763561,0.8837630612317677,0.9773784147092888,0.997977314531362,0.01719373778523742,0.03095166395796034,0.006803342298506321,0.21752010156580615,0.21752010156580615
2,RandomForestClassifier,gender_aware,15,0.45,8842,3790,0,0.9770448548812665,0.862684226776741,0.9878981777715955,0.8826958919548514,0.9773784147092888,0.997977314531362,0.01719373778523742,0.03140049699207159,0.007282040240105148,0.21752010156580615,0.21752010156580615
2,RandomForestClassifier,gender_aware,15,0.475,8842,3790,0,0.9773087071240105,0.865099685713939,0.9880356149137451,0.8843239299058522,0.9773784147092888,0.997977314531362,0.01719373778523742,0.031849330026182954,0.007282040240105148,0.2247143461701227,0.2247143461701227
2,RandomForestClassifier,gender_aware,15,0.5,8842,3790,0,0.9773087071240105,0.8696515078584999,0.9880289532293987,0.8854286180288408,0.9773784147092888,0.997977314531362,0.01719373778523742,0.03146658636329158,0.007091394138866058,0.21720270842149808,0.21720270842149808
2,RandomForestClassifier,gender_aware,15,0.525,8842,3790,0,0.9770448548812665,0.8695119599935821,0.9878880690519282,0.8843722461128658,0.9773784147092888,0.997977314531362,0.01719373778523742,0.03191541939740283,0.007570092080464885,0.21720270842149808,0.21720270842149808
2,RandomForestClassifier,gender_aware,15,0.55,8842,3790,0,0.9765171503957784,0.8692328642637468,0.9876061829828715,0.8822742694362979,0.9773784147092888,0.997977314531362,0.01719373778523742,0.030635009666288848,0.006231403994788831,0.21720270842149808,0.21720270842149808
2,RandomForestClassifier,gender_aware,15,0.575,8842,3790,0,0.9765171503957784,0.8715087753360272,0.9876027301852626,0.8828287965140776,0.9773784147092888,0.997977314531362,0.01719373778523742,0.03153267573451157,0.006710101936387658,0.2243969530258146,0.2243969530258146
2,RandomForestClassifier,gender_aware,15,0.6,8842,3790,0,0.9773087071240105,0.8787551521476213,0.988015607580825,0.887572160226056,0.9773784147092888,0.997977314531362,0.01719373778523742,0.03287917483684544,0.006710101936387658,0.24597968683876426,0.24597968683876426
2,RandomForestClassifier,gender_aware,15,0.625,8842,3790,0,0.9762532981530343,0.8804728717602311,0.9874476987447699,0.8839677518114093,0.9773784147092888,0.997977314531362,0.01719373778523742,0.03230505934250849,0.0056594656910713415,0.2531739314430808,0.2531739314430808
2,RandomForestClassifier,gender_aware,15,0.65,8842,3790,0,0.9759894459102902,0.8826092349675939,0.9873029161434352,0.8834819665462939,0.9773784147092888,0.997977314531362,0.01719373778523742,0.033651558444842355,0.006616861574268995,0.26036817604739737,0.26036817604739737
2,RandomForestClassifier,gender_aware,15,0.675,8842,3790,0,0.97467018469657,0.8819114956430056,0.9865959229265568,0.878465425578111,0.9773784147092888,0.997977314531362,0.01719373778523742,0.034806685715730645,0.007862309297826386,0.26036817604739737,0.26036817604739737
2,RandomForestClassifier,gender_aware,15,0.7,8842,3790,0,0.9744063324538259,0.8863237699226487,0.9864468352661729,0.8785662072311953,0.9773784147092888,0.997977314531362,0.01719373778523742,0.034872775086950636,0.008150361138186013,0.25285653829877275,0.25285653829877275
2,LogisticRegression,gender_blind,14,0.3,8842,3790,0,0.9564643799472295,0.9360082029875377,0.9765525081710956,0.8363425524280892,0.9891253787005464,0.9993522761318503,0.04266199580020094,0.025568540999547085,0.008374330255440099,0.023804485823106222,0.023804485823106222
2,LogisticRegression,gender_blind,14,0.325,8842,3790,0,0.9540897097625329,0.9347522722032787,0.9752418895845191,0.8300122491400856,0.9891253787005464,0.9993522761318503,0.04266199580020094,0.026340924607544003,0.0092384857765192,0.023804485823106222,0.023804485823106222
2,LogisticRegression,gender_blind,14,0.35,8842,3790,0,0.950395778364116,0.9327986020944314,0.9731964642144283,0.8205204935913131,0.9891253787005464,0.9993522761318503,0.04266199580020094,0.03044651128576581,0.01364417299002929,0.023804485823106222,0.023804485823106222
2,LogisticRegression,gender_blind,14,0.375,8842,3790,0,0.9485488126649076,0.9318217670400077,0.9721706864564007,0.8159282751653731,0.9891253787005464,0.9993522761318503,0.04266199580020094,0.029232190925871815,0.012402890643473885,0.023804485823106222,0.023804485823106222
2,LogisticRegression,gender_blind,14,0.4,8842,3790,0,0.9448548812664908,0.9344199190757212,0.9700958649306053,0.8082289815346766,0.9891253787005464,0.9993522761318503,0.04266199580020094,0.027509844442860865,0.010877721833560505,0.0162928480744816,0.0162928480744816
2,LogisticRegression,gender_blind,14,0.425,8842,3790,0,0.9422163588390501,0.9375762625711054,0.9686021505376344,0.8033093397316271,0.9891253787005464,0.9993522761318503,0.04266199580020094,0.026170241622741175,0.009733845226125526,0.008781210325856964,0.009733845226125526
2,LogisticRegression,gender_blind,14,0.45,8842,3790,0,0.9390501319261214,0.9359016881920934,0.966824644549763,0.7962162120641846,0.9891253787005464,0.9993522761318503,0.04266199580020094,0.02720008643340377,0.010886052587564254,0.008781210325856964,0.010886052587564254
2,LogisticRegression,gender_blind,14,0.475,8842,3790,0,0.9358839050131926,0.9342271138130813,0.9650410012947778,0.7893567486601074,0.9891253787005464,0.9993522761318503,0.04266199580020094,0.026051855444729766,0.009742175980129275,0.008781210325856964,0.009742175980129275
2,LogisticRegression,gender_blind,14,0.5,8842,3790,0,0.9350923482849605,0.9360843812906088,0.9645839331989634,0.7882856574512167,0.9891253787005464,0.9993522761318503,0.04266199580020094,0.026117944815949756,0.01050892576208784,0.005924672027084216,0.01050892576208784
2,LogisticRegression,gender_blind,14,0.525,8842,3790,0,0.9324538258575198,0.9392407247859929,0.9630698211194461,0.7840040463621922,0.9891253787005464,0.9993522761318503,0.04266199580020094,0.028045455694834853,0.011661133123526457,0.008463817181548879,0.011661133123526457
2,LogisticRegression,gender_blind,14,0.55,8842,3790,0,0.9298153034300791,0.9378452461368163,0.9615718000577868,0.7786582404544253,0.9891253787005464,0.9993522761318503,0.04266199580020094,0.028177634437274945,0.011855944601767532,0.008463817181548879,0.011855944601767532
2,LogisticRegression,gender_blind,14,0.575,8842,3790,0,0.9277044854881267,0.9390047742897554,0.9603587962962963,0.7750895777888667,0.9891253787005464,0.9993522761318503,0.04266199580020094,0.030487888979051414,0.015016184091720342,0.006242065171392294,0.015016184091720342
2,LogisticRegression,gender_blind,14,0.6,8842,3790,0,0.9245382585751979,0.9373301999107433,0.9585507246376812,0.7689812446717819,0.9891253787005464,0.9993522761318503,0.04266199580020094,0.03042869589004571,0.015020349468722216,0.006242065171392294,0.015020349468722216
2,LogisticRegression,gender_blind,14,0.625,8842,3790,0,0.9226912928759895,0.9363533648563196,0.9574931089511098,0.765500557386763,0.9891253787005464,0.9993522761318503,0.04266199580020094,0.0313924513294882,0.016075151091040407,0.006242065171392294,0.016075151091040407
2,LogisticRegression,gender_blind,14,0.65,8842,3790,0,0.9205804749340369,0.9375128930092587,0.9562690687200349,0.7622091398119544,0.9891253787005464,0.9993522761318503,0.04266199580020094,0.031524630071928295,0.015791264627682544,0.0009521794329242494,0.015791264627682544
2,LogisticRegression,gender_blind,14,0.675,8842,3790,0,0.9179419525065963,0.9383933254323624,0.9547373017028089,0.7580456607244651,0.9891253787005464,0.9993522761318503,0.04266199580020094,0.02928736118358588,0.014168690078648738,0.01375370292001693,0.014168690078648738
2,LogisticRegression,gender_blind,14,0.7,8842,3790,0,0.9158311345646438,0.9395528535853015,0.9535053199242093,0.7549167767910336,0.9891253787005464,0.9993522761318503,0.04266199580020094,0.028330502026357562,0.012736761630854021,0.00655945831570038,0.012736761630854021
2,RandomForestClassifier,gender_blind,14,0.3,8842,3790,0,0.9804749340369393,0.8644983490206706,0.9897250763676756,0.89697894030024,0.978210308744595,0.9980272535781316,0.016363242366701603,0.020120478050283164,0.0033550509681937735,0.06421921286500212,0.06421921286500212
2,RandomForestClassifier,gender_blind,14,0.325,8842,3790,0,0.9810026385224274,0.8716051779673472,0.9899972214504029,0.9007577730288664,0.978210308744595,0.9980272535781316,0.016363242366701603,0.018648696487723493,0.0026857069253557464,0.04200169276343632,0.04200169276343632
2,RandomForestClassifier,gender_blind,14,0.35,8842,3790,0,0.9815303430079155,0.8832638290585845,0.9902642559109874,0.905388538211904,0.978210308744595,0.9980272535781316,0.016363242366701603,0.020061284961277348,0.004121800750152338,0.03417266187050361,0.03417266187050361
2,RandomForestClassifier,gender_blind,14,0.375,8842,3790,0,0.9815303430079155,0.8878156512031453,0.9902588366267743,0.9062969310037425,0.978210308744595,0.9980272535781316,0.016363242366701603,0.020767579198054276,0.003931154648913249,0.048561151079136694,0.048561151079136694
2,RandomForestClassifier,gender_blind,14,0.4,8842,3790,0,0.979155672823219,0.8865597204188863,0.9889926152988714,0.8964814193119668,0.978210308744595,0.9980272535781316,0.016363242366701603,0.021539962806051194,0.00479531016999224,0.048561151079136694,0.048561151079136694
2,RandomForestClassifier,gender_blind,14,0.425,8842,3790,0,0.9786279683377309,0.8908324468336117,0.9887045042532422,0.8953302472366456,0.978210308744595,0.9980272535781316,0.016363242366701603,0.022054885211382547,0.005562059951950804,0.041049513330512044,0.041049513330512044
2,RandomForestClassifier,gender_blind,14,0.45,8842,3790,0,0.9786279683377309,0.8931083579058922,0.9887013530478449,0.895810530538521,0.978210308744595,0.9980272535781316,0.016363242366701603,0.02186351337993686,0.004892715909112777,0.0482437579348286,0.0482437579348286
2,RandomForestClassifier,gender_blind,14,0.475,8842,3790,0,0.9783641160949869,0.8952447211132548,0.9885570750767513,0.8952447211132548,0.978210308744595,0.9980272535781316,0.016363242366701603,0.021031936682934127,0.003554027823436723,0.05543800253914516,0.05543800253914516
2,RandomForestClassifier,gender_blind,14,0.5,8842,3790,0,0.9783641160949869,0.8952447211132548,0.9885570750767513,0.8952447211132548,0.978210308744595,0.9980272535781316,0.016363242366701603,0.021031936682934127,0.003554027823436723,0.05543800253914516,0.05543800253914516
2,RandomForestClassifier,gender_blind,14,0.525,8842,3790,0,0.9781002638522427,0.8996569953928981,0.9884094400223432,0.895159373949119,0.978210308744595,0.9980272535781316,0.016363242366701603,0.02000898815448593,0.0026940376793594956,0.04792636479052051,0.04792636479052051
2,RandomForestClassifier,gender_blind,14,0.55,8842,3790,0,0.9778364116094986,0.9017933586002607,0.9882648784576697,0.894606372878124,0.978210308744595,0.9980272535781316,0.016363242366701603,0.020266449357151606,0.0025033915781202953,0.05512060939483707,0.05512060939483707
2,RandomForestClassifier,gender_blind,14,0.575,8842,3790,0,0.9775725593667546,0.9016538107353431,0.9881235154394299,0.8935889444809443,0.978210308744595,0.9980272535781316,0.016363242366701603,0.020715282391262857,0.002982089519719233,0.05512060939483707,0.05512060939483707
2,RandomForestClassifier,gender_blind,14,0.6,8842,3790,0,0.9770448548812665,0.9013747150055078,0.9878406708595387,0.8915673942532988,0.978210308744595,0.9980272535781316,0.016363242366701603,0.02161294845948547,0.003939485402916887,0.05512060939483707,0.05512060939483707
2,RandomForestClassifier,gender_blind,14,0.625,8842,3790,0,0.9765171503957784,0.9033715303479528,0.9875541882254231,0.8900474903831078,0.978210308744595,0.9980272535781316,0.016363242366701603,0.023408280595930697,0.005375579227713478,0.062314853999153624,0.062314853999153624
2,RandomForestClassifier,gender_blind,14,0.65,8842,3790,0,0.9767810026385224,0.9103388114297117,0.987685418415897,0.8924602207286858,0.978210308744595,0.9980272535781316,0.016363242366701603,0.023474369967150688,0.004036891142037424,0.08389758781210324,0.08389758781210324
2,RandomForestClassifier,gender_blind,14,0.675,8842,3790,0,0.9767810026385224,0.9148906335742725,0.9876785214225707,0.8933826397067192,0.978210308744595,0.9980272535781316,0.016363242366701603,0.024180664203927726,0.003846245040798224,0.09828607702073634,0.09828607702073634
2,RandomForestClassifier,gender_blind,14,0.7,8842,3790,0,0.9759894459102902,0.9144719899795195,0.9872531166830089,0.8904519551669012,0.978210308744595,0.9980272535781316,0.016363242366701603,0.024438125406593403,0.004134296881157962,0.09828607702073634,0.09828607702073634
3,LogisticRegression,gender_aware,15,0.3,8842,3790,0,0.9622691292875989,0.9276987006543245,0.9797708303861933,0.8499636930795937,0.9895163823800259,0.9993729428997213,0.03956388936081317,0.025677931947722943,0.00534561976557435,0.03707285622179238,0.03707285622179238
3,LogisticRegression,gender_aware,15,0.325,8842,3790,0,0.9596306068601583,0.9308550441497085,0.9783132530120482,0.8434423407917384,0.9895163823800259,0.9993729428997213,0.03956388936081317,0.025496330885156238,0.005422569614069395,0.029013539651837533,0.029013539651837533
3,LogisticRegression,gender_aware,15,0.35,8842,3790,0,0.9575197889182058,0.9365663944472085,0.9771339298395114,0.8392163155691064,0.9895163823800259,0.9993729428997213,0.03956388936081317,0.027485922337188495,0.006160457995280866,0.05029013539651837,0.05029013539651837
3,LogisticRegression,gender_aware,15,0.375,8842,3790,0,0.9538258575197889,0.9437163686274828,0.9750676734577575,0.8315623572279875,0.9895163823800259,0.9993729428997213,0.03956388936081317,0.027665804777711966,0.006847897928101365,0.034171502256608643,0.034171502256608643
3,LogisticRegression,gender_aware,15,0.4,8842,3790,0,0.9498680738786279,0.9461749727982784,0.9728571428571429,0.8226354679802956,0.9895163823800259,0.9993729428997213,0.03956388936081317,0.025403238857815147,0.004764185433170143,0.02611218568665377,0.02611218568665377
3,LogisticRegression,gender_aware,15,0.425,8842,3790,0,0.9472295514511874,0.9493313162936626,0.9713713140566848,0.8173354886781741,0.9895163823800259,0.9993729428997213,0.03956388936081317,0.020879252766050627,0.0014090443211969284,0.004190844616376532,0.004190844616376532
3,LogisticRegression,gender_aware,15,0.45,8842,3790,0,0.9443271767810026,0.9477962897795683,0.9697491039426523,0.81049438668207,0.9895163823800259,0.9993729428997213,0.03956388936081317,0.019340799600363168,0.00014112793790377332,0.004190844616376532,0.004190844616376532
3,LogisticRegression,gender_aware,15,0.475,8842,3790,0,0.9414248021108179,0.9485371743377544,0.9681126113185866,0.8044446551738564,0.9895163823800259,0.9993729428997213,0.03956388936081317,0.01762131824612334,0.0023522387297209013,0.0029013539651837547,0.0029013539651837547
3,LogisticRegression,gender_aware,15,0.5,8842,3790,0,0.9393139841688655,0.9474207914184131,0.9669255104975554,0.7997566849612378,0.9895163823800259,0.9993729428997213,0.03956388936081317,0.019068398006513054,0.0007755650705160155,0.0029013539651837547,0.0029013539651837547
3,LogisticRegression,gender_aware,15,0.525,8842,3790,0,0.9361477572559367,0.9457462170394011,0.9651397291846731,0.7929146921785435,0.9895163823800259,0.9993729428997213,0.03956388936081317,0.02123901764709757,0.001589445418291091,0.0029013539651837547,0.0029013539651837547
3,LogisticRegression,gender_aware,15,0.55,8842,3790,0,0.9337730870712401,0.9467661973274224,0.9637858894820373,0.7885185225530371,0.9895163823800259,0.9993729428997213,0.03956388936081317,0.0229573532533085,0.0029882723322189886,0.009993552546744035,0.009993552546744035
3,LogisticRegression,gender_aware,15,0.575,8842,3790,0,0.9300791556728232,0.9448125272185751,0.9616885933208038,0.7809951262229962,0.9895163823800259,0.9993729428997213,0.03956388936081317,0.024946944705340757,0.005175436075749329,0.009993552546744035,0.009993552546744035
3,LogisticRegression,gender_aware,15,0.6,8842,3790,0,0.9284960422163588,0.9485270621736299,0.9607644418705661,0.779044925244347,0.9895163823800259,0.9993729428997213,0.03956388936081317,0.02729859253447775,0.00789614005511019,0.0019342359767891698,0.00789614005511019
3,LogisticRegression,gender_aware,15,0.625,8842,3790,0,0.9266490765171504,0.9498261381914866,0.9596984633227023,0.7760369149458086,0.9895163823800259,0.9993729428997213,0.03956388936081317,0.029197956329241048,0.009472813714314854,0.009026434558349453,0.009472813714314854
3,LogisticRegression,gender_aware,15,0.65,8842,3790,0,0.925065963060686,0.951264762074261,0.9587808417997097,0.7735933194505795,0.9895163823800259,0.9993729428997213,0.03956388936081317,0.03064503608963076,0.011710425906236166,0.006125080593165699,0.011710425906236166
3,LogisticRegression,gender_aware,15,0.675,8842,3790,0,0.9221635883905013,0.9497297355601667,0.9571158598633522,0.7681442352098502,0.9895163823800259,0.9993729428997213,0.03956388936081317,0.03236337169584169,0.013592344607603724,0.006125080593165699,0.013592344607603724
3,LogisticRegression,gender_aware,15,0.7,8842,3790,0,0.9195250659630607,0.94833425691099,0.9555976124617849,0.763312167693621,0.9895163823800259,0.9993729428997213,0.03956388936081317,0.030372634495780648,0.011559080561063362,0.006125080593165699,0.011559080561063362
3,RandomForestClassifier,gender_aware,15,0.3,8842,3790,0,0.9804749340369393,0.8599465268761097,0.9897307799056342,0.8959349086693946,0.9806311608359928,0.9983183275050895,0.016598465741121785,0.023422813390013508,0.004780469426005185,0.06286266924564798,0.06286266924564798
3,RandomForestClassifier,gender_aware,15,0.325,8842,3790,0,0.9799472295514512,0.861943342218555,0.9894473757289641,0.8941945873353816,0.9806311608359928,0.9983183275050895,0.016598465741121785,0.021975160755609346,0.002797653827855795,0.06995486782720825,0.06995486782720825
3,RandomForestClassifier,gender_aware,15,0.35,8842,3790,0,0.978891820580475,0.865936972903445,0.9888796219071448,0.8908128679483911,0.9806311608359928,0.9983183275050895,0.016598465741121785,0.019079855486801134,2.394704828678762e-05,0.061895551257253406,0.061895551257253406
3,RandomForestClassifier,gender_aware,15,0.375,8842,3790,0,0.9783641160949869,0.8656578771736096,0.9885984427141268,0.8886291182642798,0.9806311608359928,0.9983183275050895,0.016598465741121785,0.019984423555548303,0.0009422365265924215,0.061895551257253406,0.061895551257253406
3,RandomForestClassifier,gender_aware,15,0.4,8842,3790,0,0.978891820580475,0.8727647061202862,0.9888703394546466,0.8923943534007928,0.9806311608359928,0.9983183275050895,0.016598465741121785,0.020707963435743104,0.0014253283140319706,0.06092843326885883,0.06092843326885883
3,RandomForestClassifier,gender_aware,15,0.425,8842,3790,0,0.979155672823219,0.8774560761297647,0.9890048712595686,0.8945024356297844,0.9806311608359928,0.9983183275050895,0.016598465741121785,0.022064815538863858,0.0019084201014716307,0.07511283043197939,0.07511283043197939
3,RandomForestClassifier,gender_aware,15,0.45,8842,3790,0,0.978891820580475,0.877316528264847,0.9888641425389755,0.8934219702593867,0.9806311608359928,0.9983183275050895,0.016598465741121785,0.022517099573237442,0.0023915118889112907,0.07511283043197939,0.07511283043197939
3,RandomForestClassifier,gender_aware,15,0.475,8842,3790,0,0.9781002638522427,0.8791737957423744,0.9884385011840089,0.8907279787715556,0.9806311608359928,0.9983183275050895,0.016598465741121785,0.022607327230506402,0.002035818398357536,0.08220502901353968,0.08220502901353968
3,RandomForestClassifier,gender_aware,15,0.5,8842,3790,0,0.9775725593667546,0.8788947000125391,0.9881566113975199,0.8886192486267996,0.9806311608359928,0.9983183275050895,0.016598465741121785,0.022426299041954145,0.001857971653080659,0.08220502901353968,0.08220502901353968
3,RandomForestClassifier,gender_aware,15,0.525,8842,3790,0,0.9770448548812665,0.8808915153549841,0.9878711836051861,0.8870559849229862,0.9806311608359928,0.9983183275050895,0.016598465741121785,0.02206424266484952,0.0010191863750874663,0.08929722759509995,0.08929722759509995
3,RandomForestClassifier,gender_aware,15,0.55,8842,3790,0,0.9767810026385224,0.8807519674900665,0.9877300613496932,0.8860218934199446,0.9806311608359928,0.9983183275050895,0.016598465741121785,0.022516526699223105,0.0015022781625271264,0.08929722759509995,0.08929722759509995
3,RandomForestClassifier,gender_aware,15,0.575,8842,3790,0,0.9770448548812665,0.885443337499545,0.9878644162365742,0.8880927920598929,0.9806311608359928,0.9983183275050895,0.016598465741121785,0.022787782545044433,0.0008413396298105891,0.10348162475822054,0.10348162475822054
3,RandomForestClassifier,gender_aware,15,0.6,8842,3790,0,0.9767810026385224,0.8875797007069077,0.9877197878872453,0.8875797007069077,0.9806311608359928,0.9983183275050895,0.016598465741121785,0.02305903839086565,0.0006634928845337118,0.1105738233397808,0.1105738233397808
3,RandomForestClassifier,gender_aware,15,0.625,8842,3790,0,0.9767810026385224,0.889855611779188,0.9877163595756561,0.8880889490185973,0.9806311608359928,0.9983183275050895,0.016598465741121785,0.022878010202313392,0.0011465846719733719,0.09542230818826561,0.09542230818826561
3,RandomForestClassifier,gender_aware,15,0.65,8842,3790,0,0.9770448548812665,0.896822892860947,0.9878474647297109,0.8905983166878958,0.9806311608359928,0.9983183275050895,0.016598465741121785,0.021882641602282815,0.0009687379266964946,0.07221147646679563,0.07221147646679563
3,RandomForestClassifier,gender_aware,15,0.675,8842,3790,0,0.9770448548812665,0.9013747150055078,0.9878406708595387,0.8915673942532988,0.9806311608359928,0.9983183275050895,0.016598465741121785,0.022606181482477727,0.0007908911814196173,0.08639587362991619,0.08639587362991619
3,RandomForestClassifier,gender_aware,15,0.7,8842,3790,0,0.9765171503957784,0.9010956192756724,0.987557668111282,0.889563377381168,0.9806311608359928,0.9983183275050895,0.016598465741121785,0.02242515329392536,0.0006130444361427401,0.08639587362991619,0.08639587362991619
3,LogisticRegression,gender_blind,14,0.3,8842,3790,0,0.9620052770448548,0.9275591527894067,0.9796264855687606,0.8491882427843803,0.9895298652655253,0.9993735391657652,0.039627110326568384,0.023959023467497564,0.003540650912701837,0.03707285622179238,0.03707285622179238
3,LogisticRegression,gender_blind,14,0.325,8842,3790,0,0.9591029023746702,0.9283000373475928,0.9780297661233168,0.8413958354426108,0.9895298652655253,0.9993735391657652,0.039627110326568384,0.022239542113257738,0.0024735704410407955,0.02192134107027724,0.02192134107027724
3,LogisticRegression,gender_blind,14,0.35,8842,3790,0,0.9575197889182058,0.9411182165917693,0.9771209322154327,0.8403100057025599,0.9895298652655253,0.9993735391657652,0.039627110326568384,0.02386707718818537,0.0036945506096919267,0.01998710509348807,0.01998710509348807
3,LogisticRegression,gender_blind,14,0.375,8842,3790,0,0.9540897097625329,0.94158000542012,0.9752207348333808,0.8316963889220668,0.9895298652655253,0.9993735391657652,0.039627110326568384,0.02413776015999225,0.0035936537129099833,0.027079303675048363,0.027079303675048363
3,LogisticRegression,gender_blind,14,0.4,8842,3790,0,0.9509234828496043,0.9490090753302296,0.9734361610968295,0.8258184265691759,0.9895298652655253,0.9993735391657652,0.039627110326568384,0.022327478274469015,0.002170879750695298,0.01096067053513862,0.01096067053513862
3,LogisticRegression,gender_blind,14,0.425,8842,3790,0,0.9469656992084433,0.949191768428745,0.9712240515390121,0.816704462744296,0.9895298652655253,0.9993735391657652,0.039627110326568384,0.019160344285825248,0.0003959245316755844,0.004190844616376532,0.004190844616376532
3,LogisticRegression,gender_blind,14,0.45,8842,3790,0,0.9437994722955145,0.947517194049733,0.969453606768966,0.8092737556085356,0.9895298652655253,0.9993735391657652,0.039627110326568384,0.018074175154511374,0.001463005003336626,0.004190844616376532,0.004190844616376532
3,LogisticRegression,gender_blind,14,0.475,8842,3790,0,0.9411609498680739,0.9461217154005563,0.9679735746086457,0.803273659265425,0.9895298652655253,0.9993735391657652,0.039627110326568384,0.01608343795445022,0.0034962690498768767,0.004190844616376532,0.004190844616376532
3,LogisticRegression,gender_blind,14,0.5,8842,3790,0,0.9393139841688655,0.9474207914184131,0.9669255104975554,0.7997566849612378,0.9895298652655253,0.9993735391657652,0.039627110326568384,0.017982801749213517,0.001919595390672213,0.0029013539651837547,0.0029013539651837547
3,LogisticRegression,gender_blind,14,0.525,8842,3790,0,0.9358839050131926,0.9456066691744833,0.9649906353551362,0.7923544726071455,0.9895298652655253,0.9993735391657652,0.039627110326568384,0.018434512909572653,0.001359553754737508,0.0029013539651837547,0.0029013539651837547
3,LogisticRegression,gender_blind,14,0.55,8842,3790,0,0.9329815303430079,0.9463475537326695,0.9633371824480369,0.7868833151503989,0.9895298652655253,0.9993735391657652,0.039627110326568384,0.019971820327231327,0.00013857358608648784,0.009993552546744035,0.009993552546744035
3,LogisticRegression,gender_blind,14,0.575,8842,3790,0,0.9298153034300791,0.9446729793536575,0.9615384615384616,0.7804680259499537,0.9895298652655253,0.9993735391657652,0.039627110326568384,0.024313632482414915,0.004514497543032903,0.009993552546744035,0.009993552546744035
3,LogisticRegression,gender_blind,14,0.6,8842,3790,0,0.9284960422163588,0.9485270621736299,0.9607644418705661,0.779044925244347,0.9895298652655253,0.9993735391657652,0.039627110326568384,0.025127400019878676,0.005608079414798017,0.0019342359767891698,0.005608079414798017
3,LogisticRegression,gender_blind,14,0.625,8842,3790,0,0.9271767810026386,0.9523811449936024,0.9599884024354886,0.7776481601620258,0.9895298652655253,0.9993735391657652,0.039627110326568384,0.027026763814642085,0.007845691606719218,0.006125080593165699,0.007845691606719218
3,LogisticRegression,gender_blind,14,0.65,8842,3790,0,0.925065963060686,0.951264762074261,0.9587808417997097,0.7735933194505795,0.9895298652655253,0.9993735391657652,0.039627110326568384,0.0284738435750318,0.009422365265923993,0.006125080593165699,0.009422365265923993
3,LogisticRegression,gender_blind,14,0.675,8842,3790,0,0.9213720316622691,0.9493110919654137,0.9566608493310064,0.7666826973927758,0.9895298652655253,0.9993735391657652,0.039627110326568384,0.030463435027064056,0.011609529009454334,0.006125080593165699,0.011609529009454334
3,LogisticRegression,gender_blind,14,0.7,8842,3790,0,0.9195250659630607,0.94833425691099,0.9555976124617849,0.763312167693621,0.9895298652655253,0.9993735391657652,0.039627110326568384,0.030372634495780648,0.011559080561063362,0.006125080593165699,0.011559080561063362
3,RandomForestClassifier,gender_blind,14,0.3,8842,3790,0,0.9794195250659631,0.863940157561,0.9891636565712698,0.8924875874479385,0.9688700398149609,0.9968385856016828,0.017807649332334287,0.01944191186390576,0.0019588685498626024,0.03255963894261771,0.03255963894261771
3,RandomForestClassifier,gender_blind,14,0.325,8842,3790,0,0.979155672823219,0.868352431840643,0.9890170999582928,0.8924413665166141,0.9688700398149609,0.9968385856016828,0.017807649332334287,0.01844654326387518,2.394704828678762e-05,0.04674403610573827,0.04674403610573827
3,RandomForestClassifier,gender_blind,14,0.35,8842,3790,0,0.9786279683377309,0.8680733361108077,0.9887359198998749,0.8902548494100917,0.9688700398149609,0.9968385856016828,0.017807649332334287,0.017179918818023387,0.0013458241137197513,0.04674403610573827,0.04674403610573827
3,RandomForestClassifier,gender_blind,14,0.375,8842,3790,0,0.9781002638522427,0.8700701514532528,0.9884513705301239,0.8886277208884716,0.9688700398149609,0.9968385856016828,0.017807649332334287,0.01790345869821819,0.0010405790715569685,0.053836234687298534,0.053836234687298534
3,RandomForestClassifier,gender_blind,14,0.4,8842,3790,0,0.9778364116094986,0.8767583368051763,0.9883008356545961,0.8891504178272981,0.9688700398149609,0.9968385856016828,0.017807649332334287,0.019983850681533855,0.0002522422419545256,0.07511283043197939,0.07511283043197939
3,RandomForestClassifier,gender_blind,14,0.425,8842,3790,0,0.9770448548812665,0.8786156042827038,0.9878745644599303,0.8865298748225577,0.9688700398149609,0.9968385856016828,0.017807649332334287,0.020074078338802814,0.0006079357325082801,0.08220502901353968,0.08220502901353968
3,RandomForestClassifier,gender_blind,14,0.45,8842,3790,0,0.9770448548812665,0.8786156042827038,0.9878745644599303,0.8865298748225577,0.9688700398149609,0.9968385856016828,0.017807649332334287,0.020074078338802814,0.0006079357325082801,0.08220502901353968,0.08220502901353968
3,RandomForestClassifier,gender_blind,14,0.475,8842,3790,0,0.9757255936675462,0.8801937760303958,0.9871651785714286,0.881932103848821,0.9688700398149609,0.9968385856016828,0.017807649332334287,0.019983277807519517,0.001141475968338801,0.08929722759509995,0.08929722759509995
3,RandomForestClassifier,gender_blind,14,0.5,8842,3790,0,0.9754617414248021,0.884606050310039,0.9870166131509144,0.8819975152085507,0.9688700398149609,0.9968385856016828,0.017807649332334287,0.020073505464788477,0.0019802612463321045,0.10348162475822054,0.10348162475822054
3,RandomForestClassifier,gender_blind,14,0.525,8842,3790,0,0.9751978891820581,0.8844665024451213,0.9868751745322536,0.8809973958785671,0.9688700398149609,0.9968385856016828,0.017807649332334287,0.02052578949916206,0.0014971694588924445,0.10348162475822054,0.10348162475822054
3,RandomForestClassifier,gender_blind,14,0.55,8842,3790,0,0.9751978891820581,0.8844665024451213,0.9868751745322536,0.8809973958785671,0.9688700398149609,0.9968385856016828,0.017807649332334287,0.02052578949916206,0.0014971694588924445,0.10348162475822054,0.10348162475822054
3,RandomForestClassifier,gender_blind,14,0.575,8842,3790,0,0.974934036939314,0.886602865652484,0.9867299902220981,0.8805383917856333,0.9688700398149609,0.9968385856016828,0.017807649332334287,0.02079704534498339,0.0016750162041693217,0.1105738233397808,0.1105738233397808
3,RandomForestClassifier,gender_blind,14,0.6,8842,3790,0,0.9744063324538259,0.8863237699226487,0.9864468352661729,0.8785662072311953,0.9688700398149609,0.9968385856016828,0.017807649332334287,0.02061601715643102,0.001852862949446199,0.1105738233397808,0.1105738233397808
3,RandomForestClassifier,gender_blind,14,0.625,8842,3790,0,0.974934036939314,0.8911546877970449,0.986722571628232,0.8815965799317631,0.9688700398149609,0.9968385856016828,0.017807649332334287,0.019349392710579227,0.001852862949446199,0.08027079303675047,0.08027079303675047
3,RandomForestClassifier,gender_blind,14,0.65,8842,3790,0,0.974934036939314,0.8934305988693252,0.9867188592199078,0.8821182118113591,0.9688700398149609,0.9968385856016828,0.017807649332334287,0.020253960779326396,0.00136977116200665,0.08736299161831076,0.08736299161831076
3,RandomForestClassifier,gender_blind,14,0.675,8842,3790,0,0.974934036939314,0.8957065099416056,0.9867151447350021,0.8826349616448903,0.9688700398149609,0.9968385856016828,0.017807649332334287,0.021158528848073566,0.0008866793745669899,0.09445519019987103,0.09445519019987103
3,RandomForestClassifier,gender_blind,14,0.7,8842,3790,0,0.974934036939314,0.897982421013886,0.9867114281717723,0.8831468973805496,0.9688700398149609,0.9968385856016828,0.017807649332334287,0.022063096916820735,0.0004035875871273298,0.10154738878143132,0.10154738878143132
4,LogisticRegression,gender_aware,15,0.3,8842,3790,0,0.9551451187335093,0.944414107952071,0.9757972665148064,0.8350209354156766,0.9909799496009739,0.9994647381540961,0.04241888547654349,0.033699855699855674,0.01739883477848947,0.030681337283114687,0.030681337283114687
4,LogisticRegression,gender_aware,15,0.325,8842,3790,0,0.9532981530343008,0.9457131839699278,0.9747683535281539,0.8307470086224841,0.9909799496009739,0.9994647381540961,0.04241888547654349,0.03660606060606053,0.02003545095050774,0.03787558188743124,0.03787558188743124
4,LogisticRegression,gender_aware,15,0.35,8842,3790,0,0.9493403693931398,0.9481717881407236,0.9725557461406518,0.8218943114264903,0.9909799496009739,0.9994647381540961,0.04241888547654349,0.02973737373737373,0.013098765781723087,0.030363944138806602,0.030363944138806602
4,LogisticRegression,gender_aware,15,0.375,8842,3790,0,0.9456464379947229,0.9462181180318763,0.970495560011458,0.8130069773301437,0.9909799496009739,0.9994647381540961,0.04241888547654349,0.02720923520923524,0.010506238028546111,0.030363944138806602,0.030363944138806602
4,LogisticRegression,gender_aware,15,0.4,8842,3790,0,0.945910290237467,0.9509094880413547,0.9706261642069064,0.8147639972448841,0.9909799496009739,0.9994647381540961,0.04241888547654349,0.026354978354978353,0.010979947171132598,0.0009521794329242494,0.010979947171132598
4,LogisticRegression,gender_aware,15,0.425,8842,3790,0,0.941952506596306,0.9488162700675897,0.9684089603676048,0.8056330516123739,0.9909799496009739,0.9994647381540961,0.04241888547654349,0.025365079365079368,0.010014185529215514,0.0009521794329242494,0.010014185529215514
4,LogisticRegression,gender_aware,15,0.45,8842,3790,0,0.9390501319261214,0.9472812435534954,0.9667769308212283,0.7991779390948246,0.9909799496009739,0.9994647381540961,0.04241888547654349,0.022597402597402616,0.007153587316952592,0.0009521794329242494,0.007153587316952592
4,LogisticRegression,gender_aware,15,0.475,8842,3790,0,0.9369393139841689,0.9461648606341541,0.9655867530597552,0.7946044001519248,0.9909799496009739,0.9994647381540961,0.04241888547654349,0.023965367965367967,0.008637146520297456,0.0009521794329242494,0.008637146520297456
4,LogisticRegression,gender_aware,15,0.5,8842,3790,0,0.9356200527704486,0.9477430323818461,0.9648313635053329,0.7923845291046914,0.9909799496009739,0.9994647381540961,0.04241888547654349,0.02488888888888896,0.009173287438469346,0.0081464240372408,0.009173287438469346
4,LogisticRegression,gender_aware,15,0.525,8842,3790,0,0.9340369393139841,0.9469057451923402,0.963935372186959,0.7890664515255783,0.9909799496009739,0.9994647381540961,0.04241888547654349,0.025367965367965373,0.009709428356641125,0.0081464240372408,0.009709428356641125
4,LogisticRegression,gender_aware,15,0.55,8842,3790,0,0.9308707124010555,0.9475070818856085,0.9621277825961261,0.7831786949234407,0.9909799496009739,0.9994647381540961,0.04241888547654349,0.027215007215007136,0.012408476304244798,0.00655945831570038,0.012408476304244798
4,LogisticRegression,gender_aware,15,0.575,8842,3790,0,0.9269129287598945,0.9454138639118435,0.9598725191945531,0.7753572344864936,0.9909799496009739,0.9994647381540961,0.04241888547654349,0.03278787878787881,0.018361056474368254,0.00655945831570038,0.018361056474368254
4,LogisticRegression,gender_aware,15,0.6,8842,3790,0,0.925065963060686,0.9444370288574198,0.9588167053364269,0.7718060134869269,0.9909799496009739,0.9994647381540961,0.04241888547654349,0.03480519480519484,0.020523963503800036,0.00655945831570038,0.020523963503800036
4,LogisticRegression,gender_aware,15,0.625,8842,3790,0,0.9216358839050132,0.9448988176857706,0.9568376689434676,0.7659724825404033,0.9909799496009739,0.9994647381540961,0.04241888547654349,0.03490909090909089,0.02023754968796987,0.000634786288616164,0.02023754968796987
4,LogisticRegression,gender_aware,15,0.65,8842,3790,0,0.9179419525065963,0.9474969697214841,0.9546845402885036,0.7604663984566646,0.9909799496009739,0.9994647381540961,0.04241888547654349,0.03634632034632035,0.020898554157312565,0.015023275497249258,0.020898554157312565
4,LogisticRegression,gender_aware,15,0.675,8842,3790,0,0.9150395778364117,0.9459619432073897,0.9530064214827787,0.7553493645875432,0.9909799496009739,0.9994647381540961,0.04241888547654349,0.036860028860028926,0.02149712685106997,0.015023275497249258,0.02149712685106997
4,LogisticRegression,gender_aware,15,0.7,8842,3790,0,0.9110817941952507,0.9484205473781855,0.9506805210010244,0.7497713180640999,0.9909799496009739,0.9994647381540961,0.04241888547654349,0.038741702741702744,0.023784897431672558,0.007511637748624629,0.023784897431672558
4,RandomForestClassifier,gender_aware,15,0.3,8842,3790,0,0.9810026385224274,0.8693292668950667,0.99,0.9002631578947369,0.985423652486716,0.9987926817686061,0.015695847059640708,0.0243867243867244,0.005541302803122372,0.12240795598815069,0.12240795598815069
4,RandomForestClassifier,gender_aware,15,0.325,8842,3790,0,0.9812664907651715,0.8762965479768257,0.9901320361362057,0.9028582258603106,0.985423652486716,0.9987926817686061,0.015695847059640708,0.02551515151515149,0.006488721088295235,0.12209056284384259,0.12209056284384259
4,RandomForestClassifier,gender_aware,15,0.35,8842,3790,0,0.9810026385224274,0.8784329111841883,0.9899888765294772,0.9022109331100994,0.985423652486716,0.9987926817686061,0.015695847059640708,0.024660894660894717,0.005130025436121288,0.12928480744815912,0.12928480744815912
4,RandomForestClassifier,gender_aware,15,0.375,8842,3790,0,0.9796833773087071,0.8800110829318804,0.9892832289491997,0.8971732600442202,0.985423652486716,0.9987926817686061,0.015695847059640708,0.02777200577200578,0.007972280291639988,0.13647905205247568,0.13647905205247568
4,RandomForestClassifier,gender_aware,15,0.4,8842,3790,0,0.9802110817941952,0.887117911878557,0.9895557721765771,0.9007929236822735,0.985423652486716,0.9987926817686061,0.015695847059640708,0.027362193362193366,0.00729293246555307,0.1361616589081676,0.1361616589081676
4,RandomForestClassifier,gender_aware,15,0.425,8842,3790,0,0.9804749340369393,0.8918092818880354,0.9896907216494846,0.9028055598297173,0.985423652486716,0.9987926817686061,0.015695847059640708,0.027601731601731627,0.006613584639466152,0.1505501481168007,0.1505501481168007
4,RandomForestClassifier,gender_aware,15,0.45,8842,3790,0,0.9802110817941952,0.8939456450953982,0.9895470383275261,0.9021809265711704,0.985423652486716,0.9987926817686061,0.015695847059640708,0.02784126984126989,0.007561002924639126,0.13584426576385952,0.13584426576385952
4,RandomForestClassifier,gender_aware,15,0.475,8842,3790,0,0.9794195250659631,0.8958029125729255,0.9891213389121339,0.8994387182365549,0.985423652486716,0.9987926817686061,0.015695847059640708,0.027875901875901832,0.0071497255576380425,0.14303851036817605,0.14303851036817605
4,RandomForestClassifier,gender_aware,15,0.5,8842,3790,0,0.979155672823219,0.9002151868525687,0.9889741800418702,0.8993063671293688,0.985423652486716,0.9987926817686061,0.015695847059640708,0.029004329004329032,0.008570852985397392,0.13552687261955143,0.13552687261955143
4,RandomForestClassifier,gender_aware,15,0.525,8842,3790,0,0.979155672823219,0.902491097924849,0.9889711014937875,0.8997613301233925,0.985423652486716,0.9987926817686061,0.015695847059640708,0.02989321789321797,0.00904456212798388,0.14272111722386796,0.14272111722386796
4,RandomForestClassifier,gender_aware,15,0.55,8842,3790,0,0.978891820580475,0.9023515500599314,0.9888299357721307,0.8987211879817592,0.985423652486716,0.9987926817686061,0.015695847059640708,0.029243867243867294,0.008365214301896962,0.14272111722386796,0.14272111722386796
4,RandomForestClassifier,gender_aware,15,0.575,8842,3790,0,0.978891820580475,0.9046274611322118,0.9888268156424581,0.8991753125831339,0.985423652486716,0.9987926817686061,0.015695847059640708,0.029038961038960975,0.008838923444483449,0.12801523487092678,0.12801523487092678
4,RandomForestClassifier,gender_aware,15,0.6,8842,3790,0,0.9783641160949869,0.9043483654023765,0.9885442861134395,0.8971157449524543,0.985423652486716,0.9987926817686061,0.015695847059640708,0.028834054834054768,0.008633284760982796,0.12801523487092678,0.12801523487092678
4,RandomForestClassifier,gender_aware,15,0.625,8842,3790,0,0.9786279683377309,0.9090397354118549,0.9886792452830189,0.8990455049944506,0.985423652486716,0.9987926817686061,0.015695847059640708,0.02907359307359314,0.009106993903569283,0.12050359712230216,0.12050359712230216
4,RandomForestClassifier,gender_aware,15,0.65,8842,3790,0,0.9781002638522427,0.9087606396820196,0.9883964770026562,0.8970085429509769,0.985423652486716,0.9987926817686061,0.015695847059640708,0.028868686868686932,0.008901355220068852,0.12050359712230216,0.12050359712230216
4,RandomForestClassifier,gender_aware,15,0.675,8842,3790,0,0.9783641160949869,0.9134520096914981,0.9885314685314686,0.898916897056432,0.985423652486716,0.9987926817686061,0.015695847059640708,0.03020202020202023,0.009375064362655228,0.13489208633093525,0.13489208633093525
4,RandomForestClassifier,gender_aware,15,0.7,8842,3790,0,0.9778364116094986,0.9131729139616627,0.9882484611080022,0.8969020083317789,0.985423652486716,0.9987926817686061,0.015695847059640708,0.031090909090909058,0.010322482647828202,0.13489208633093525,0.13489208633093525
4,LogisticRegression,gender_blind,14,0.3,8842,3790,0,0.9551451187335093,0.944414107952071,0.9757972665148064,0.8350209354156766,0.9912266864056111,0.9994784278941296,0.04258730983583732,0.027137085137085126,0.01048049296644904,0.030681337283114687,0.030681337283114687
4,LogisticRegression,gender_blind,14,0.325,8842,3790,0,0.950395778364116,0.9441781574558334,0.9731581953169617,0.8233846532140364,0.9912266864056111,0.9994784278941296,0.04258730983583732,0.023994227994228012,0.007950396988857467,0.015975454930173508,0.015975454930173508
4,LogisticRegression,gender_blind,14,0.35,8842,3790,0,0.9485488126649076,0.9477531445459706,0.9721149721149721,0.819958678561745,0.9912266864056111,0.9994784278941296,0.04258730983583732,0.022320346320346296,0.006448494428768603,0.008463817181548879,0.008463817181548879
4,LogisticRegression,gender_blind,14,0.375,8842,3790,0,0.9467018469656993,0.9513281316361077,0.9710684617588083,0.8166379098091701,0.9912266864056111,0.9994784278941296,0.04258730983583732,0.02064646464646458,0.004946591868679628,0.0009521794329242494,0.004946591868679628
4,LogisticRegression,gender_blind,14,0.4,8842,3790,0,0.9440633245382586,0.9499326529869311,0.9695926563396443,0.8104542229066642,0.9912266864056111,0.9994784278941296,0.04258730983583732,0.01962193362193365,0.00391839845117703,0.0009521794329242494,0.00391839845117703
4,LogisticRegression,gender_blind,14,0.425,8842,3790,0,0.9408970976253298,0.9482580786079191,0.967816091954023,0.8032628846866889,0.9912266864056111,0.9994784278941296,0.04258730983583732,0.017298701298701258,0.0015315093815007064,0.0009521794329242494,0.0015315093815007064
4,LogisticRegression,gender_blind,14,0.45,8842,3790,0,0.9390501319261214,0.9472812435534954,0.9667769308212283,0.7991779390948246,0.9912266864056111,0.9994784278941296,0.04258730983583732,0.019316017316017398,0.0036944164109323774,0.0009521794329242494,0.0036944164109323774
4,LogisticRegression,gender_blind,14,0.475,8842,3790,0,0.9366754617414248,0.9460253127692364,0.9654377880184332,0.7940396487261977,0.9912266864056111,0.9994784278941296,0.04258730983583732,0.02003463203463196,0.004498627788190213,0.0009521794329242494,0.004498627788190213
4,LogisticRegression,gender_blind,14,0.5,8842,3790,0,0.9358839050131926,0.9478825802467639,0.9649805447470817,0.7929426904702648,0.9912266864056111,0.9994784278941296,0.04258730983583732,0.020069264069264126,0.005240407389862645,0.01375370292001693,0.01375370292001693
4,LogisticRegression,gender_blind,14,0.525,8842,3790,0,0.9340369393139841,0.9491816562646205,0.963924963924964,0.7896547896547896,0.9912266864056111,0.9994784278941296,0.04258730983583732,0.021881673881673835,0.006723966593207398,0.00655945831570038,0.006723966593207398
4,LogisticRegression,gender_blind,14,0.55,8842,3790,0,0.9321899736147757,0.9482048212101968,0.962877365304059,0.7858526856961695,0.9912266864056111,0.9994784278941296,0.04258730983583732,0.02280519480519483,0.007733816653965775,0.00655945831570038,0.007733816653965775
4,LogisticRegression,gender_blind,14,0.575,8842,3790,0,0.9269129287598945,0.9454138639118435,0.9598725191945531,0.7753572344864936,0.9912266864056111,0.9994784278941296,0.04258730983583732,0.026225108225108262,0.011442714662327824,0.00655945831570038,0.011442714662327824
4,LogisticRegression,gender_blind,14,0.6,8842,3790,0,0.9229551451187336,0.9433206459380785,0.9576074332171893,0.7678210576490572,0.9912266864056111,0.9994784278941296,0.04258730983583732,0.02742279942279935,0.012783066957757439,0.00655945831570038,0.012783066957757439
4,LogisticRegression,gender_blind,14,0.625,8842,3790,0,0.9200527704485488,0.9440615304962645,0.9559272727272727,0.7630700193423599,0.9912266864056111,0.9994784278941296,0.04258730983583732,0.028825396825396754,0.01385534879410133,0.000634786288616164,0.01385534879410133
4,LogisticRegression,gender_blind,14,0.65,8842,3790,0,0.91688654353562,0.944662867189533,0.9540883253170092,0.757989920655723,0.9912266864056111,0.9994784278941296,0.04258730983583732,0.029578643578643593,0.014248282804358081,0.007829030892932711,0.014248282804358081
4,LogisticRegression,gender_blind,14,0.675,8842,3790,0,0.9153034300791557,0.9483774021445878,0.9531455262005547,0.7564081540467794,0.9912266864056111,0.9994784278941296,0.04258730983583732,0.0296479076479077,0.01457878503902954,0.000317393144308082,0.01457878503902954
4,LogisticRegression,gender_blind,14,0.7,8842,3790,0,0.9110817941952507,0.9461446363059052,0.9506949524506217,0.7491729795810156,0.9912266864056111,0.9994784278941296,0.04258730983583732,0.03019624819624822,0.015239789508372348,0.000317393144308082,0.015239789508372348
4,RandomForestClassifier,gender_blind,14,0.3,8842,3790,0,0.9796833773087071,0.8731833497150392,0.9892921707690169,0.8956743630194699,0.9871103614626774,0.9990672901691631,0.017479240392204495,0.02073015873015871,0.0042450389265339394,0.07109606432501059,0.07109606432501059
4,RandomForestClassifier,gender_blind,14,0.325,8842,3790,0,0.9796833773087071,0.8731833497150392,0.9892921707690169,0.8956743630194699,0.9871103614626774,0.9990672901691631,0.017479240392204495,0.02073015873015871,0.0042450389265339394,0.07109606432501059,0.07109606432501059
4,RandomForestClassifier,gender_blind,14,0.35,8842,3790,0,0.979155672823219,0.8751801650574843,0.9890079309865034,0.8939950596408344,0.9871103614626774,0.9990672901691631,0.017479240392204495,0.01922655122655126,0.0033600524169464796,0.05639018197206941,0.05639018197206941
4,RandomForestClassifier,gender_blind,14,0.375,8842,3790,0,0.9767810026385224,0.878476056417786,0.9877334820183997,0.8854923567727466,0.9871103614626774,0.9990672901691631,0.017479240392204495,0.019535353535353517,0.002805568142030368,0.0707786711807025,0.0707786711807025
4,RandomForestClassifier,gender_blind,14,0.4,8842,3790,0,0.9765171503957784,0.8806124196251488,0.9875888997350439,0.884992493877302,0.9871103614626774,0.9990672901691631,0.017479240392204495,0.01977489177489178,0.002599929458529826,0.07797291578501905,0.07797291578501905
4,RandomForestClassifier,gender_blind,14,0.425,8842,3790,0,0.9778364116094986,0.8926897143111392,0.988277979346916,0.8926897143111392,0.9871103614626774,0.9990672901691631,0.017479240392204495,0.020903318903318868,0.002599929458529826,0.09204401184934405,0.09204401184934405
4,RandomForestClassifier,gender_blind,14,0.45,8842,3790,0,0.9773087071240105,0.8946865296535842,0.9879921809550405,0.891125277080391,0.9871103614626774,0.9990672901691631,0.017479240392204495,0.022681096681096635,0.004021056886289287,0.0992382564536606,0.0992382564536606
4,RandomForestClassifier,gender_blind,14,0.475,8842,3790,0,0.9770448548812665,0.8945469817886665,0.9878508588186008,0.8901068136575104,0.9871103614626774,0.9990672901691631,0.017479240392204495,0.023125541125541105,0.004494766028875663,0.0992382564536606,0.0992382564536606
4,RandomForestClassifier,gender_blind,14,0.5,8842,3790,0,0.9767810026385224,0.8944074339237489,0.9877094972067039,0.8890928438414472,0.9871103614626774,0.9990672901691631,0.017479240392204495,0.02247619047619054,0.003815418202788634,0.0992382564536606,0.0992382564536606
4,RandomForestClassifier,gender_blind,14,0.525,8842,3790,0,0.9759894459102902,0.8939887903289959,0.9872851753528015,0.8860775758560697,0.9871103614626774,0.9990672901691631,0.017479240392204495,0.02271572871572869,0.00408348866187469,0.0992382564536606,0.0992382564536606
4,RandomForestClassifier,gender_blind,14,0.55,8842,3790,0,0.9757255936675462,0.8961251535363586,0.9871400615040536,0.8855888100947498,0.9871103614626774,0.9990672901691631,0.017479240392204495,0.024049062049062098,0.005030906947047553,0.10643250105797716,0.10643250105797716
4,RandomForestClassifier,gender_blind,14,0.575,8842,3790,0,0.9751978891820581,0.8958460578065233,0.9868568232662193,0.8836153275209602,0.9871103614626774,0.9990672901691631,0.017479240392204495,0.024937950937950926,0.005978325232220416,0.10643250105797716,0.10643250105797716
4,RandomForestClassifier,gender_blind,14,0.6,8842,3790,0,0.97467018469657,0.895566962076688,0.9865734265734266,0.8816588063099691,0.9871103614626774,0.9990672901691631,0.017479240392204495,0.025826839826839865,0.00692574351739339,0.10643250105797716,0.10643250105797716
4,RandomForestClassifier,gender_blind,14,0.625,8842,3790,0,0.9744063324538259,0.8954274142117703,0.9864316687648622,0.8806868320622455,0.9871103614626774,0.9990672901691631,0.017479240392204495,0.026271284271284334,0.007399452659979766,0.10643250105797716,0.10643250105797716
4,RandomForestClassifier,gender_blind,14,0.65,8842,3790,0,0.974934036939314,0.9002583320861663,0.9867077095284735,0.883654085711119,0.9871103614626774,0.9990672901691631,0.017479240392204495,0.026066378066378015,0.007399452659979766,0.09892086330935251,0.09892086330935251
4,RandomForestClassifier,gender_blind,14,0.675,8842,3790,0,0.9741424802110817,0.9043915106359742,0.9862745098039216,0.8817736185383245,0.9871103614626774,0.9990672901691631,0.017479240392204495,0.026989898989899008,0.007461884435565169,0.1133093525179856,0.1133093525179856
4,RandomForestClassifier,gender_blind,14,0.7,8842,3790,0,0.9738786279683377,0.906527873843337,0.9861286254728878,0.8813261637522453,0.9871103614626774,0.9990672901691631,0.017479240392204495,0.02722943722943727,0.007256245752064738,0.12050359712230216,0.12050359712230216
5,LogisticRegression,gender_aware,15,0.3,8842,3790,0,0.9635883905013193,0.957983283918558,0.9804199772985244,0.8605107405289614,0.9935524841542389,0.9996241238274436,0.03907413487548061,0.028502164502164584,0.006719870326523103,0.02200763530204356,0.02200763530204356
5,LogisticRegression,gender_aware,15,0.325,8842,3790,0,0.9593667546174143,0.9557505180798753,0.9781001137656428,0.8485391079777118,0.9935524841542389,0.9996241238274436,0.03907413487548061,0.025769119769119775,0.0039616738264730555,0.02200763530204356,0.02200763530204356
5,LogisticRegression,gender_aware,15,0.35,8842,3790,0,0.9577836411609498,0.9594650530349301,0.9772144688123042,0.8452380587789119,0.9935524841542389,0.9996241238274436,0.03907413487548061,0.02365079365079359,0.0020068667299094622,0.03155176285650123,0.03155176285650123
5,LogisticRegression,gender_aware,15,0.375,8842,3790,0,0.9551451187335093,0.9580695743857535,0.9757558471192241,0.8382300362356684,0.9935524841542389,0.9996241238274436,0.03907413487548061,0.023720057720057697,0.002154047668628256,0.03155176285650123,0.03155176285650123
5,LogisticRegression,gender_aware,15,0.4,8842,3790,0,0.9522427440633245,0.9565345478716591,0.9741465504927868,0.8307693028802449,0.9935524841542389,0.9996241238274436,0.03907413487548061,0.023139971139971127,0.001625096085372646,0.03155176285650123,0.03155176285650123
5,LogisticRegression,gender_aware,15,0.425,8842,3790,0,0.9490765171503958,0.9571358845649275,0.9723772720767139,0.8234567642002457,0.9935524841542389,0.9996241238274436,0.03907413487548061,0.02279942279942282,0.002046714844322506,0.04794520547945205,0.04794520547945205
5,LogisticRegression,gender_aware,15,0.45,8842,3790,0,0.9474934036939314,0.9608504195199823,0.9714777124838756,0.8207305643679743,0.9935524841542389,0.9996241238274436,0.03907413487548061,0.023962481962481963,0.0023947431339127467,0.03424657534246575,0.03424657534246575
5,LogisticRegression,gender_aware,15,0.475,8842,3790,0,0.945910290237467,0.9622890434027567,0.9705840149232314,0.8175342333208628,0.9935524841542389,0.9996241238274436,0.03907413487548061,0.025330447330447425,0.0034189039454775028,0.0273972602739726,0.0273972602739726
5,LogisticRegression,gender_aware,15,0.5,8842,3790,0,0.9424802110817943,0.960474921158827,0.9686601495112134,0.8096505875761195,0.9935524841542389,0.9996241238274436,0.03907413487548061,0.025639249639249684,0.0038405227044272516,0.0273972602739726,0.0273972602739726
5,LogisticRegression,gender_aware,15,0.525,8842,3790,0,0.9395778364116095,0.9612158057170131,0.9670171395650295,0.8037597471765493,0.9935524841542389,0.9996241238274436,0.03907413487548061,0.02704184704184709,0.004938273985351294,0.02054794520547945,0.02054794520547945
5,LogisticRegression,gender_aware,15,0.55,8842,3790,0,0.9366754617414248,0.9596807792029187,0.9653779572994806,0.7975037934645551,0.9935524841542389,0.9996241238274436,0.03907413487548061,0.02646176046176041,0.004409322402095683,0.02054794520547945,0.02054794520547945
5,LogisticRegression,gender_aware,15,0.575,8842,3790,0,0.9337730870712401,0.9581457526888244,0.9637335645137985,0.791426721558872,0.9935524841542389,0.9996241238274436,0.03907413487548061,0.026975468975468986,0.005031788511917212,0.02054794520547945,0.02054794520547945
5,LogisticRegression,gender_aware,15,0.6,8842,3790,0,0.9287598944591029,0.9554943432553888,0.9608809040857722,0.7813254077950985,0.9935524841542389,0.9996241238274436,0.03907413487548061,0.028857142857142914,0.007153700604405899,0.02054794520547945,0.02054794520547945
5,LogisticRegression,gender_aware,15,0.625,8842,3790,0,0.924802110817942,0.9534011252816238,0.9586176854944097,0.7736811371194993,0.9935524841542389,0.9996241238274436,0.03907413487548061,0.031148629148629148,0.009677307398637924,0.02054794520547945,0.02054794520547945
5,LogisticRegression,gender_aware,15,0.65,8842,3790,0,0.9216358839050132,0.9517265509026118,0.9568,0.7677617021276595,0.9935524841542389,0.9996241238274436,0.03907413487548061,0.03538816738816741,0.01422931175879294,0.02054794520547945,0.02054794520547945
5,LogisticRegression,gender_aware,15,0.675,8842,3790,0,0.9197889182058048,0.9530256269204684,0.9557238566851151,0.7649767742809328,0.9935524841542389,0.9996241238274436,0.03907413487548061,0.0361067821067822,0.014577340048383292,0.0136986301369863,0.014577340048383292
5,LogisticRegression,gender_aware,15,0.7,8842,3790,0,0.91688654353562,0.956042422550935,0.9540213107575536,0.7609612726627274,0.9935524841542389,0.9996241238274436,0.03907413487548061,0.037304473304473285,0.01499895880733304,0.0,0.01499895880733304
5,RandomForestClassifier,gender_aware,15,0.3,8842,3790,0,0.9799472295514512,0.861943342218555,0.9894473757289641,0.8941945873353816,0.9872802458199684,0.9990442639715658,0.014535382261224075,0.020216450216450244,0.0014457795705143939,0.011565236918931021,0.011565236918931021
5,RandomForestClassifier,gender_aware,15,0.325,8842,3790,0,0.9802110817941952,0.8666347122280333,0.9895818863731074,0.8963657463361601,0.9872802458199684,0.9990442639715658,0.014535382261224075,0.020455988455988394,0.001921064741617129,0.002021109364473417,0.002021109364473417
5,RandomForestClassifier,gender_aware,15,0.35,8842,3790,0,0.9802110817941952,0.8734624454448745,0.9895731961629362,0.8978873732752666,0.9872802458199684,0.9990442639715658,0.014535382261224075,0.022028860028859953,0.003346920254925112,0.0006737031214911204,0.003346920254925112
5,RandomForestClassifier,gender_aware,15,0.375,8842,3790,0,0.978891820580475,0.8795924393371274,0.9888610414926204,0.8939280081834962,0.9872802458199684,0.9990442639715658,0.014535382261224075,0.023636363636363678,0.003694948544515464,0.01987424208398833,0.01987424208398833
5,RandomForestClassifier,gender_aware,15,0.4,8842,3790,0,0.9802110817941952,0.8916697340231177,0.9895499512331057,0.9017228664354114,0.9872802458199684,0.9990442639715658,0.014535382261224075,0.024764790764790767,0.003694948544515464,0.03087805973501012,0.03087805973501012
5,RandomForestClassifier,gender_aware,15,0.425,8842,3790,0,0.9802110817941952,0.8962215561676785,0.9895441237975743,0.902634469761195,0.9872802458199684,0.9990442639715658,0.014535382261224075,0.0254487734487735,0.003494101193643906,0.04457668987199642,0.04457668987199642
5,RandomForestClassifier,gender_aware,15,0.45,8842,3790,0,0.9804749340369393,0.9031888372494374,0.9896763392857143,0.9050323444001387,0.9872802458199684,0.9990442639715658,0.014535382261224075,0.026577200577200588,0.004444671535849154,0.041881877386031885,0.041881877386031885
5,RandomForestClassifier,gender_aware,15,0.475,8842,3790,0,0.9807387862796834,0.9124320294034767,0.9898058930316995,0.907790774678141,0.9872802458199684,0.9990442639715658,0.014535382261224075,0.025313131313131287,0.003567691663003192,0.022793622277116565,0.022793622277116565
5,RandomForestClassifier,gender_aware,15,0.5,8842,3790,0,0.9799472295514512,0.9165652079532844,0.989376572546827,0.9054864083391412,0.9872802458199684,0.9990442639715658,0.014535382261224075,0.024049062049062098,0.0013384467462086436,0.036492252414102866,0.036492252414102866
5,RandomForestClassifier,gender_aware,15,0.525,8842,3790,0,0.9802110817941952,0.9235324890350434,0.9895090222408729,0.9077475505635919,0.9872802458199684,0.9990442639715658,0.014535382261224075,0.02408369408369404,0.0011375993953369745,0.03379743992813833,0.03379743992813833
5,RandomForestClassifier,gender_aware,15,0.55,8842,3790,0,0.9796833773087071,0.9232533933052081,0.9892262487757101,0.9056985747342754,0.9872802458199684,0.9990442639715658,0.014535382261224075,0.023878787878787944,0.0009367520444654165,0.03379743992813833,0.03379743992813833
5,RandomForestClassifier,gender_aware,15,0.575,8842,3790,0,0.9794195250659631,0.9276656675848511,0.9890786894427331,0.9054982488309555,0.9872802458199684,0.9990442639715658,0.014535382261224075,0.025007215007215033,0.0012111898646962604,0.04749607006512463,0.04749607006512463
5,RandomForestClassifier,gender_aware,15,0.6,8842,3790,0,0.9794195250659631,0.9299415786571316,0.9890756302521009,0.9059014514896868,0.9872802458199684,0.9990442639715658,0.014535382261224075,0.024802308802308826,0.0016864750357989955,0.03110262744217382,0.03110262744217382
5,RandomForestClassifier,gender_aware,15,0.625,8842,3790,0,0.979155672823219,0.9298020307922139,0.9889340243731615,0.9048978511888484,0.9872802458199684,0.9990442639715658,0.014535382261224075,0.025246753246753184,0.0021617602069016195,0.03110262744217382,0.03110262744217382
5,RandomForestClassifier,gender_aware,15,0.65,8842,3790,0,0.978891820580475,0.9319383939995767,0.9887892376681614,0.9043045287439906,0.9872802458199684,0.9990442639715658,0.014535382261224075,0.025486291486291446,0.0019609128560300615,0.03795194251066697,0.03795194251066697
5,RandomForestClassifier,gender_aware,15,0.675,8842,3790,0,0.9781002638522427,0.9315197504048236,0.9883639422402916,0.9013408078091838,0.9872802458199684,0.9990442639715658,0.014535382261224075,0.02572582972582982,0.0022353506762610165,0.03795194251066697,0.03795194251066697
5,RandomForestClassifier,gender_aware,15,0.7,8842,3790,0,0.9773087071240105,0.9356529289546314,0.9879315183833848,0.8992521028040272,0.9872802458199684,0.9990442639715658,0.014535382261224075,0.027743145743145736,0.0034603588386974415,0.05165057264765327,0.05165057264765327
5,LogisticRegression,gender_blind,14,0.3,8842,3790,0,0.9638522427440633,0.9581228317834756,0.9805646190949071,0.8612804263082822,0.9935558548756136,0.9996240775740388,0.039142735184427416,0.02915151515151515,0.007396002848497396,0.02200763530204356,0.02200763530204356
5,LogisticRegression,gender_blind,14,0.325,8842,3790,0,0.9609498680738786,0.9588637163416618,0.9789653212052303,0.8534532488379092,0.9935558548756136,0.9996240775740388,0.039142735184427416,0.02946031746031752,0.007342336436344632,0.015158320233550411,0.015158320233550411
5,LogisticRegression,gender_blind,14,0.35,8842,3790,0,0.9577836411609498,0.9594650530349301,0.9772144688123042,0.8452380587789119,0.9935558548756136,0.9996240775740388,0.039142735184427416,0.02693217893217892,0.005461119809140436,0.03155176285650123,0.03155176285650123
5,LogisticRegression,gender_blind,14,0.375,8842,3790,0,0.9554089709762533,0.9582091222506711,0.9759018964779694,0.838920965875669,0.9935558548756136,0.9996240775740388,0.039142735184427416,0.02546320346320341,0.003981597883679466,0.03155176285650123,0.03155176285650123
5,LogisticRegression,gender_blind,14,0.4,8842,3790,0,0.9514511873350924,0.9561159042769061,0.9737067733638183,0.8287777853073387,0.9935558548756136,0.9996240775740388,0.039142735184427416,0.02556709956709957,0.004202369291757546,0.03155176285650123,0.03155176285650123
5,LogisticRegression,gender_blind,14,0.425,8842,3790,0,0.9488126649076517,0.9592722477722903,0.9722222222222222,0.8233594332587622,0.9935558548756136,0.9996240775740388,0.039142735184427416,0.025226551226551264,0.002997285186527754,0.01785313271951493,0.01785313271951493
5,LogisticRegression,gender_blind,14,0.45,8842,3790,0,0.9467018469656993,0.9627076869975097,0.9710269650028687,0.8193950614488028,0.9935558548756136,0.9996240775740388,0.039142735184427416,0.023997113997114017,0.0019930484321695197,0.0273972602739726,0.0273972602739726
5,LogisticRegression,gender_blind,14,0.475,8842,3790,0,0.9445910290237467,0.9615913040781684,0.9698449167145319,0.8144679129027205,0.9935558548756136,0.9996240775740388,0.039142735184427416,0.026458874458874515,0.004643912107913817,0.0273972602739726,0.0273972602739726
5,LogisticRegression,gender_blind,14,0.5,8842,3790,0,0.9422163588390501,0.9603353732939094,0.9685118619698059,0.8090559309849029,0.9935558548756136,0.9996240775740388,0.039142735184427416,0.029365079365079372,0.007770060954760849,0.0273972602739726,0.0273972602739726
5,LogisticRegression,gender_blind,14,0.525,8842,3790,0,0.9401055408970976,0.9614949014468485,0.9673146148308135,0.8049171499350918,0.9935558548756136,0.9996240775740388,0.039142735184427416,0.028340548340548333,0.00629053902929988,0.02054794520547945,0.02054794520547945
5,LogisticRegression,gender_blind,14,0.55,8842,3790,0,0.9372031662269129,0.9599598749327541,0.9656763772714162,0.7986276623199187,0.9935558548756136,0.9996240775740388,0.039142735184427416,0.027760461760461763,0.0057615874460442695,0.02054794520547945,0.02054794520547945
5,LogisticRegression,gender_blind,14,0.575,8842,3790,0,0.9324538258575198,0.9574480133642361,0.9629843840370156,0.7887211076811584,0.9935558548756136,0.9996240775740388,0.039142735184427416,0.028103896103896076,0.006256796674353526,0.02054794520547945,0.02054794520547945
5,LogisticRegression,gender_blind,14,0.6,8842,3790,0,0.9282321899736148,0.9552152475255535,0.9605797101449275,0.7802898550724637,0.9935558548756136,0.9996240775740388,0.039142735184427416,0.031933621933621925,0.010407106332765204,0.02054794520547945,0.02054794520547945
5,LogisticRegression,gender_blind,14,0.625,8842,3790,0,0.925065963060686,0.9535406731465415,0.9587688734030198,0.7741821245627816,0.9935558548756136,0.9996240775740388,0.039142735184427416,0.031797979797979714,0.010353439920612328,0.02054794520547945,0.02054794520547945
5,LogisticRegression,gender_blind,14,0.65,8842,3790,0,0.920844327176781,0.9513079073078587,0.9563445867287543,0.7663078865847162,0.9935558548756136,0.9996240775740388,0.039142735184427416,0.03672150072150071,0.015655167272100923,0.02054794520547945,0.02054794520547945
5,LogisticRegression,gender_blind,14,0.675,8842,3790,0,0.9205804749340369,0.9557201815875018,0.9561671763506626,0.7670036442763131,0.9935558548756136,0.9996240775740388,0.039142735184427416,0.0378499278499278,0.015929605092331878,0.00684931506849315,0.015929605092331878
5,LogisticRegression,gender_blind,14,0.7,8842,3790,0,0.9192612137203167,0.957298353335194,0.9553935860058309,0.7651967930029154,0.9935558548756136,0.9996240775740388,0.039142735184427416,0.03986724386724383,0.017629898425870927,0.0,0.017629898425870927
5,RandomForestClassifier,gender_blind,14,0.3,8842,3790,0,0.9820580474934036,0.8721633694270179,0.9905581782838101,0.9053319991948151,0.9861186952342045,0.9988386839383182,0.014594705127016019,0.02677922077922079,0.004150309658411677,0.08544801257579163,0.08544801257579163
5,RandomForestClassifier,gender_blind,14,0.325,8842,3790,0,0.9823218997361478,0.8791306505087766,0.9906905655134084,0.9078779198324223,0.9861186952342045,0.9988386839383182,0.014594705127016019,0.0257200577200577,0.003949462307540008,0.0595104423983831,0.0595104423983831
5,RandomForestClassifier,gender_blind,14,0.35,8842,3790,0,0.9823218997361478,0.8882342947978983,0.9906802058700793,0.9096623535744259,0.9861186952342045,0.9988386839383182,0.014594705127016019,0.025994227994228014,0.004699185298873698,0.04042218728946778,0.04042218728946778
5,RandomForestClassifier,gender_blind,14,0.375,8842,3790,0,0.98311345646438,0.9045843158986141,0.9910838673725272,0.9159399436365123,0.9861186952342045,0.9988386839383182,0.014594705127016019,0.024320346320346298,0.00429749059713036,0.004603637996856036,0.004603637996856036
5,RandomForestClassifier,gender_blind,14,0.4,8842,3790,0,0.9820580474934036,0.9131297687280651,0.9905107451855987,0.9131297687280651,0.9861186952342045,0.9988386839383182,0.014594705127016019,0.02637229437229438,0.00579693657979774,0.0004491354143274229,0.00579693657979774
5,RandomForestClassifier,gender_blind,14,0.425,8842,3790,0,0.9810026385224274,0.9125715772683944,0.9899469421949176,0.9088490691835832,0.9861186952342045,0.9988386839383182,0.014594705127016019,0.02486868686868693,0.004243824184977485,0.0004491354143274229,0.004243824184977485
5,RandomForestClassifier,gender_blind,14,0.45,8842,3790,0,0.9807387862796834,0.9124320294034767,0.9898058930316995,0.907790774678141,0.9861186952342045,0.9988386839383182,0.014594705127016019,0.02421933621933625,0.003567691663003192,0.0004491354143274229,0.003567691663003192
5,RandomForestClassifier,gender_blind,14,0.475,8842,3790,0,0.9802110817941952,0.9144288447459217,0.989520748917144,0.9061078921890684,0.9861186952342045,0.9988386839383182,0.014594705127016019,0.02599711399711402,0.004993547176311175,0.006400179654165727,0.006400179654165727
5,RandomForestClassifier,gender_blind,14,0.5,8842,3790,0,0.9802110817941952,0.9212565779627631,0.9895119563697385,0.9073433907722819,0.9861186952342045,0.9988386839383182,0.014594705127016019,0.026476190476190542,0.004116567303465213,0.02694812485964518,0.02694812485964518
5,RandomForestClassifier,gender_blind,14,0.525,8842,3790,0,0.9799472295514512,0.9256688522424061,0.9893646795410019,0.907124736083865,0.9861186952342045,0.9988386839383182,0.014594705127016019,0.02760461760461763,0.004391005123696279,0.04064675499663148,0.04064675499663148
5,RandomForestClassifier,gender_blind,14,0.55,8842,3790,0,0.9794195250659631,0.9253897565125708,0.9890817469204927,0.9050913321758427,0.9861186952342045,0.9988386839383182,0.014594705127016019,0.02849350649350646,0.005341575465901638,0.04064675499663148,0.04064675499663148
5,RandomForestClassifier,gender_blind,14,0.575,8842,3790,0,0.9786279683377309,0.9249711129178178,0.9886570508332166,0.9020734001318702,0.9861186952342045,0.9988386839383182,0.014594705127016019,0.027639249639249575,0.004464595593055676,0.04064675499663148,0.04064675499663148
5,RandomForestClassifier,gender_blind,14,0.6,8842,3790,0,0.9781002638522427,0.9246920171879824,0.9883737218097772,0.9000825525148659,0.9861186952342045,0.9988386839383182,0.014594705127016019,0.027434343434343478,0.004263748242184007,0.04064675499663148,0.04064675499663148
5,RandomForestClassifier,gender_blind,14,0.625,8842,3790,0,0.9778364116094986,0.9245524693230647,0.9882319977584758,0.8990933744448488,0.9861186952342045,0.9988386839383182,0.014594705127016019,0.027878787878787947,0.004739033413286742,0.04064675499663148,0.04064675499663148
5,RandomForestClassifier,gender_blind,14,0.65,8842,3790,0,0.9775725593667546,0.9266888325304274,0.9880868955851436,0.8985378298150437,0.9861186952342045,0.9988386839383182,0.014594705127016019,0.028118326118326098,0.004538186062414962,0.04749607006512463,0.04749607006512463
5,RandomForestClassifier,gender_blind,14,0.675,8842,3790,0,0.9767810026385224,0.9262701889356745,0.9876612450925406,0.8956163368319846,0.9861186952342045,0.9988386839383182,0.014594705127016019,0.02835786435786436,0.004812623882646028,0.04749607006512463,0.04749607006512463
5,RandomForestClassifier,gender_blind,14,0.7,8842,3790,0,0.9767810026385224,0.9262701889356745,0.9876612450925406,0.8956163368319846,0.9861186952342045,0.9988386839383182,0.014594705127016019,0.02835786435786436,0.004812623882646028,0.04749607006512463,0.04749607006512463
6,LogisticRegression,gender_aware,15,0.3,8842,3790,0,0.9630606860158312,0.9463246328273207,0.9801587301587301,0.8564915788198231,0.9929619337693698,0.9995859886326844,0.03708248804636506,0.02966355847355573,0.005489393614466653,0.015306122448979581,0.015306122448979581
6,LogisticRegression,gender_aware,15,0.325,8842,3790,0,0.9614775725593667,0.9477632567100951,0.9792849035187288,0.8524244066465825,0.9929619337693698,0.9995859886326844,0.03708248804636506,0.031039637536391718,0.006523771427544012,0.022108843537414963,0.022108843537414963
6,LogisticRegression,gender_aware,15,0.35,8842,3790,0,0.9593667546174143,0.9466468737907537,0.978125,0.8464699074074074,0.9929619337693698,0.9995859886326844,0.03708248804636506,0.030229907861529237,0.0057340230041516005,0.022108843537414963,0.022108843537414963
6,LogisticRegression,gender_aware,15,0.375,8842,3790,0,0.9580474934036939,0.9482250455384458,0.9773922934736243,0.8433579383273058,0.9929619337693698,0.9995859886326844,0.03708248804636506,0.030067846580449253,0.005141711686607264,0.028911564625850338,0.028911564625850338
6,LogisticRegression,gender_aware,15,0.4,8842,3790,0,0.954353562005277,0.9485472865018788,0.9753455892831695,0.8340315868263095,0.9929619337693698,0.9995859886326844,0.03708248804636506,0.028448387230724514,0.004236069287261612,0.012244897959183675,0.012244897959183675
6,LogisticRegression,gender_aware,15,0.425,8842,3790,0,0.9509234828496043,0.9490090753302296,0.9734361610968295,0.8258184265691759,0.9929619337693698,0.9995859886326844,0.03708248804636506,0.026383691905933038,0.0017037377572942658,0.01904761904761905,0.01904761904761905
6,LogisticRegression,gender_aware,15,0.45,8842,3790,0,0.9482849604221636,0.9476135966810528,0.9719679633867276,0.8193173150266971,0.9929619337693698,0.9995859886326844,0.03708248804636506,0.02537152981235502,0.0007165522280536685,0.01904761904761905,0.01904761904761905
6,LogisticRegression,gender_aware,15,0.475,8842,3790,0,0.9448548812664908,0.9526272076539645,0.9700272479564033,0.8128554691182346,0.9929619337693698,0.9995859886326844,0.03708248804636506,0.022901969650132248,0.002013216407761864,0.01598639455782313,0.01598639455782313
6,LogisticRegression,gender_aware,15,0.5,8842,3790,0,0.9432717678100264,0.9540658315367387,0.9691313711414213,0.809768937603231,0.9929619337693698,0.9995859886326844,0.03708248804636506,0.022092239975269767,0.003279382172745593,0.022789115646258507,0.022789115646258507
6,LogisticRegression,gender_aware,15,0.525,8842,3790,0,0.9401055408970976,0.9569430793022877,0.9673334292703987,0.80379349751951,0.9929619337693698,0.9995859886326844,0.03708248804636506,0.02593730246979087,6.035475756005493e-05,0.03639455782312925,0.03639455782312925
6,LogisticRegression,gender_aware,15,0.55,8842,3790,0,0.937467018469657,0.955547600653111,0.9658452226545612,0.7980552166314927,0.9929619337693698,0.9995859886326844,0.03708248804636506,0.02711094911391121,0.001253003291260546,0.03639455782312925,0.03639455782312925
6,LogisticRegression,gender_aware,15,0.575,8842,3790,0,0.9348284960422164,0.9541521220039343,0.9643527204502814,0.7924682189040961,0.9929619337693698,0.9995859886326844,0.03708248804636506,0.027191691389182315,0.0014160895510504368,0.03639455782312925,0.03639455782312925
6,LogisticRegression,gender_aware,15,0.6,8842,3790,0,0.9319261213720317,0.95261709548984,0.9627059843885516,0.7864889438559073,0.9929619337693698,0.9995859886326844,0.03708248804636506,0.02771766963952027,0.002055593152431756,0.03639455782312925,0.03639455782312925
6,LogisticRegression,gender_aware,15,0.625,8842,3790,0,0.9282321899736148,0.9506634253809927,0.9606025492468134,0.779117842670744,0.9929619337693698,0.9995859886326844,0.03708248804636506,0.030672260183907785,0.005274620567617294,0.03639455782312925,0.03639455782312925
6,LogisticRegression,gender_aware,15,0.65,8842,3790,0,0.9261213720316622,0.9495470424616512,0.9593967517401392,0.7750200132969702,0.9929619337693698,0.9995859886326844,0.03708248804636506,0.03204833924674377,0.006785415722285859,0.03639455782312925,0.03639455782312925
6,LogisticRegression,gender_aware,15,0.675,8842,3790,0,0.9240105540897098,0.9507065706145904,0.9581760092942202,0.7715952092580611,0.9929619337693698,0.9995859886326844,0.03708248804636506,0.03431489025971324,0.009922900007576452,0.019727891156462583,0.019727891156462583
6,LogisticRegression,gender_aware,15,0.7,8842,3790,0,0.9224274406332453,0.9498692834250844,0.9572674418604651,0.7686337209302325,0.9929619337693698,0.9995859886326844,0.03708248804636506,0.033707593003566516,0.009330588690032116,0.019727891156462583,0.019727891156462583
6,RandomForestClassifier,gender_aware,15,0.3,8842,3790,0,0.9817941952506596,0.8606442662006981,0.9904312855359867,0.9017197078086437,0.9799138713274306,0.998120291448237,0.014627809347190495,0.024040435731455867,0.0011159209429724148,0.08163265306122447,0.08163265306122447
6,RandomForestClassifier,gender_aware,15,0.325,8842,3790,0,0.9820580474934036,0.8630597251378962,0.9905686546463246,0.9033924354312703,0.9799138713274306,0.998120291448237,0.014627809347190495,0.024485671706522605,0.0011159209429724148,0.08843537414965985,0.08843537414965985
6,RandomForestClassifier,gender_aware,15,0.35,8842,3790,0,0.9817941952506596,0.865196088345259,0.990425974746774,0.9027196897862556,0.9799138713274306,0.998120291448237,0.014627809347190495,0.024728475262873806,0.0009184838371243398,0.09523809523809523,0.09523809523809523
6,RandomForestClassifier,gender_aware,15,0.375,8842,3790,0,0.9820580474934036,0.8721633694270179,0.9905581782838101,0.9053319991948151,0.9799138713274306,0.998120291448237,0.014627809347190495,0.025861750769358594,0.0018713185203068639,0.0921768707482993,0.0921768707482993
6,RandomForestClassifier,gender_aware,15,0.4,8842,3790,0,0.9812664907651715,0.8740206369045452,0.9901347783798805,0.9023780941507757,0.9799138713274306,0.998120291448237,0.014627809347190495,0.024809217538144912,0.0003261725195800036,0.09897959183673469,0.09897959183673469
6,RandomForestClassifier,gender_aware,15,0.425,8842,3790,0,0.9807387862796834,0.8737415411747098,0.989854065323141,0.9001218378563758,0.9799138713274306,0.998120291448237,0.014627809347190495,0.024606785119429375,0.00012873541373181752,0.09897959183673469,0.09897959183673469
6,RandomForestClassifier,gender_aware,15,0.45,8842,3790,0,0.9804749340369393,0.878153815454353,0.9897079276773296,0.8999821689668699,0.9799138713274306,0.998120291448237,0.014627809347190495,0.02464715625706493,0.0007425561395556501,0.11258503401360542,0.11258503401360542
6,RandomForestClassifier,gender_aware,15,0.475,8842,3790,0,0.9799472295514512,0.8778747197245176,0.9894268224819143,0.897774635730753,0.9799138713274306,0.998120291448237,0.014627809347190495,0.02444472383834939,0.0009399932454037252,0.11258503401360542,0.11258503401360542
6,RandomForestClassifier,gender_aware,15,0.5,8842,3790,0,0.9802110817941952,0.8802901786617157,0.9895644914428829,0.8993623983931972,0.9799138713274306,0.998120291448237,0.014627809347190495,0.023797055444567006,0.0009399932454037252,0.09591836734693876,0.09591836734693876
6,RandomForestClassifier,gender_aware,15,0.525,8842,3790,0,0.9802110817941952,0.8893938229508374,0.9895528625156708,0.9012602217815262,0.9799138713274306,0.998120291448237,0.014627809347190495,0.0218944214008554,0.0036354110351610736,0.09965986394557821,0.09965986394557821
6,RandomForestClassifier,gender_aware,15,0.55,8842,3790,0,0.9802110817941952,0.8916697340231177,0.9895499512331057,0.9017228664354114,0.9799138713274306,0.998120291448237,0.014627809347190495,0.02278489335098899,0.003158993693569867,0.1064625850340136,0.1064625850340136
6,RandomForestClassifier,gender_aware,15,0.575,8842,3790,0,0.9802110817941952,0.8962215561676785,0.9895441237975743,0.902634469761195,0.9799138713274306,0.998120291448237,0.014627809347190495,0.02128712414470857,0.004506702588448652,0.09659863945578231,0.09659863945578231
6,RandomForestClassifier,gender_aware,15,0.6,8842,3790,0,0.9799472295514512,0.9006338304473217,0.9893973214285714,0.9024656510055478,0.9799138713274306,0.998120291448237,0.014627809347190495,0.02351330402004248,0.0030774505636749216,0.11020408163265305,0.11020408163265305
6,RandomForestClassifier,gender_aware,15,0.625,8842,3790,0,0.9794195250659631,0.9003547347174864,0.989115266536422,0.9003547347174864,0.9799138713274306,0.998120291448237,0.014627809347190495,0.024403775970176067,0.0021246158804925086,0.11020408163265305,0.11020408163265305
6,RandomForestClassifier,gender_aware,15,0.65,8842,3790,0,0.9783641160949869,0.8997965432578157,0.988550684166434,0.8961892176813031,0.9799138713274306,0.998120291448237,0.014627809347190495,0.025091815501594006,0.0013692183031580596,0.11020408163265305,0.11020408163265305
6,RandomForestClassifier,gender_aware,15,0.675,8842,3790,0,0.9775725593667546,0.9016538107353431,0.9881235154394299,0.8935889444809443,0.9799138713274306,0.998120291448237,0.014627809347190495,0.024039282270380435,0.0017640925148544317,0.09353741496598639,0.09353741496598639
6,RandomForestClassifier,gender_aware,15,0.7,8842,3790,0,0.9775725593667546,0.9039297218076234,0.9881201956673655,0.8940600978336828,0.9799138713274306,0.998120291448237,0.014627809347190495,0.022743945482815664,0.0024379469622937133,0.07687074829931972,0.07687074829931972
6,LogisticRegression,gender_blind,14,0.3,8842,3790,0,0.9633245382585752,0.9464641806922383,0.9803032450049596,0.8572644332099368,0.9930104721571673,0.9995886929160943,0.0371085106411753,0.03140413123618735,0.006163248061905935,0.03877551020408164,0.03877551020408164
6,LogisticRegression,gender_blind,14,0.325,8842,3790,0,0.9614775725593667,0.9477632567100951,0.9792849035187288,0.8524244066465825,0.9930104721571673,0.9995886929160943,0.0371085106411753,0.03213254190524084,0.007674043216574722,0.022108843537414963,0.022108843537414963
6,LogisticRegression,gender_blind,14,0.35,8842,3790,0,0.9591029023746702,0.9465073259258361,0.9779798266799261,0.845736678589501,0.9930104721571673,0.9995886929160943,0.0371085106411753,0.030675143836596086,0.006210440345742918,0.022108843537414963,0.022108843537414963
6,LogisticRegression,gender_blind,14,0.375,8842,3790,0,0.9585751978891821,0.9485041412682811,0.9776830135039091,0.8448048095042482,0.9930104721571673,0.9995886929160943,0.0371085106411753,0.031363183368014025,0.0064894205814859385,0.028911564625850338,0.028911564625850338
6,LogisticRegression,gender_blind,14,0.4,8842,3790,0,0.9554089709762533,0.9513813890338298,0.9759224960820629,0.8373373621230279,0.9930104721571673,0.9995886929160943,0.0371085106411753,0.03302243712483677,0.008558176207640988,0.01904761904761905,0.01904761904761905
6,LogisticRegression,gender_blind,14,0.425,8842,3790,0,0.9509234828496043,0.9490090753302296,0.9734361610968295,0.8258184265691759,0.9930104721571673,0.9995886929160943,0.0371085106411753,0.028569500643631285,0.004004281335355464,0.01904761904761905,0.01904761904761905
6,LogisticRegression,gender_blind,14,0.45,8842,3790,0,0.9477572559366755,0.9473345009512175,0.9716738197424892,0.8180402997017531,0.9930104721571673,0.9995886929160943,0.0371085106411753,0.026262001762488607,0.0016693869112360815,0.01904761904761905,0.01904761904761905
6,LogisticRegression,gender_blind,14,0.475,8842,3790,0,0.9451187335092348,0.9504908444466017,0.9701834862385321,0.8129063126556899,0.9930104721571673,0.9995886929160943,0.0371085106411753,0.027030783569177652,0.0016350360651780083,0.03265306122448979,0.03265306122448979
6,LogisticRegression,gender_blind,14,0.5,8842,3790,0,0.9432717678100264,0.9540658315367387,0.9691313711414213,0.809768937603231,0.9930104721571673,0.9995886929160943,0.0371085106411753,0.024278048712968125,0.0009788385946843947,0.022789115646258507,0.022789115646258507
6,LogisticRegression,gender_blind,14,0.525,8842,3790,0,0.9403693931398417,0.9570826271672053,0.9674820143884892,0.8043759278291653,0.9930104721571673,0.9995886929160943,0.0371085106411753,0.026584970863573254,0.0006134996898792267,0.03639455782312925,0.03639455782312925
6,LogisticRegression,gender_blind,14,0.55,8842,3790,0,0.937467018469657,0.955547600653111,0.9658452226545612,0.7980552166314927,0.9930104721571673,0.9995886929160943,0.0371085106411753,0.028203853482760333,0.002403275080291034,0.03639455782312925,0.03639455782312925
6,LogisticRegression,gender_blind,14,0.575,8842,3790,0,0.9358839050131926,0.954710313463605,0.9649502379922111,0.7946853199234626,0.9930104721571673,0.9995886929160943,0.0371085106411753,0.029782364964311858,0.004111507340807896,0.03639455782312925,0.03639455782312925
6,LogisticRegression,gender_blind,14,0.6,8842,3790,0,0.9316622691292876,0.9524775476249223,0.9625560213965592,0.7859537271387018,0.9930104721571673,0.9995886929160943,0.0371085106411753,0.029255809983436243,0.0036822822830535618,0.03639455782312925,0.03639455782312925
6,LogisticRegression,gender_blind,14,0.625,8842,3790,0,0.9284960422163588,0.9508029732459102,0.9607530774800869,0.7796357979993027,0.9930104721571673,0.9995886929160943,0.0371085106411753,0.03350573731538853,0.008249018593117774,0.03639455782312925,0.03639455782312925
6,LogisticRegression,gender_blind,14,0.65,8842,3790,0,0.9253298153034301,0.9491283988668984,0.9589438560858843,0.7735039513326074,0.9930104721571673,0.9995886929160943,0.0371085106411753,0.0333840471719441,0.00821466774705959,0.03639455782312925,0.03639455782312925
6,LogisticRegression,gender_blind,14,0.675,8842,3790,0,0.9237467018469657,0.9482911116773923,0.9580368810802962,0.7705047320264395,0.9930104721571673,0.9995886929160943,0.0371085106411753,0.03605546302234475,0.01107317179660694,0.03639455782312925,0.03639455782312925
6,LogisticRegression,gender_blind,14,0.7,8842,3790,0,0.9221635883905013,0.9497297355601667,0.9571158598633522,0.7681442352098502,0.9930104721571673,0.9995886929160943,0.0371085106411753,0.03524573334748249,0.01095727782065381,0.019727891156462583,0.019727891156462583
6,RandomForestClassifier,gender_blind,14,0.3,8842,3790,0,0.983377308707124,0.8842406641130082,0.9912463526469362,0.9133777455140686,0.981521705423221,0.99824823146506,0.014080271155636872,0.020437600062748307,0.0007210467312761537,0.014625850340136054,0.014625850340136054
6,RandomForestClassifier,gender_blind,14,0.325,8842,3790,0,0.9836411609498681,0.8889320341224867,0.9913817069780373,0.9153799726600031,0.981521705423221,0.99824823146506,0.014080271155636872,0.019587499250250273,4.7192283836761106e-05,0.024489795918367335,0.024489795918367335
6,RandomForestClassifier,gender_blind,14,0.35,8842,3790,0,0.9836411609498681,0.8934838562670474,0.9913769123783032,0.916201276701972,0.981521705423221,0.99824823146506,0.014080271155636872,0.020275538781668212,0.00015024482201120293,0.0108843537414966,0.0108843537414966
6,RandomForestClassifier,gender_blind,14,0.375,8842,3790,0,0.9828496042216359,0.8930652126722944,0.9909558925838319,0.9127807452741042,0.981521705423221,0.99824823146506,0.014080271155636872,0.020518342338019413,0.00012873541373181752,0.0108843537414966,0.0108843537414966
6,RandomForestClassifier,gender_blind,14,0.4,8842,3790,0,0.9823218997361478,0.8950620280147394,0.9906724209940136,0.9109533389604829,0.981521705423221,0.99824823146506,0.014080271155636872,0.021206381869437463,0.00040771564947506,0.004081632653061218,0.004081632653061218
6,RandomForestClassifier,gender_blind,14,0.425,8842,3790,0,0.9812664907651715,0.8967797476273492,0.9901072871673401,0.9069643135588561,0.981521705423221,0.99824823146506,0.014080271155636872,0.021691988982139754,0.0004892587793698944,0.0027210884353741638,0.0027210884353741638
6,RandomForestClassifier,gender_blind,14,0.45,8842,3790,0,0.9812664907651715,0.90133156977191,0.9901017705283702,0.9078272980405979,0.981521705423221,0.99824823146506,0.014080271155636872,0.02128712414470857,0.0008584501155087798,0.0163265306122449,0.0163265306122449
6,RandomForestClassifier,gender_blind,14,0.475,8842,3790,0,0.9807387862796834,0.9033283851143551,0.9898172687962059,0.906100848510025,0.981521705423221,0.99824823146506,0.014080271155636872,0.021975163676126508,0.0005794698797656483,0.02312925170068028,0.02312925170068028
6,RandomForestClassifier,gender_blind,14,0.5,8842,3790,0,0.9812664907651715,0.9081593029887512,0.9900934840239989,0.9090903255471083,0.981521705423221,0.99824823146506,0.014080271155636872,0.022865635626260095,0.0005794698797656483,0.036734693877551045,0.036734693877551045
6,RandomForestClassifier,gender_blind,14,0.525,8842,3790,0,0.9815303430079155,0.9105747619259493,0.9902316494557634,0.9105747619259493,0.981521705423221,0.99824823146506,0.014080271155636872,0.02221796723247771,0.0005794698797656483,0.020068027210884354,0.020068027210884354
6,RandomForestClassifier,gender_blind,14,0.55,8842,3790,0,0.9807387862796834,0.9124320294034767,0.9898058930316995,0.907790774678141,0.981521705423221,0.99824823146506,0.014080271155636872,0.020072529632415015,0.0032748876695229967,0.026870748299319708,0.026870748299319708
6,RandomForestClassifier,gender_blind,14,0.575,8842,3790,0,0.9812664907651715,0.9172629472778728,0.9900824137449364,0.9107181664924207,0.981521705423221,0.99824823146506,0.014080271155636872,0.0209630015825486,0.0032748876695229967,0.04047619047619047,0.04047619047619047
6,RandomForestClassifier,gender_blind,14,0.6,8842,3790,0,0.9812664907651715,0.9195388583501533,0.9900796423082298,0.9111154712723182,0.981521705423221,0.99824823146506,0.014080271155636872,0.01966766479498383,0.003948742116962389,0.023809523809523808,0.023809523809523808
6,RandomForestClassifier,gender_blind,14,0.625,8842,3790,0,0.9807387862796834,0.9192597626203178,0.9897973445143257,0.9090163193159864,0.981521705423221,0.99824823146506,0.014080271155636872,0.01837232800741906,0.0052964510118410635,0.023809523809523808,0.023809523809523808
6,RandomForestClassifier,gender_blind,14,0.65,8842,3790,0,0.9799472295514512,0.918841119025565,0.9893736017897091,0.9059017541658826,0.981521705423221,0.99824823146506,0.014080271155636872,0.01861513156377026,0.005017470776098043,0.023809523809523808,0.023809523809523808
6,RandomForestClassifier,gender_blind,14,0.675,8842,3790,0,0.979155672823219,0.9184224754308119,0.9889495034270528,0.9028274199269835,0.981521705423221,0.99824823146506,0.014080271155636872,0.019950839488970695,0.0035882187513243124,0.023809523809523808,0.023809523809523808
6,RandomForestClassifier,gender_blind,14,0.7,8842,3790,0,0.9783641160949869,0.9180038318360588,0.9885250489784495,0.8997924784062754,0.981521705423221,0.99824823146506,0.014080271155636872,0.020193643045321896,0.00330923851558107,0.023809523809523808,0.023809523809523808
7,LogisticRegression,gender_aware,15,0.3,8842,3790,0,0.9556728232189974,0.9492450258264671,0.9760751922529194,0.8374999617178576,0.9907278196421373,0.9994603365649872,0.04325426378205584,0.02291149990916075,0.006288130548279258,0.038680069930069935,0.038680069930069935
7,LogisticRegression,gender_aware,15,0.325,8842,3790,0,0.9522427440633245,0.9519827257270983,0.9741613133476088,0.8296893523259783,0.9907278196421373,0.9994603365649872,0.04325426378205584,0.023814677372666293,0.007560090418913812,0.04731206293706294,0.04731206293706294
7,LogisticRegression,gender_aware,15,0.35,8842,3790,0,0.9498680738786279,0.9530027060151197,0.9728338575922219,0.8243008878404795,0.9907278196421373,0.9994603365649872,0.04325426378205584,0.02536807306783917,0.008793633227465847,0.040319055944055944,0.040319055944055944
7,LogisticRegression,gender_aware,15,0.375,8842,3790,0,0.9482849604221636,0.9567172409701745,0.9719358533791523,0.8215383964882339,0.9907278196421373,0.9994603365649872,0.04325426378205584,0.024284376015060505,0.007929733579288611,0.04895104895104895,0.04895104895104895
7,LogisticRegression,gender_aware,15,0.4,8842,3790,0,0.9443271767810026,0.9546240229964095,0.969723059262448,0.8121937718570833,0.9907278196421373,0.9994603365649872,0.04325426378205584,0.022109737945246732,0.00573156739676306,0.04895104895104895,0.04895104895104895
7,LogisticRegression,gender_aware,15,0.425,8842,3790,0,0.9422163588390501,0.958059462221629,0.9685209141871496,0.8084980172861911,0.9907278196421373,0.9994603365649872,0.04325426378205584,0.02080930148191229,0.0034949841521547675,0.03496503496503497,0.03496503496503497
7,LogisticRegression,gender_aware,15,0.45,8842,3790,0,0.9395778364116095,0.9566639835724523,0.9670361307039009,0.8026333892066109,0.9907278196421373,0.9994603365649872,0.04325426378205584,0.020823789410425286,0.003571818276320138,0.03496503496503497,0.03496503496503497
7,LogisticRegression,gender_aware,15,0.475,8842,3790,0,0.937730870712401,0.9556871485180287,0.9659942363112392,0.7986221181556196,0.9907278196421373,0.9994603365649872,0.04325426378205584,0.021712478945417835,0.004550969110745151,0.03496503496503497,0.03496503496503497
7,LogisticRegression,gender_aware,15,0.5,8842,3790,0,0.9348284960422164,0.9541521220039343,0.9643527204502814,0.7924682189040961,0.9907278196421373,0.9994603365649872,0.04325426378205584,0.02326587464059071,0.006254878805468267,0.03496503496503497,0.03496503496503497
7,LogisticRegression,gender_aware,15,0.525,8842,3790,0,0.9306068601583114,0.9519193561652517,0.9619557355706639,0.7838264434974759,0.9907278196421373,0.9994603365649872,0.04325426378205584,0.022630144337436597,0.005683788193500572,0.03496503496503497,0.03496503496503497
7,LogisticRegression,gender_aware,15,0.55,8842,3790,0,0.9266490765171504,0.9498261381914866,0.9596984633227023,0.7760369149458086,0.9907278196421373,0.9994603365649872,0.04325426378205584,0.025946431174081463,0.009269165432908566,0.03496503496503497,0.03496503496503497
7,LogisticRegression,gender_aware,15,0.575,8842,3790,0,0.9242744063324538,0.9508461184795081,0.958327283287353,0.7720929345729695,0.9907278196421373,0.9994603365649872,0.04325426378205584,0.026401641887962457,0.009345999557073825,0.027972027972027972,0.027972027972027972
7,LogisticRegression,gender_aware,15,0.6,8842,3790,0,0.9213720316622691,0.9493110919654137,0.9566608493310064,0.7666826973927758,0.9907278196421373,0.9994603365649872,0.04325426378205584,0.027955037583135334,0.011049909251797052,0.027972027972027972,0.027972027972027972
7,LogisticRegression,gender_aware,15,0.625,8842,3790,0,0.9184696569920844,0.9500519765235997,0.9549759580358443,0.762006807469805,0.9907278196421373,0.9994603365649872,0.04325426378205584,0.03258624881162775,0.015537603201464911,0.02097902097902098,0.02097902097902098
7,LogisticRegression,gender_aware,15,0.65,8842,3790,0,0.91688654353562,0.9492146893340938,0.9540615429488114,0.7591884478229534,0.9907278196421373,0.9994603365649872,0.04325426378205584,0.03303421556125219,0.016046387149718733,0.02097902097902098,0.02097902097902098
7,LogisticRegression,gender_aware,15,0.675,8842,3790,0,0.9150395778364117,0.9505137653519504,0.9529789719626168,0.7565441307900516,0.9907278196421373,0.9994603365649872,0.04325426378205584,0.0326079807043973,0.015182487501541608,0.013986013986013986,0.015182487501541608
7,LogisticRegression,gender_aware,15,0.7,8842,3790,0,0.912664907651715,0.9492578345676914,0.951601111273578,0.7524537270268026,0.9907278196421373,0.9994603365649872,0.04325426378205584,0.03327993082883407,0.01594566342392223,0.013986013986013986,0.01594566342392223
7,RandomForestClassifier,gender_aware,15,0.3,8842,3790,0,0.9799472295514512,0.8528396979294333,0.9894590846047157,0.8920268395996551,0.9814772119010734,0.9983807859020948,0.0164551742972627,0.02241948985685638,0.004055744125579297,0.07801573426573427,0.07801573426573427
7,RandomForestClassifier,gender_aware,15,0.325,8842,3790,0,0.9804749340369393,0.8599465268761097,0.9897307799056342,0.8959349086693946,0.9814772119010734,0.9983807859020948,0.0164551742972627,0.020887826054453162,0.004526111011750489,0.03114073426573427,0.03114073426573427
7,RandomForestClassifier,gender_aware,15,0.35,8842,3790,0,0.9804749340369393,0.8644983490206706,0.9897250763676756,0.89697894030024,0.9814772119010734,0.9983807859020948,0.0164551742972627,0.02155253221463349,0.004310136099706208,0.04512674825174823,0.04512674825174823
7,RandomForestClassifier,gender_aware,15,0.375,8842,3790,0,0.9804749340369393,0.8758779043820726,0.9897107897664071,0.8994945701409356,0.9814772119010734,0.9983807859020948,0.0164551742972627,0.024861575087021692,0.005505261846175502,0.08009178321678323,0.08009178321678323
7,RandomForestClassifier,gender_aware,15,0.4,8842,3790,0,0.9796833773087071,0.8754592607873196,0.9892891918208374,0.8961791227646387,0.9814772119010734,0.9983807859020948,0.0164551742972627,0.025085558461834023,0.005759653820302413,0.08009178321678323,0.08009178321678323
7,RandomForestClassifier,gender_aware,15,0.425,8842,3790,0,0.9794195250659631,0.875319712922402,0.9891485809682805,0.8950844945657729,0.9814772119010734,0.9983807859020948,0.0164551742972627,0.02552628124720202,0.006230020706473605,0.08009178321678323,0.08009178321678323
7,RandomForestClassifier,gender_aware,15,0.45,8842,3790,0,0.9778364116094986,0.8790342478774567,0.9882975759264419,0.8896711760229223,0.9814772119010734,0.9983807859020948,0.0164551742972627,0.0266389541570069,0.006522829742683145,0.09407779720279721,0.09407779720279721
7,RandomForestClassifier,gender_aware,15,0.475,8842,3790,0,0.9781002638522427,0.8814497068146547,0.988435279364637,0.891239972188522,0.9814772119010734,0.9983807859020948,0.0164551742972627,0.027079676942374897,0.006522829742683145,0.10107080419580419,0.10107080419580419
7,RandomForestClassifier,gender_aware,15,0.5,8842,3790,0,0.9773087071240105,0.8855828853644626,0.9880055788005578,0.8891247406197911,0.9814772119010734,0.9983807859020948,0.0164551742972627,0.026870181496075674,0.00540453812037911,0.11505681818181818,0.11505681818181818
7,RandomForestClassifier,gender_aware,15,0.525,8842,3790,0,0.9773087071240105,0.8901347075090233,0.9879988836170807,0.8901347075090233,0.9814772119010734,0.9983807859020948,0.0164551742972627,0.02643670267496412,0.004031854523948053,0.12904283216783216,0.12904283216783216
7,RandomForestClassifier,gender_aware,15,0.55,8842,3790,0,0.9767810026385224,0.8944074339237489,0.9877094972067039,0.8890928438414472,0.9814772119010734,0.9983807859020948,0.0164551742972627,0.027982854405880442,0.0047566133842461555,0.14302884615384615,0.14302884615384615
7,RandomForestClassifier,gender_aware,15,0.575,8842,3790,0,0.9762532981530343,0.896404249266194,0.9874231414197876,0.8875794952381957,0.9814772119010734,0.9983807859020948,0.0164551742972627,0.029745745547352542,0.006167714042759842,0.15002185314685315,0.15002185314685315
7,RandomForestClassifier,gender_aware,15,0.6,8842,3790,0,0.9762532981530343,0.9009560714107547,0.9874161073825504,0.8885678667753873,0.9814772119010734,0.9983807859020948,0.0164551742972627,0.0293122667262411,0.00595173913071545,0.14138986013986013,0.14138986013986013
7,RandomForestClassifier,gender_aware,15,0.625,8842,3790,0,0.9744063324538259,0.899979236356331,0.9864240727781666,0.8817177835155201,0.9814772119010734,0.9983807859020948,0.0164551742972627,0.028004586298650103,0.004617472596367134,0.14138986013986013,0.14138986013986013
7,RandomForestClassifier,gender_aware,15,0.65,8842,3790,0,0.9741424802110817,0.9043915106359742,0.9862745098039216,0.8817736185383245,0.9814772119010734,0.9983807859020948,0.0164551742972627,0.028011830262906656,0.004871864570494044,0.13275786713286714,0.13275786713286714
7,RandomForestClassifier,gender_aware,15,0.675,8842,3790,0,0.9730870712401055,0.906109230248584,0.9857022708158116,0.8785013596231525,0.9814772119010734,0.9983807859020948,0.0164551742972627,0.02955798199382287,0.006066990316963339,0.1397508741258741,0.1397508741258741
7,RandomForestClassifier,gender_aware,15,0.7,8842,3790,0,0.9722955145118733,0.917070142015233,0.9852548799325938,0.8782483549989766,0.9814772119010734,0.9983807859020948,0.0164551742972627,0.028698268315856534,0.005203090668786214,0.1294798951048951,0.1294798951048951
7,LogisticRegression,gender_blind,14,0.3,8842,3790,0,0.9548812664907652,0.9465504711594338,0.97564449508617,0.8348705480797576,0.9907365835177118,0.9994607382941916,0.04323670077175818,0.023352222694528746,0.006072155636234977,0.023055069930069935,0.023055069930069935
7,LogisticRegression,gender_blind,14,0.325,8842,3790,0,0.9519788918205805,0.9518431778621806,0.9740148486579098,0.8290213132178438,0.9907365835177118,0.9994607382941916,0.04323670077175818,0.02425540015803429,0.008030457305085004,0.04731206293706294,0.04731206293706294
7,LogisticRegression,gender_blind,14,0.35,8842,3790,0,0.9496042216358839,0.9528631581502021,0.9726869726869727,0.823651833873299,0.9907365835177118,0.9994607382941916,0.04323670077175818,0.024710610871915395,0.008107291429250374,0.040319055944055944,0.040319055944055944
7,LogisticRegression,gender_blind,14,0.375,8842,3790,0,0.9480211081794195,0.9565776931052568,0.9717886295288558,0.8209026899738081,0.9907365835177118,0.9994607382941916,0.04323670077175818,0.024725098800428502,0.008400100465459803,0.04895104895104895,0.04895104895104895
7,LogisticRegression,gender_blind,14,0.4,8842,3790,0,0.9437994722955145,0.9543449272665742,0.9694273001291804,0.8109779241265804,0.9907365835177118,0.9994607382941916,0.04323670077175818,0.020794813553399183,0.004358883800332003,0.04895104895104895,0.04895104895104895
7,LogisticRegression,gender_blind,14,0.425,8842,3790,0,0.941952506596306,0.9579199143567113,0.968372627947096,0.8079042626914967,0.9907365835177118,0.9994607382941916,0.04323670077175818,0.02234820924857195,0.005122059722712735,0.03496503496503497,0.03496503496503497
7,LogisticRegression,gender_blind,14,0.45,8842,3790,0,0.9390501319261214,0.956384887842617,0.9667386609071275,0.8014795666740362,0.9907365835177118,0.9994607382941916,0.04323670077175818,0.02060704999986962,0.0033558433642757457,0.03496503496503497,0.03496503496503497
7,LogisticRegression,gender_blind,14,0.475,8842,3790,0,0.9382585751978891,0.955966244247864,0.9662921348314607,0.7997604874784263,0.9907365835177118,0.9994607382941916,0.04323670077175818,0.02083103337468184,0.0036102353384026564,0.03496503496503497,0.03496503496503497
7,LogisticRegression,gender_blind,14,0.5,8842,3790,0,0.9343007915567282,0.953873026274099,0.964053702901689,0.7913683522165413,0.9907365835177118,0.9994607382941916,0.04323670077175818,0.021950950248743273,0.00488219520903721,0.03496503496503497,0.03496503496503497
7,LogisticRegression,gender_blind,14,0.525,8842,3790,0,0.9298153034300791,0.9515007125704986,0.9615050651230101,0.7822450698749379,0.9907365835177118,0.9994607382941916,0.04323670077175818,0.02505049767483236,0.008251597536401034,0.03496503496503497,0.03496503496503497
7,LogisticRegression,gender_blind,14,0.55,8842,3790,0,0.9274406332453826,0.9502447817862396,0.9601507027966961,0.7775716695132229,0.9907365835177118,0.9994607382941916,0.04323670077175818,0.02462426281797747,0.00785806477439499,0.03496503496503497,0.03496503496503497
7,LogisticRegression,gender_blind,14,0.575,8842,3790,0,0.924802110817942,0.948849303137063,0.9586417065737919,0.7724993728805098,0.9907365835177118,0.9994607382941916,0.04323670077175818,0.0268351207090739,0.01024831626733369,0.03496503496503497,0.03496503496503497
7,LogisticRegression,gender_blind,14,0.6,8842,3790,0,0.9216358839050132,0.9494506398303314,0.9568125636178566,0.7671687284661117,0.9907365835177118,0.9994607382941916,0.04323670077175818,0.027514314797767336,0.01057954236562586,0.027972027972027972,0.027972027972027972
7,LogisticRegression,gender_blind,14,0.625,8842,3790,0,0.9184696569920844,0.9500519765235997,0.9549759580358443,0.762006807469805,0.9907365835177118,0.9994607382941916,0.04323670077175818,0.03258624881162775,0.015537603201464911,0.02097902097902098,0.02097902097902098
7,LogisticRegression,gender_blind,14,0.65,8842,3790,0,0.91688654353562,0.9492146893340938,0.9540615429488114,0.7591884478229534,0.9907365835177118,0.9994607382941916,0.04323670077175818,0.03413240054254396,0.017203095834105397,0.02097902097902098,0.02097902097902098
7,LogisticRegression,gender_blind,14,0.675,8842,3790,0,0.9150395778364117,0.9482378542796701,0.952992700729927,0.755948405159484,0.9907365835177118,0.9994607382941916,0.04323670077175818,0.032824720114952965,0.01586882929975708,0.02097902097902098,0.02097902097902098
7,LogisticRegression,gender_blind,14,0.7,8842,3790,0,0.9131926121372032,0.9495369302975268,0.9519076158456367,0.7533557023747804,0.9907365835177118,0.9994607382941916,0.04323670077175818,0.032398485258098075,0.015004929651579846,0.013986013986013986,0.015004929651579846
7,RandomForestClassifier,gender_blind,14,0.3,8842,3790,0,0.9783641160949869,0.8588301439567685,0.9886079466518477,0.8869741303939866,0.9808023934818338,0.9983574604599947,0.01849038785400107,0.027708163281272347,0.00713233741673347,0.12161276223776224,0.12161276223776224
7,RandomForestClassifier,gender_blind,14,0.325,8842,3790,0,0.9781002638522427,0.8609665071641313,0.9884642112578179,0.8864398978367012,0.9808023934818338,0.9983574604599947,0.01849038785400107,0.026833961674792906,0.005759653820302413,0.12860576923076922,0.12860576923076922
7,RandomForestClassifier,gender_blind,14,0.35,8842,3790,0,0.9781002638522427,0.865518329308692,0.9884577944653039,0.8875450926054026,0.9808023934818338,0.9983574604599947,0.01849038785400107,0.026400482853681462,0.004386970223871356,0.14259178321678323,0.14259178321678323
7,RandomForestClassifier,gender_blind,14,0.375,8842,3790,0,0.9781002638522427,0.8700701514532528,0.9884513705301239,0.8886277208884716,0.9808023934818338,0.9983574604599947,0.01849038785400107,0.025967004032570018,0.004170995311827075,0.1339597902097902,0.1339597902097902
7,RandomForestClassifier,gender_blind,14,0.4,8842,3790,0,0.9770448548812665,0.8717878710658625,0.9878846957248294,0.8849197914714373,0.9808023934818338,0.9983574604599947,0.01849038785400107,0.025316785800902908,0.0030527036895230397,0.14095279720279721,0.14095279720279721
7,RandomForestClassifier,gender_blind,14,0.425,8842,3790,0,0.974934036939314,0.8706714881465212,0.986755890143594,0.8766703283641804,0.9808023934818338,0.9983574604599947,0.01849038785400107,0.023351643177388137,0.0010320953569590285,0.14095279720279721,0.14095279720279721
7,RandomForestClassifier,gender_blind,14,0.45,8842,3790,0,0.9744063324538259,0.8726683034889663,0.9864695215511229,0.8752298945955128,0.9808023934818338,0.9983574604599947,0.01849038785400107,0.024016349337568466,0.0012864873310860503,0.1479458041958042,0.1479458041958042
7,RandomForestClassifier,gender_blind,14,0.475,8842,3790,0,0.9744063324538259,0.8794960367058076,0.9864581879100935,0.876922139518596,0.9808023934818338,0.9983574604599947,0.01849038785400107,0.023366131105901244,0.00038417062082618525,0.14630681818181818,0.14630681818181818
7,RandomForestClassifier,gender_blind,14,0.5,8842,3790,0,0.9738786279683377,0.8792169409759721,0.9861751152073732,0.8749491327826842,0.9808023934818338,0.9983574604599947,0.01849038785400107,0.023149391695345467,0.00016819570878190415,0.14630681818181818,0.14630681818181818
7,RandomForestClassifier,gender_blind,14,0.525,8842,3790,0,0.9738786279683377,0.8814928520482526,0.9861712529682917,0.8755084293345021,0.9808023934818338,0.9983574604599947,0.01849038785400107,0.024030837266081462,0.000638562594953096,0.15329982517482518,0.15329982517482518
7,RandomForestClassifier,gender_blind,14,0.55,8842,3790,0,0.9736147757255936,0.8836292152556153,0.9860257126886529,0.8750883280424397,0.9808023934818338,0.9983574604599947,0.01849038785400107,0.02315663565960202,0.0007341210014779609,0.16029283216783216,0.16029283216783216
7,RandomForestClassifier,gender_blind,14,0.575,8842,3790,0,0.9730870712401055,0.88335011952578,0.9857422421023204,0.8731528111920053,0.9808023934818338,0.9983574604599947,0.01849038785400107,0.022939896249046243,0.000950095913522242,0.16029283216783216,0.16029283216783216
7,RandomForestClassifier,gender_blind,14,0.6,8842,3790,0,0.9733509234828496,0.8857655784629781,0.9858800503285334,0.8746730462415501,0.9808023934818338,0.9983574604599947,0.01849038785400107,0.02228243405312258,0.000950095913522242,0.14466783216783216,0.14466783216783216
7,RandomForestClassifier,gender_blind,14,0.625,8842,3790,0,0.9736147757255936,0.8950087706170173,0.9860061572907921,0.8777957053735066,0.9808023934818338,0.9983574604599947,0.01849038785400107,0.025367493550698672,0.0004610047449914445,0.17263986013986013,0.17263986013986013
7,RandomForestClassifier,gender_blind,14,0.65,8842,3790,0,0.9720316622691293,0.8964473944997917,0.9851499019333146,0.8726654487042138,0.9808023934818338,0.9983574604599947,0.01849038785400107,0.025598720889767446,0.0014401555794164578,0.15701486013986013,0.15701486013986013
7,RandomForestClassifier,gender_blind,14,0.675,8842,3790,0,0.9712401055408971,0.8983046619773191,0.9847189120986962,0.8704355186891691,0.9808023934818338,0.9983574604599947,0.01849038785400107,0.025605964854024,0.0010082057553277846,0.16400786713286714,0.16400786713286714
7,RandomForestClassifier,gender_blind,14,0.7,8842,3790,0,0.970712401055409,0.9003014773197642,0.984429793799972,0.86915502993768,0.9808023934818338,0.9983574604599947,0.01849038785400107,0.026270671014204217,0.0012625977294548063,0.1710008741258741,0.1710008741258741
8,LogisticRegression,gender_aware,15,0.3,8842,3790,0,0.9638522427440633,0.9512950985666344,0.9805811481218993,0.8598143835847591,0.9923403727478526,0.9995069684571598,0.03589862230967118,0.03750689974259236,0.01841906287905848,0.08167583580194668,0.08167583580194668
8,LogisticRegression,gender_aware,15,0.325,8842,3790,0,0.9617414248021108,0.9547305377918539,0.9794121823086753,0.854696780167373,0.9923403727478526,0.9995069684571598,0.03589862230967118,0.039561890510715125,0.02085275882150428,0.07416419805332204,0.07416419805332204
8,LogisticRegression,gender_aware,15,0.35,8842,3790,0,0.9606860158311346,0.9610000795490244,0.9788141618086165,0.853209640319299,0.9923403727478526,0.9995069684571598,0.03589862230967118,0.03963402582271047,0.02071183354086026,0.07384680490901396,0.07384680490901396
8,LogisticRegression,gender_aware,15,0.375,8842,3790,0,0.9588390501319262,0.9600232444946009,0.977796754910333,0.8481041536284517,0.9923403727478526,0.9995069684571598,0.03589862230967118,0.0405593776049864,0.021723728535438802,0.07384680490901396,0.07384680490901396
8,LogisticRegression,gender_aware,15,0.4,8842,3790,0,0.9572559366754617,0.9637377794496556,0.9769099201824402,0.8448379388146243,0.9923403727478526,0.9995069684571598,0.03589862230967118,0.03625722759758543,0.018598276078416243,0.04443504020313161,0.04443504020313161
8,LogisticRegression,gender_aware,15,0.425,8842,3790,0,0.9538258575197889,0.9641995682780062,0.9750035709184403,0.8363791602433306,0.9923403727478526,0.9995069684571598,0.03589862230967118,0.03308471657603107,0.016010784966683067,0.029729157850190438,0.029729157850190438
8,LogisticRegression,gender_aware,15,0.45,8842,3790,0,0.950395778364116,0.9623854460340766,0.9730967372638809,0.8277645848481567,0.9923403727478526,0.9995069684571598,0.03589862230967118,0.03011649275804751,0.012949360205660843,0.029729157850190438,0.029729157850190438
8,LogisticRegression,gender_aware,15,0.475,8842,3790,0,0.9482849604221636,0.9612690631147354,0.971919770773639,0.8226265520534861,0.9923403727478526,0.9995069684571598,0.03589862230967118,0.028205772613915325,0.010976728023860849,0.029729157850190438,0.029729157850190438
8,LogisticRegression,gender_aware,15,0.5,8842,3790,0,0.946174142480211,0.9624285912676744,0.9707317073170731,0.8181527389044383,0.9923403727478526,0.9995069684571598,0.03589862230967118,0.028277907925910672,0.011783670041794925,0.015023275497249258,0.015023275497249258
8,LogisticRegression,gender_aware,15,0.525,8842,3790,0,0.9435356200527705,0.9610331126184977,0.9692528735632184,0.8120457916203189,0.9923403727478526,0.9995069684571598,0.03589862230967118,0.03272432855730234,0.01652300653468597,0.015023275497249258,0.01652300653468597
8,LogisticRegression,gender_aware,15,0.55,8842,3790,0,0.9398416886543536,0.9590794425096504,0.9671753527209905,0.8037769508084448,0.9923403727478526,0.9995069684571598,0.03589862230967118,0.03348146079200531,0.01739397624862049,0.015023275497249258,0.01739397624862049
8,LogisticRegression,gender_aware,15,0.575,8842,3790,0,0.9372031662269129,0.9576839638604737,0.9656862745098039,0.7980605285592498,0.9923403727478526,0.9995069684571598,0.03589862230967118,0.035740738763698876,0.019827672191066403,0.015023275497249258,0.019827672191066403
8,LogisticRegression,gender_aware,15,0.6,8842,3790,0,0.9353562005277045,0.95670712880605,0.9646413623899552,0.7941486381842249,0.9923403727478526,0.9995069684571598,0.03589862230967118,0.036666090545974916,0.020839567185644947,0.015023275497249258,0.020839567185644947
8,LogisticRegression,gender_aware,15,0.625,8842,3790,0,0.9321899736147757,0.9573084654993185,0.9628344179320318,0.788184126259249,0.9923403727478526,0.9995069684571598,0.03589862230967118,0.038516794110526886,0.022389423525512986,0.022217520101565805,0.022389423525512986
8,LogisticRegression,gender_aware,15,0.65,8842,3790,0,0.9300791556728232,0.9561920825799771,0.9616331258143912,0.7839369195193798,0.9923403727478526,0.9995069684571598,0.03589862230967118,0.040980359285791135,0.025028072444603144,0.022217520101565805,0.025028072444603144
8,LogisticRegression,gender_aware,15,0.675,8842,3790,0,0.9282321899736148,0.9574911585978338,0.9605682806610611,0.7808706505944603,0.9923403727478526,0.9995069684571598,0.03589862230967118,0.043888566524194594,0.027666721363693303,0.029411764705882353,0.029411764705882353
8,LogisticRegression,gender_aware,15,0.7,8842,3790,0,0.9240105540897098,0.9575343038314316,0.958139534883721,0.7733554817275747,0.9923403727478526,0.9995069684571598,0.03589862230967118,0.039862839032359654,0.024195390649382476,0.014705882352941176,0.024195390649382476
8,RandomForestClassifier,gender_aware,15,0.3,8842,3790,0,0.9820580474934036,0.8607838140656159,0.9905712701053799,0.9028943307048638,0.9781496357598483,0.9978577185933809,0.014490120501413562,0.02237666232219726,0.0029076295917349615,0.13743123148539993,0.13743123148539993
8,RandomForestClassifier,gender_aware,15,0.325,8842,3790,0,0.9815303430079155,0.8673324515526217,0.9902831760133259,0.9020564816236842,0.9781496357598483,0.9978577185933809,0.014490120501413562,0.022653084837763293,0.004124477562957862,0.11521371138383413,0.11521371138383413
8,RandomForestClassifier,gender_aware,15,0.35,8842,3790,0,0.9807387862796834,0.8691897190301491,0.9898597027364912,0.8991293264338625,0.9781496357598483,0.9978577185933809,0.014490120501413562,0.02378272382361013,0.004867391884891714,0.12240795598815069,0.12240795598815069
8,RandomForestClassifier,gender_aware,15,0.375,8842,3790,0,0.9807387862796834,0.8737415411747098,0.989854065323141,0.9001218378563758,0.9781496357598483,0.9978577185933809,0.014490120501413562,0.025561292076166864,0.005815259183469923,0.13679644519678377,0.13679644519678377
8,RandomForestClassifier,gender_aware,15,0.4,8842,3790,0,0.9812664907651715,0.8808483701213864,0.9901265470727298,0.9038036334335371,0.9781496357598483,0.9978577185933809,0.014490120501413562,0.02515271766902527,0.006289192832759083,0.11457892509521794,0.11457892509521794
8,RandomForestClassifier,gender_aware,15,0.425,8842,3790,0,0.9804749340369393,0.8804297265266334,0.9897050639955481,0.9004647768957332,0.9781496357598483,0.9978577185933809,0.014490120501413562,0.02429950119874469,0.005405353230181209,0.11457892509521794,0.11457892509521794
8,RandomForestClassifier,gender_aware,15,0.45,8842,3790,0,0.9807387862796834,0.8851210965361118,0.9898399443284621,0.9025149088730918,0.9781496357598483,0.9978577185933809,0.014490120501413562,0.024539856058312992,0.005879286879470369,0.10706728734659332,0.10706728734659332
8,RandomForestClassifier,gender_aware,15,0.475,8842,3790,0,0.9815303430079155,0.892367473347706,0.9902534113060428,0.9071870071605591,0.9781496357598483,0.9978577185933809,0.014490120501413562,0.025873782247730515,0.005879286879470369,0.12865002115954297,0.12865002115954297
8,RandomForestClassifier,gender_aware,15,0.5,8842,3790,0,0.9810026385224274,0.8943642886901512,0.9899693507940931,0.9054324365910764,0.9781496357598483,0.9978577185933809,0.014490120501413562,0.02655877917043814,0.00614826755211495,0.13584426576385952,0.13584426576385952
8,RandomForestClassifier,gender_aware,15,0.525,8842,3790,0,0.9804749340369393,0.8963611040325963,0.9896849735154726,0.9037094818316279,0.9781496357598483,0.9978577185933809,0.014490120501413562,0.028337347422994763,0.007570068499982319,0.14303851036817605,0.14303851036817605
8,RandomForestClassifier,gender_aware,15,0.55,8842,3790,0,0.9799472295514512,0.896082008302761,0.9894032348020078,0.901564362499043,0.9781496357598483,0.9978577185933809,0.014490120501413562,0.028133060219424078,0.007365115523337851,0.14303851036817605,0.14303851036817605
8,RandomForestClassifier,gender_aware,15,0.575,8842,3790,0,0.9802110817941952,0.898497467239959,0.9895412076418909,0.9030835622561533,0.9781496357598483,0.9978577185933809,0.014490120501413562,0.02857770228256329,0.007365115523337851,0.1502327549724926,0.1502327549724926
8,RandomForestClassifier,gender_aware,15,0.6,8842,3790,0,0.9807387862796834,0.9033283851143551,0.9898172687962059,0.906100848510025,0.9781496357598483,0.9978577185933809,0.014490120501413562,0.0294669864088416,0.007365115523337851,0.1646212441811257,0.1646212441811257
8,RandomForestClassifier,gender_aware,15,0.625,8842,3790,0,0.9807387862796834,0.9056042961866355,0.9898144272359425,0.906529489647027,0.9781496357598483,0.9978577185933809,0.014490120501413562,0.03035627053511991,0.00783904917262701,0.17181548878544223,0.17181548878544223
8,RandomForestClassifier,gender_aware,15,0.65,8842,3790,0,0.9804749340369393,0.9077406593939983,0.9896705750977107,0.9058929798565476,0.9781496357598483,0.9978577185933809,0.014490120501413562,0.029503054064839218,0.007634096195982654,0.15710960643250105,0.15710960643250105
8,RandomForestClassifier,gender_aware,15,0.675,8842,3790,0,0.9802110817941952,0.909877022601361,0.9895266024298283,0.9052644945323365,0.9781496357598483,0.9978577185933809,0.014490120501413562,0.028649837594558636,0.007429143219338297,0.14240372407955987,0.14240372407955987
8,RandomForestClassifier,gender_aware,15,0.7,8842,3790,0,0.9802110817941952,0.9144288447459217,0.989520748917144,0.9061078921890684,0.9781496357598483,0.9978577185933809,0.014490120501413562,0.028241263187417043,0.00722419024269394,0.13489208633093525,0.13489208633093525
8,LogisticRegression,gender_blind,14,0.3,8842,3790,0,0.9646437994722955,0.9539896532336678,0.9810090702947846,0.8626419397275449,0.9923289122951783,0.9995065940397206,0.035939729910608884,0.033781543689905935,0.015165555030035138,0.0669699534490055,0.0669699534490055
8,LogisticRegression,gender_blind,14,0.325,8842,3790,0,0.9633245382585752,0.95556782498136,0.9802808909065116,0.8592553230427097,0.9923289122951783,0.9995065940397206,0.035939729910608884,0.03251975281248376,0.014550696100101956,0.05226407109606433,0.05226407109606433
8,LogisticRegression,gender_blind,14,0.35,8842,3790,0,0.9596306068601583,0.9536141548725126,0.9782515991471216,0.8487588270964965,0.9923289122951783,0.9995065940397206,0.035939729910608884,0.03327688504718662,0.015421665814036478,0.05226407109606433,0.05226407109606433
8,LogisticRegression,gender_blind,14,0.375,8842,3790,0,0.9583113456464379,0.9642959709093262,0.9774928774928775,0.8476750101750101,0.9923289122951783,0.9995065940397206,0.035939729910608884,0.03119794535548137,0.013244080655592128,0.04443504020313161,0.04443504020313161
8,LogisticRegression,gender_blind,14,0.4,8842,3790,0,0.9546174142480212,0.9646182118727593,0.9754426042261565,0.8384157465575226,0.9923289122951783,0.9995065940397206,0.035939729910608884,0.027376505067217116,0.009977702917925546,0.029729157850190438,0.029729157850190438
8,LogisticRegression,gender_blind,14,0.425,8842,3790,0,0.9519788918205805,0.9632227332235827,0.9739776951672863,0.8316987451945647,0.9923289122951783,0.9995065940397206,0.035939729910608884,0.025261497719514248,0.0078001177594810844,0.029729157850190438,0.029729157850190438
8,LogisticRegression,gender_blind,14,0.45,8842,3790,0,0.9496042216358839,0.9642427135116041,0.9726478590863525,0.8263574303806972,0.9923289122951783,0.9995065940397206,0.035939729910608884,0.02359113243495059,0.0067753528762593,0.015023275497249258,0.015023275497249258
8,LogisticRegression,gender_blind,14,0.475,8842,3790,0,0.9482849604221636,0.9635449741870157,0.9719117225566065,0.8231651636038846,0.9923289122951783,0.9995065940397206,0.035939729910608884,0.02362720009094821,0.0068393805722595236,0.015023275497249258,0.015023275497249258
8,LogisticRegression,gender_blind,14,0.5,8842,3790,0,0.9456464379947229,0.9621494955378391,0.9704362801377727,0.8169174864741151,0.9923289122951783,0.9995065940397206,0.035939729910608884,0.024792906732792552,0.00812025623948287,0.015023275497249258,0.015023275497249258
8,LogisticRegression,gender_blind,14,0.525,8842,3790,0,0.9435356200527705,0.9610331126184977,0.9692528735632184,0.8120457916203189,0.9923289122951783,0.9995065940397206,0.035939729910608884,0.027256471908056912,0.01075890515857314,0.015023275497249258,0.015023275497249258
8,LogisticRegression,gender_blind,14,0.55,8842,3790,0,0.9398416886543536,0.9590794425096504,0.9671753527209905,0.8037769508084448,0.9923289122951783,0.9995065940397206,0.035939729910608884,0.029107175472608993,0.012782695147730228,0.015023275497249258,0.015023275497249258
8,LogisticRegression,gender_blind,14,0.575,8842,3790,0,0.9372031662269129,0.9576839638604737,0.9656862745098039,0.7980605285592498,0.9923289122951783,0.9995065940397206,0.035939729910608884,0.030272882114453337,0.014063570814953463,0.015023275497249258,0.015023275497249258
8,LogisticRegression,gender_blind,14,0.6,8842,3790,0,0.9348284960422164,0.9564280330762147,0.9643424281795872,0.7930441084236374,0.9923289122951783,0.9995065940397206,0.035939729910608884,0.033181089352856796,0.017176153383332893,0.015023275497249258,0.017176153383332893
8,LogisticRegression,gender_blind,14,0.625,8842,3790,0,0.9319261213720317,0.9548930065621204,0.9626951995373048,0.7870704913349175,0.9923289122951783,0.9995065940397206,0.035939729910608884,0.03697858071753857,0.02123660325029042,0.015023275497249258,0.02123660325029042
8,LogisticRegression,gender_blind,14,0.65,8842,3790,0,0.9306068601583114,0.9564711783098125,0.9619337096540744,0.7849906998344888,0.9923289122951783,0.9995065940397206,0.035939729910608884,0.03790393249981461,0.021774564595579804,0.022217520101565805,0.022217520101565805
8,LogisticRegression,gender_blind,14,0.675,8842,3790,0,0.9269129287598945,0.9567934192732455,0.9598143043667489,0.7783059877001139,0.9923289122951783,0.9995065940397206,0.035939729910608884,0.03517606354139946,0.01966100713313579,0.007511637748624629,0.01966100713313579
8,LogisticRegression,gender_blind,14,0.7,8842,3790,0,0.9234828496042217,0.9572552081015963,0.9578365804012794,0.7723655836479331,0.9923289122951783,0.9995065940397206,0.035939729910608884,0.03747140916909064,0.021684797122292876,0.014705882352941176,0.021684797122292876
8,RandomForestClassifier,gender_blind,14,0.3,8842,3790,0,0.9828496042216359,0.879409746238612,0.9909709681900264,0.910183646824672,0.9773170675802669,0.9976790215075443,0.014016443833997342,0.020502009834062807,0.004124477562957862,0.06358442657638597,0.06358442657638597
8,RandomForestClassifier,gender_blind,14,0.325,8842,3790,0,0.98311345646438,0.8818252051758101,0.991108641289247,0.9117846871367701,0.9773170675802669,0.9976790215075443,0.014016443833997342,0.020946651897202018,0.004124477562957862,0.0707786711807025,0.0707786711807025
8,RandomForestClassifier,gender_blind,14,0.35,8842,3790,0,0.9836411609498681,0.8957597673393278,0.9913745130773511,0.9166056238856144,0.9773170675802669,0.9976790215075443,0.014016443833997342,0.018831644549499038,0.0025617513344465825,0.0482437579348286,0.0482437579348286
8,RandomForestClassifier,gender_blind,14,0.375,8842,3790,0,0.9825857519788919,0.8952015758796572,0.9908129175946548,0.9120731254639941,0.9773170675802669,0.9976790215075443,0.014016443833997342,0.018423070142357667,0.0021518453811577576,0.0482437579348286,0.0482437579348286
8,RandomForestClassifier,gender_blind,14,0.4,8842,3790,0,0.9823218997361478,0.8996138501593003,0.9906672238473325,0.9117924647914967,0.9773170675802669,0.9976790215075443,0.014016443833997342,0.017365566468506177,0.0012680057785799947,0.04073212018620398,0.04073212018620398
8,RandomForestClassifier,gender_blind,14,0.425,8842,3790,0,0.9815303430079155,0.9060229397813885,0.9902370990237099,0.9097526958533184,0.9773170675802669,0.9976790215075443,0.014016443833997342,0.021367345036758745,0.00411160767431451,0.062314853999153624,0.062314853999153624
8,RandomForestClassifier,gender_blind,14,0.45,8842,3790,0,0.9815303430079155,0.9060229397813885,0.9902370990237099,0.9097526958533184,0.9773170675802669,0.9976790215075443,0.014016443833997342,0.021367345036758745,0.00411160767431451,0.062314853999153624,0.062314853999153624
8,RandomForestClassifier,gender_blind,14,0.475,8842,3790,0,0.9815303430079155,0.9128506729982298,0.9902289223897264,0.9109798458102478,0.9773170675802669,0.9976790215075443,0.014016443833997342,0.020754483426046466,0.0020749477965141816,0.08389758781210324,0.08389758781210324
8,RandomForestClassifier,gender_blind,14,0.5,8842,3790,0,0.9812664907651715,0.9149870362055924,0.9900851836335707,0.9103170548239452,0.9773170675802669,0.9976790215075443,0.014016443833997342,0.02208840961546399,0.0030228150950923904,0.0910918324164198,0.0910918324164198
8,RandomForestClassifier,gender_blind,14,0.525,8842,3790,0,0.9812664907651715,0.9195388583501533,0.9900796423082298,0.9111154712723182,0.9773170675802669,0.9976790215075443,0.014016443833997342,0.021679835208322396,0.0028178621184480335,0.08358019466779516,0.08358019466779516
8,RandomForestClassifier,gender_blind,14,0.55,8842,3790,0,0.9812664907651715,0.924090680494714,0.9900740947854048,0.9118988740905947,0.9773170675802669,0.9976790215075443,0.014016443833997342,0.021271260801180913,0.0026129091418035655,0.07606855691917053,0.07606855691917053
8,RandomForestClassifier,gender_blind,14,0.575,8842,3790,0,0.9812664907651715,0.9286425026392748,0.990068541054693,0.9126676812002004,0.9773170675802669,0.9976790215075443,0.014016443833997342,0.02195625772388854,0.0024079561651593195,0.09045704612780363,0.09045704612780363
8,RandomForestClassifier,gender_blind,14,0.6,8842,3790,0,0.9812664907651715,0.9286425026392748,0.990068541054693,0.9126676812002004,0.9773170675802669,0.9976790215075443,0.014016443833997342,0.02195625772388854,0.0024079561651593195,0.09045704612780363,0.09045704612780363
8,RandomForestClassifier,gender_blind,14,0.625,8842,3790,0,0.9810026385224274,0.9285029547743572,0.9899272523782876,0.9116302928558104,0.9773170675802669,0.9976790215075443,0.014016443833997342,0.02240089978702775,0.0028818898144483684,0.09045704612780363,0.09045704612780363
8,RandomForestClassifier,gender_blind,14,0.65,8842,3790,0,0.9807387862796834,0.9283634069094395,0.9897859241639849,0.9105973500727547,0.9773170675802669,0.9976790215075443,0.014016443833997342,0.02284554185016696,0.0033558234637375284,0.09045704612780363,0.09045704612780363
8,RandomForestClassifier,gender_blind,14,0.675,8842,3790,0,0.9802110817941952,0.9280843111796042,0.9895031490552834,0.9085446779759175,0.9773170675802669,0.9976790215075443,0.014016443833997342,0.022641254646596054,0.0031508704870930604,0.09045704612780363,0.09045704612780363
8,RandomForestClassifier,gender_blind,14,0.7,8842,3790,0,0.9796833773087071,0.9278052154497689,0.9892202155956881,0.9065094212989881,0.9773170675802669,0.9976790215075443,0.014016443833997342,0.02243696744302537,0.0029459175104488144,0.09045704612780363,0.09045704612780363
9,LogisticRegression,gender_aware,15,0.3,8842,3790,0,0.9633245382585752,0.9441882696199579,0.9803088256126931,0.8567570999464618,0.991417469235426,0.9994859305561428,0.04042265883314988,0.026042570420498623,0.0027654949100354154,0.040917691579943224,0.040917691579943224
9,LogisticRegression,gender_aware,15,0.325,8842,3790,0,0.9604221635883905,0.9472050652504245,0.9787052810902896,0.8494272674108165,0.991417469235426,0.9994859305561428,0.04042265883314988,0.026103302678003426,0.0023643582166755772,0.029683065279091772,0.029683065279091772
9,LogisticRegression,gender_aware,15,0.35,8842,3790,0,0.9556728232189974,0.9492450258264671,0.9760751922529194,0.8374999617178576,0.991417469235426,0.9994859305561428,0.04042265883314988,0.025973162126207483,0.0009492817819604094,0.006031220435193947,0.006031220435193947
9,LogisticRegression,gender_aware,15,0.375,8842,3790,0,0.9519788918205805,0.9518431778621806,0.9740148486579098,0.8290213132178438,0.991417469235426,0.9994859305561428,0.04042265883314988,0.02297703742263868,0.003736007663737384,0.017265846736045413,0.017265846736045413
9,LogisticRegression,gender_aware,15,0.4,8842,3790,0,0.9485488126649076,0.9545808777628118,0.9720910261914985,0.8216273006168284,0.991417469235426,0.9994859305561428,0.04042265883314988,0.02392272543235585,0.002386554232587268,0.02850047303689688,0.02850047303689688
9,LogisticRegression,gender_aware,15,0.425,8842,3790,0,0.9445910290237467,0.9524876597890468,0.9698795180722891,0.812242390615092,0.991417469235426,0.9994859305561428,0.04042265883314988,0.02617560298455668,0.00011548361901858595,0.02850047303689688,0.02850047303689688
9,LogisticRegression,gender_aware,15,0.45,8842,3790,0,0.9401055408970976,0.9546671682300072,0.9673428283700187,0.803226263151623,0.991417469235426,0.9994859305561428,0.04042265883314988,0.028891202498698587,0.002208986105294075,0.0152554399243141,0.0152554399243141
9,LogisticRegression,gender_aware,15,0.475,8842,3790,0,0.9369393139841689,0.9529925938509952,0.9655569966854014,0.7963510412444168,0.991417469235426,0.9994859305561428,0.04042265883314988,0.02872057377523285,0.002135964429758608,0.0152554399243141,0.0152554399243141
9,LogisticRegression,gender_aware,15,0.5,8842,3790,0,0.9337730870712401,0.9558698416165441,0.9637440416004622,0.7908522338900332,0.991417469235426,0.9994859305561428,0.04042265883314988,0.03031985655619185,0.004163843912469156,0.026490066225165563,0.026490066225165563
9,LogisticRegression,gender_aware,15,0.525,8842,3790,0,0.9311345646437995,0.9567502740396479,0.9622341195196065,0.7860497951858122,0.991417469235426,0.9994859305561428,0.04042265883314988,0.03453351842211816,0.008227001549861002,0.019867549668874173,0.019867549668874173
9,LogisticRegression,gender_aware,15,0.55,8842,3790,0,0.9279683377308707,0.9550756996606358,0.9604290476880707,0.779773995209674,0.991417469235426,0.9994859305561428,0.04042265883314988,0.036555034993348445,0.010459148715236677,0.019867549668874173,0.019867549668874173
9,LogisticRegression,gender_aware,15,0.575,8842,3790,0,0.9263852242744063,0.9542384124711298,0.959524154939794,0.776705308910945,0.991417469235426,0.9994859305561428,0.04042265883314988,0.03920990224998555,0.013304098928607955,0.019867549668874173,0.019867549668874173
9,LogisticRegression,gender_aware,15,0.6,8842,3790,0,0.924802110817942,0.9534011252816238,0.9586176854944097,0.7736811371194993,0.991417469235426,0.9994859305561428,0.04042265883314988,0.039672624211926744,0.01384388030106809,0.019867549668874173,0.019867549668874173
9,LogisticRegression,gender_aware,15,0.625,8842,3790,0,0.9224274406332453,0.9521451944973648,0.9572550159930212,0.7692257985948012,0.991417469235426,0.9994859305561428,0.04042265883314988,0.04146277980218638,0.01580613678021381,0.019867549668874173,0.019867549668874173
9,LogisticRegression,gender_aware,15,0.65,8842,3790,0,0.9213720316622691,0.9515870030376941,0.9566482397439627,0.7672759612317548,0.991417469235426,0.9994859305561428,0.04042265883314988,0.043232691306611226,0.017702770255794587,0.019867549668874173,0.019867549668874173
9,LogisticRegression,gender_aware,15,0.675,8842,3790,0,0.9197889182058048,0.9507497158481881,0.9557367501456028,0.7643852290053856,0.991417469235426,0.9994859305561428,0.04042265883314988,0.041503267973856284,0.015937382787343468,0.019867549668874173,0.019867549668874173
9,LogisticRegression,gender_aware,15,0.7,8842,3790,0,0.9171503957783641,0.9493542371990115,0.9542140565762613,0.7596555047424243,0.991417469235426,0.9994859305561428,0.04042265883314988,0.04154375614552597,0.01606862879447324,0.019867549668874173,0.019867549668874173
9,RandomForestClassifier,gender_aware,15,0.3,8842,3790,0,0.9825857519788919,0.8633388208677315,0.9908485856905158,0.9057503798017796,0.987841133856739,0.9990774469000242,0.013841214575740241,0.0186274509803922,0.00013124600712977053,0.07710501419110691,0.07710501419110691
9,RandomForestClassifier,gender_aware,15,0.325,8842,3790,0,0.9825857519788919,0.8724424651568532,0.9908384230982787,0.9076532541023309,0.987841133856739,0.9990774469000242,0.013841214575740241,0.01887905604719764,0.0002772893582005942,0.0750946073793756,0.0750946073793756
9,RandomForestClassifier,gender_aware,15,0.35,8842,3790,0,0.9825857519788919,0.876994287301414,0.9908333333333333,0.9085745614035088,0.987841133856739,0.9990774469000242,0.013841214575740241,0.019552894904274365,0.0006710273795897947,0.08632923368022707,0.08632923368022707
9,RandomForestClassifier,gender_aware,15,0.375,8842,3790,0,0.9828496042216359,0.8839615683831727,0.9909659485753995,0.9110673898721153,0.987841133856739,0.9990774469000242,0.013841214575740241,0.021765284284805397,0.0016193441173802947,0.06646168401135288,0.06646168401135288
9,RandomForestClassifier,gender_aware,15,0.4,8842,3790,0,0.9817941952506596,0.887955199068063,0.9903993321274523,0.9074134065217414,0.987841133856739,0.9990774469000242,0.013841214575740241,0.025305107293654983,0.0044642943307515726,0.05321665089877009,0.05321665089877009
9,RandomForestClassifier,gender_aware,15,0.425,8842,3790,0,0.9812664907651715,0.889952014410508,0.9901155506055965,0.9056371203909594,0.987841133856739,0.9990774469000242,0.013841214575740241,0.024882873503383696,0.0035816005965260134,0.04659413434247872,0.04659413434247872
9,RandomForestClassifier,gender_aware,15,0.45,8842,3790,0,0.9823218997361478,0.8996138501593003,0.9906672238473325,0.9117924647914967,0.987841133856739,0.9990774469000242,0.013841214575740241,0.026652785007808433,0.0035816005965260134,0.020104068117313134,0.020104068117313134
9,RandomForestClassifier,gender_aware,15,0.475,8842,3790,0,0.9825857519788919,0.9088570423133395,0.99079754601227,0.9145164200649585,0.987841133856739,0.9990774469000242,0.013841214575740241,0.02865405749320382,0.00385149128275597,0.006385998107852425,0.006385998107852425
9,RandomForestClassifier,gender_aware,15,0.5,8842,3790,0,0.9817941952506596,0.9084383987185866,0.9903752266703864,0.9112460074957771,0.987841133856739,0.9990774469000242,0.013841214575740241,0.028885418474174362,0.004121381968986038,0.006385998107852425,0.006385998107852425
9,RandomForestClassifier,gender_aware,15,0.525,8842,3790,0,0.9810026385224274,0.9102956661961139,0.9899497487437185,0.9084364128333977,0.987841133856739,0.9990774469000242,0.013841214575740241,0.031097807854705284,0.0060180154445669265,0.013008514664143794,0.013008514664143794
9,RandomForestClassifier,gender_aware,15,0.55,8842,3790,0,0.9815303430079155,0.9174024951427905,0.9902234636871509,0.9117783985102421,0.987841133856739,0.9990774469000242,0.013841214575740241,0.030675574064434108,0.005339589393006494,0.008396404919583739,0.008396404919583739
9,RandomForestClassifier,gender_aware,15,0.575,8842,3790,0,0.9812664907651715,0.9195388583501533,0.9900796423082298,0.9111154712723182,0.987841133856739,0.9990774469000242,0.013841214575740241,0.029810862398056637,0.005135321710341367,0.009460737937559138,0.009460737937559138
9,RandomForestClassifier,gender_aware,15,0.6,8842,3790,0,0.9812664907651715,0.9218147694224337,0.9900768693221523,0.9115090228963703,0.987841133856739,0.9990774469000242,0.013841214575740241,0.029599745502920993,0.005609480079236562,0.027317880794701987,0.027317880794701987
9,RandomForestClassifier,gender_aware,15,0.625,8842,3790,0,0.9804749340369393,0.9213961258276806,0.9896532438478747,0.9083780237930963,0.987841133856739,0.9990774469000242,0.013841214575740241,0.029831106483891534,0.005879370765466629,0.027317880794701987,0.027317880794701987
9,RandomForestClassifier,gender_aware,15,0.65,8842,3790,0,0.9804749340369393,0.9236720368999611,0.9896503496503497,0.9087786631972679,0.987841133856739,0.9990774469000242,0.013841214575740241,0.02852391694140788,0.005200944713906308,0.04517502365184485,0.04517502365184485
9,RandomForestClassifier,gender_aware,15,0.675,8842,3790,0,0.9794195250659631,0.9253897565125708,0.9890817469204927,0.9050913321758427,0.987841133856739,0.9990774469000242,0.013841214575740241,0.030082711550696972,0.006419152137926654,0.038552507095553454,0.038552507095553454
9,RandomForestClassifier,gender_aware,15,0.7,8842,3790,0,0.978891820580475,0.9273865718550158,0.988795518207283,0.9034886681945506,0.987841133856739,0.9990774469000242,0.013841214575740241,0.03185262305512182,0.007841627244612348,0.03192999053926206,0.03192999053926206
9,LogisticRegression,gender_blind,14,0.3,8842,3790,0,0.9635883905013193,0.9443278174848755,0.9804532577903683,0.8575343212028765,0.9914356711308501,0.9994871163619967,0.040494744808565616,0.02669616519174045,0.002087068858474983,0.040917691579943224,0.040917691579943224
9,LogisticRegression,gender_blind,14,0.325,8842,3790,0,0.9593667546174143,0.9443709627184733,0.9781312127236581,0.8459429297819034,0.9914356711308501,0.9994871163619967,0.040494744808565616,0.028084331077563807,0.0009418831099899938,0.04754020813623462,0.04754020813623462
9,LogisticRegression,gender_blind,14,0.35,8842,3790,0,0.9556728232189974,0.9446932036819065,0.9760888129803587,0.8364198577537172,0.9914356711308501,0.9994871163619967,0.040494744808565616,0.027491468563826782,0.0007450140992953935,0.029683065279091772,0.029683065279091772
9,LogisticRegression,gender_blind,14,0.375,8842,3790,0,0.9517150395778364,0.951703629997263,0.9738683421390832,0.8283553149170286,0.9914356711308501,0.9994871163619967,0.040494744808565616,0.0267077332407889,0.00019590396652457986,0.017265846736045413,0.017265846736045413
9,LogisticRegression,gender_blind,14,0.4,8842,3790,0,0.9480211081794195,0.9543017820329764,0.9717967072297781,0.820352135127494,0.9914356711308501,0.9994871163619967,0.040494744808565616,0.025903753831916232,0.0002856530743411412,0.02850047303689688,0.02850047303689688
9,LogisticRegression,gender_blind,14,0.425,8842,3790,0,0.9445910290237467,0.9547635708613271,0.96987087517934,0.8128042900486864,0.9914356711308501,0.9994871163619967,0.040494744808565616,0.02815663138411706,0.0017422264083694072,0.02187795648060549,0.02187795648060549
9,LogisticRegression,gender_blind,14,0.45,8842,3790,0,0.9390501319261214,0.9541089767703366,0.9667482366489132,0.8009096633481533,0.9914356711308501,0.9994871163619967,0.040494744808565616,0.029565041355775312,0.002953035160419226,0.0152554399243141,0.0152554399243141
9,LogisticRegression,gender_blind,14,0.475,8842,3790,0,0.9366754617414248,0.9528530459860776,0.9654078985298357,0.7957880614144506,0.9914356711308501,0.9994871163619967,0.040494744808565616,0.030259124298687046,0.003762707219109429,0.0152554399243141,0.0152554399243141
9,LogisticRegression,gender_blind,14,0.5,8842,3790,0,0.933245382585752,0.9555907458867088,0.9634445889322353,0.7897647830852375,0.9914356711308501,0.9994871163619967,0.040494744808565616,0.03230088495575223,0.006264745070715283,0.026490066225165563,0.026490066225165563
9,LogisticRegression,gender_blind,14,0.525,8842,3790,0,0.9298153034300791,0.9560525347150595,0.9614827686070084,0.7834120074489048,0.9914356711308501,0.9994871163619967,0.040494744808565616,0.03674590780264908,0.010597793394336974,0.019867549668874173,0.019867549668874173
9,LogisticRegression,gender_blind,14,0.55,8842,3790,0,0.9266490765171504,0.9543779603360474,0.9596750797795184,0.7772136331842199,0.9914356711308501,0.9994871163619967,0.040494744808565616,0.03876742437387937,0.01282994055971276,0.019867549668874173,0.019867549668874173
9,LogisticRegression,gender_blind,14,0.575,8842,3790,0,0.9261213720316622,0.9540988646062121,0.95937318630296,0.7761982210584568,0.9914356711308501,0.9994871163619967,0.040494744808565616,0.039652380126091735,0.01377825729750315,0.019867549668874173,0.019867549668874173
9,LogisticRegression,gender_blind,14,0.6,8842,3790,0,0.9240105540897098,0.9529824816868708,0.9581638582219639,0.772185377386844,0.9914356711308501,0.9994871163619967,0.040494744808565616,0.04209613048759331,0.0164189398282093,0.019867549668874173,0.019867549668874173
9,LogisticRegression,gender_blind,14,0.625,8842,3790,0,0.9224274406332453,0.9521451944973648,0.9572550159930212,0.7692257985948012,0.9914356711308501,0.9994871163619967,0.040494744808565616,0.04146277980218638,0.01580613678021381,0.019867549668874173,0.019867549668874173
9,LogisticRegression,gender_blind,14,0.65,8842,3790,0,0.921108179419525,0.9514474551727765,0.9564964353266405,0.7667913576916088,0.9914356711308501,0.9994871163619967,0.040494744808565616,0.04367516918271741,0.01817692862468978,0.019867549668874173,0.019867549668874173
9,LogisticRegression,gender_blind,14,0.675,8842,3790,0,0.9195250659630607,0.9506101679832705,0.9555846803553225,0.763907347190284,0.9914356711308501,0.9994871163619967,0.040494744808565616,0.04194574584996247,0.016411541156238774,0.019867549668874173,0.019867549668874173
9,LogisticRegression,gender_blind,14,0.7,8842,3790,0,0.9171503957783641,0.9493542371990115,0.9542140565762613,0.7596555047424243,0.9914356711308501,0.9994871163619967,0.040494744808565616,0.04263982879287398,0.017221213214928754,0.019867549668874173,0.019867549668874173
9,RandomForestClassifier,gender_blind,14,0.3,8842,3790,0,0.9802110817941952,0.8598069790111922,0.9895905621096461,0.8947952810548231,0.9849079321163681,0.9987480239610671,0.014898536405560466,0.023916941407831516,0.0016193441173802947,0.01419110690633868,0.01419110690633868
9,RandomForestClassifier,gender_blind,14,0.325,8842,3790,0,0.9807387862796834,0.8669138079578687,0.9898625190945702,0.8986251909457019,0.9849079321163681,0.9987480239610671,0.014898536405560466,0.02349470761756034,0.0009409180658198624,0.009578997161778624,0.009578997161778624
9,RandomForestClassifier,gender_blind,14,0.35,8842,3790,0,0.9810026385224274,0.8738810890396276,0.9899944413563091,0.9012472206781545,0.9849079321163681,0.9987480239610671,0.014898536405560466,0.023514951703395237,0.0018892348036102513,0.019512771996215705,0.019512771996215705
9,RandomForestClassifier,gender_blind,14,0.375,8842,3790,0,0.9810026385224274,0.8784329111841883,0.9899888765294772,0.9022109331100994,0.9849079321163681,0.9987480239610671,0.014898536405560466,0.025284863207819974,0.0028375515414006403,0.006267738883632912,0.006267738883632912
9,RandomForestClassifier,gender_blind,14,0.4,8842,3790,0,0.9812664907651715,0.8831242811936668,0.9901238002503825,0.9042690612505109,0.9849079321163681,0.9987480239610671,0.014898536405560466,0.025516224188790515,0.0033117099102959457,0.017502365184484392,0.017502365184484392
9,RandomForestClassifier,gender_blind,14,0.425,8842,3790,0,0.9820580474934036,0.8926465690775414,0.9905345211581291,0.9094086747204787,0.9849079321163681,0.9987480239610671,0.014898536405560466,0.027728613569321547,0.0037858682791911402,0.008987701040681167,0.008987701040681167
9,RandomForestClassifier,gender_blind,14,0.45,8842,3790,0,0.9810026385224274,0.8943642886901512,0.9899693507940931,0.9054324365910764,0.9849079321163681,0.9987480239610671,0.014898536405560466,0.027095262883914617,0.002698906862300454,0.015610217596972564,0.015610217596972564
9,RandomForestClassifier,gender_blind,14,0.475,8842,3790,0,0.9812664907651715,0.9058833919164708,0.9900962477332962,0.9086734280029012,0.9849079321163681,0.9987480239610671,0.014898536405560466,0.028885418474174362,0.0034429559174256053,0.024243140964995274,0.024243140964995274
9,RandomForestClassifier,gender_blind,14,0.5,8842,3790,0,0.9804749340369393,0.9054647483217177,0.9896734579960926,0.9054647483217177,0.9849079321163681,0.9987480239610671,0.014898536405560466,0.030212852102492915,0.0048654310241113,0.024243140964995274,0.024243140964995274
9,RandomForestClassifier,gender_blind,14,0.525,8842,3790,0,0.9799472295514512,0.9051856525918824,0.989391401451703,0.9033495468796977,0.9849079321163681,0.9987480239610671,0.014898536405560466,0.031097807854705284,0.005813747761901689,0.024243140964995274,0.024243140964995274
9,RandomForestClassifier,gender_blind,14,0.55,8842,3790,0,0.9804749340369393,0.9100165704662786,0.9896676905892209,0.9063170988831272,0.9849079321163681,0.9987480239610671,0.014898536405560466,0.03198276360691776,0.005813747761901689,0.03748817407757804,0.03748817407757804
9,RandomForestClassifier,gender_blind,14,0.575,8842,3790,0,0.9796833773087071,0.9095979268715256,0.9892443078642269,0.9031732228157239,0.9849079321163681,0.9987480239610671,0.014898536405560466,0.032214124587888304,0.006083638448131756,0.03748817407757804,0.03748817407757804
9,RandomForestClassifier,gender_blind,14,0.6,8842,3790,0,0.9794195250659631,0.9117342900788884,0.9891000558971492,0.9025688958731028,0.9849079321163681,0.9987480239610671,0.014898536405560466,0.032445485568858845,0.005879370765466629,0.04411069063386944,0.04411069063386944
9,RandomForestClassifier,gender_blind,14,0.625,8842,3790,0,0.979155672823219,0.9115947422139707,0.9889587700908455,0.9015382085748345,0.9849079321163681,0.9987480239610671,0.014898536405560466,0.03288796344496503,0.006353529134361824,0.04411069063386944,0.04411069063386944
9,RandomForestClassifier,gender_blind,14,0.65,8842,3790,0,0.9794195250659631,0.9140102011511688,0.9890970086664803,0.9029992085585923,0.9849079321163681,0.9987480239610671,0.014898536405560466,0.0322343686737232,0.006353529134361824,0.026253547776726588,0.026253547776726588
9,RandomForestClassifier,gender_blind,14,0.675,8842,3790,0,0.979155672823219,0.9161465643585315,0.9889525940427912,0.9024017049468036,0.9849079321163681,0.9987480239610671,0.014898536405560466,0.03136965700734573,0.006149261451696697,0.008396404919583739,0.008396404919583739
9,RandomForestClassifier,gender_blind,14,0.7,8842,3790,0,0.979155672823219,0.9206983865030923,0.9889464110815727,0.9032491870650358,0.9849079321163681,0.9987480239610671,0.014898536405560466,0.030947423217074443,0.005944993769031459,0.0028382213812677415,0.005944993769031459
10,LogisticRegression,gender_aware,15,0.3,8842,3790,0,0.9662269129287598,0.9457232961340523,0.9818953323903818,0.8654574701167596,0.9892298710631661,0.9993038517841295,0.038874962411806054,0.01857426220902947,0.0026580073644171254,0.06547619047619048,0.06547619047619048
10,LogisticRegression,gender_aware,15,0.325,8842,3790,0,0.9641160949868074,0.9491587353592716,0.9807310852932842,0.8600973434129257,0.9892298710631661,0.9993038517841295,0.038874962411806054,0.015039183169121673,0.0007670998258179074,0.0744047619047619,0.0744047619047619
10,LogisticRegression,gender_aware,15,0.35,8842,3790,0,0.9583113456464379,0.9483645934033635,0.9775376741541086,0.8440801923884096,0.9892298710631661,0.9993038517841295,0.038874962411806054,0.016771882882506195,0.0007409045956782156,0.06746031746031746,0.06746031746031746
10,LogisticRegression,gender_aware,15,0.375,8842,3790,0,0.9546174142480212,0.9486868343667965,0.9754915930464519,0.8347208854911975,0.9892298710631661,0.9993038517841295,0.038874962411806054,0.018293801766145923,0.0019762845849802257,0.06051587301587302,0.06051587301587302
10,LogisticRegression,gender_aware,15,0.4,8842,3790,0,0.9532981530343008,0.9525409171867689,0.9747467541732059,0.8323821336540285,0.9892298710631661,0.9993038517841295,0.038874962411806054,0.01894356415866516,0.0017803054557873343,0.04662698412698413,0.04662698412698413
10,LogisticRegression,gender_aware,15,0.425,8842,3790,0,0.9488126649076517,0.9501686034831687,0.972254004576659,0.8211610158937717,0.9892298710631661,0.9993038517841295,0.038874962411806054,0.02090446460507922,0.003952892567863353,0.04662698412698413,0.04662698412698413
10,LogisticRegression,gender_aware,15,0.45,8842,3790,0,0.9451187335092348,0.9504908444466017,0.9701834862385321,0.8129063126556899,0.9892298710631661,0.9993038517841295,0.038874962411806054,0.022426383488718837,0.005188272557165474,0.03968253968253968,0.03968253968253968
10,LogisticRegression,gender_aware,15,0.475,8842,3790,0,0.9414248021108179,0.9485371743377544,0.9681126113185866,0.8044446551738564,0.9892298710631661,0.9993038517841295,0.038874962411806054,0.024170696470959818,0.0071137836713811575,0.03968253968253968,0.03968253968253968
10,LogisticRegression,gender_aware,15,0.5,8842,3790,0,0.9369393139841689,0.9507166827787148,0.9655669211929117,0.7957725059798675,0.9892298710631661,0.9993038517841295,0.038874962411806054,0.030088237616771374,0.012541047278833095,0.025793650793650792,0.025793650793650792
10,LogisticRegression,gender_aware,15,0.525,8842,3790,0,0.9337730870712401,0.9535939305442637,0.963754512635379,0.790274202882575,0.9892298710631661,0.9993038517841295,0.038874962411806054,0.034911228172861186,0.016784027765650356,0.011904761904761904,0.016784027765650356
10,LogisticRegression,gender_aware,15,0.55,8842,3790,0,0.9308707124010555,0.9520589040301692,0.962105872143477,0.7843562393750418,0.9892298710631661,0.9993038517841295,0.038874962411806054,0.03974002536337917,0.02193866694090807,0.011904761904761904,0.02193866694090807
10,LogisticRegression,gender_aware,15,0.575,8842,3790,0,0.9277044854881267,0.9503843296511574,0.96030136192408,0.7780857842068778,0.9892298710631661,0.9993038517841295,0.038874962411806054,0.04170673244422152,0.02408570561865042,0.011904761904761904,0.02408570561865042
10,LogisticRegression,gender_aware,15,0.6,8842,3790,0,0.9258575197889182,0.951683405669014,0.9592340055128391,0.7751046301217761,0.9892298710631661,0.9993038517841295,0.038874962411806054,0.0445572092850407,0.026675799423446223,0.00496031746031746,0.026675799423446223
10,LogisticRegression,gender_aware,15,0.625,8842,3790,0,0.9242744063324538,0.9508461184795081,0.958327283287353,0.7720929345729695,0.9892298710631661,0.9993038517841295,0.038874962411806054,0.0427896697650868,0.024852482046565316,0.00496031746031746,0.024852482046565316
10,LogisticRegression,gender_aware,15,0.65,8842,3790,0,0.9218997361477572,0.949590187695249,0.9569642337888922,0.7676559060682353,0.9892298710631661,0.9993038517841295,0.038874962411806054,0.04343943215760593,0.025593710040146656,0.00496031746031746,0.025593710040146656
10,LogisticRegression,gender_aware,15,0.675,8842,3790,0,0.9200527704485488,0.9486133526408254,0.9559016154853733,0.7642695665579193,0.9892298710631661,0.9993038517841295,0.038874962411806054,0.042110874200426474,0.024238996224652976,0.00496031746031746,0.024238996224652976
10,LogisticRegression,gender_aware,15,0.7,8842,3790,0,0.91688654353562,0.9469387782618134,0.9540749380376148,0.7585908670770598,0.9892298710631661,0.9993038517841295,0.038874962411806054,0.04187686683296865,0.02406856552979364,0.00496031746031746,0.02406856552979364
10,RandomForestClassifier,gender_aware,15,0.3,8842,3790,0,0.9817941952506596,0.8697479104898198,0.990420658059142,0.9036983926900485,0.9748726204392454,0.9974919424762901,0.01501703366551236,0.018508647239990572,0.0005452488643883369,0.042658730158730146,0.042658730158730146
10,RandomForestClassifier,gender_aware,15,0.325,8842,3790,0,0.9823218997361478,0.8791306505087766,0.9906905655134084,0.9078779198324223,0.9748726204392454,0.9974919424762901,0.01501703366551236,0.01894182216833673,0.0003237213008615569,0.047619047619047616,0.047619047619047616
10,RandomForestClassifier,gender_aware,15,0.35,8842,3790,0,0.9817941952506596,0.8811274658512218,0.9904073404699013,0.9060563834132452,0.9748726204392454,0.9974919424762901,0.01501703366551236,0.019597391195284142,0.0005707972987220034,0.054563492063492036,0.054563492063492036
10,RandomForestClassifier,gender_aware,15,0.375,8842,3790,0,0.9815303430079155,0.8878156512031453,0.9902588366267743,0.9062969310037425,0.9748726204392454,0.9974919424762901,0.01501703366551236,0.018268833238104465,0.00012774217166866553,0.02976190476190474,0.02976190476190474
10,RandomForestClassifier,gender_aware,15,0.4,8842,3790,0,0.9812664907651715,0.889952014410508,0.9901155506055965,0.9056371203909594,0.9748726204392454,0.9974919424762901,0.01501703366551236,0.017385063478127627,0.001252520078158903,0.03670634920634919,0.03670634920634919
10,RandomForestClassifier,gender_aware,15,0.425,8842,3790,0,0.9810026385224274,0.8920883776178707,0.9899721448467966,0.9049860724233982,0.9748726204392454,0.9974919424762901,0.01501703366551236,0.016501293718150567,0.0014740476416854609,0.020833333333333315,0.020833333333333315
10,RandomForestClassifier,gender_aware,15,0.45,8842,3790,0,0.9820580474934036,0.9017502133666631,0.9905239687848384,0.9111035685508351,0.9748726204392454,0.9974919424762901,0.01501703366551236,0.018257219969248006,0.0014740476416854609,0.048611111111111105,0.048611111111111105
10,RandomForestClassifier,gender_aware,15,0.475,8842,3790,0,0.9812664907651715,0.90133156977191,0.9901017705283702,0.9078272980405979,0.9748726204392454,0.9974919424762901,0.01501703366551236,0.019574164657571114,6.823695752422587e-05,0.048611111111111105,0.048611111111111105
10,RandomForestClassifier,gender_aware,15,0.5,8842,3790,0,0.9807387862796834,0.9056042961866355,0.9898144272359425,0.906529489647027,0.9748726204392454,0.9974919424762901,0.01501703366551236,0.020007339585917272,0.0006474426017231139,0.03968253968253968,0.03968253968253968
10,RandomForestClassifier,gender_aware,15,0.525,8842,3790,0,0.9804749340369393,0.9077406593939983,0.9896705750977107,0.9058929798565476,0.9748726204392454,0.9974919424762901,0.01501703366551236,0.02022392705009035,0.00042591503819655596,0.04662698412698413,0.04662698412698413
10,RandomForestClassifier,gender_aware,15,0.55,8842,3790,0,0.9794195250659631,0.9071824679343276,0.9891061452513966,0.9016959297685554,0.9748726204392454,0.9974919424762901,0.01501703366551236,0.018678781628737706,0.0011758747751576815,0.04662698412698413,0.04662698412698413
10,RandomForestClassifier,gender_aware,15,0.575,8842,3790,0,0.9799472295514512,0.9142892968810041,0.9893795416433762,0.9050671293122541,0.9748726204392454,0.9974919424762901,0.01501703366551236,0.0182339934315352,0.0007072712137705661,0.021825396825396803,0.021825396825396803
10,RandomForestClassifier,gender_aware,15,0.6,8842,3790,0,0.9794195250659631,0.9140102011511688,0.9890970086664803,0.9029992085585923,0.9748726204392454,0.9974919424762901,0.01501703366551236,0.01691124210878381,0.0020875334635980236,0.021825396825396803,0.021825396825396803
10,RandomForestClassifier,gender_aware,15,0.625,8842,3790,0,0.978891820580475,0.9160070164936138,0.9888111888111888,0.9013823385916409,0.9748726204392454,0.9974919424762901,0.01501703366551236,0.018667168359881248,0.0006817227794367886,0.02876984126984125,0.02876984126984125
10,RandomForestClassifier,gender_aware,15,0.65,8842,3790,0,0.979155672823219,0.9206983865030923,0.9889464110815727,0.9032491870650358,0.9748726204392454,0.9974919424762901,0.01501703366551236,0.0177833985999043,0.0013718539043504618,0.019841269841269826,0.019841269841269826
10,RandomForestClassifier,gender_aware,15,0.675,8842,3790,0,0.9781002638522427,0.9201401950434216,0.9883802323953521,0.8992244411404677,0.9748726204392454,0.9974919424762901,0.01501703366551236,0.019539324851001738,0.0005025603411977775,0.019841269841269826,0.019841269841269826
10,RandomForestClassifier,gender_aware,15,0.7,8842,3790,0,0.9775725593667546,0.9221370103858667,0.9880935705280852,0.8976749031778748,0.9748726204392454,0.9974919424762901,0.01501703366551236,0.02019489387794915,0.0007496363390581129,0.026785714285714274,0.026785714285714274
10,LogisticRegression,gender_blind,14,0.3,8842,3790,0,0.9662269129287598,0.9479992072063326,0.9818902093944539,0.865945104697227,0.9892730162967637,0.9993063150912164,0.03888718572732786,0.019452225334578244,0.0031266109258041297,0.05853174603174603,0.05853174603174603
10,LogisticRegression,gender_blind,14,0.325,8842,3790,0,0.9641160949868074,0.9468828242869913,0.9807365439093484,0.8595990411854435,0.9892730162967637,0.9993063150912164,0.03888718572732786,0.016361934491872954,7.696870090423413e-05,0.05853174603174603,0.05853174603174603
10,LogisticRegression,gender_blind,14,0.35,8842,3790,0,0.9585751978891821,0.9485041412682811,0.9776830135039091,0.8448048095042482,0.9892730162967637,0.9993063150912164,0.03888718572732786,0.01743325854388189,0.001431035720592,0.06746031746031746,0.06746031746031746
10,LogisticRegression,gender_blind,14,0.375,8842,3790,0,0.954353562005277,0.9485472865018788,0.9753455892831695,0.8340315868263095,0.9892730162967637,0.9993063150912164,0.03888718572732786,0.018732783328920255,0.002444888146367341,0.06051587301587302,0.06051587301587302
10,LogisticRegression,gender_blind,14,0.4,8842,3790,0,0.9532981530343008,0.9525409171867689,0.9747467541732059,0.8323821336540285,0.9892730162967637,0.9993063150912164,0.03888718572732786,0.01894356415866516,0.0017803054557873343,0.04662698412698413,0.04662698412698413
10,LogisticRegression,gender_blind,14,0.425,8842,3790,0,0.9496042216358839,0.9505872470779216,0.9726947819871337,0.8230995277457036,0.9892730162967637,0.9993063150912164,0.03888718572732786,0.02068787714090614,0.0037058165700030177,0.04662698412698413,0.04662698412698413
10,LogisticRegression,gender_blind,14,0.45,8842,3790,0,0.9448548812664908,0.950351296581684,0.9700358422939068,0.8122906484196807,0.9892730162967637,0.9993063150912164,0.03888718572732786,0.02396572227564331,0.006815610804853267,0.03968253968253968,0.03968253968253968
10,LogisticRegression,gender_blind,14,0.475,8842,3790,0,0.941952506596306,0.9533680922121505,0.9683908045977011,0.8067760474601409,0.9892730162967637,0.9993063150912164,0.03888718572732786,0.02614901682065862,0.008272518357681946,0.025793650793650792,0.025793650793650792
10,LogisticRegression,gender_blind,14,0.5,8842,3790,0,0.9369393139841689,0.9552685049232756,0.96554706645524,0.7969259438030477,0.9892730162967637,0.9993063150912164,0.03888718572732786,0.03184416386786881,0.013478254401607215,0.011904761904761904,0.013478254401607215
10,LogisticRegression,gender_blind,14,0.525,8842,3790,0,0.9337730870712401,0.9535939305442637,0.963754512635379,0.790274202882575,0.9892730162967637,0.9993063150912164,0.03888718572732786,0.036011585397011214,0.017942762451951144,0.011904761904761904,0.017942762451951144
10,LogisticRegression,gender_blind,14,0.55,8842,3790,0,0.9308707124010555,0.9520589040301692,0.962105872143477,0.7843562393750418,0.9892730162967637,0.9993063150912164,0.03888718572732786,0.03974002536337917,0.02193866694090807,0.011904761904761904,0.02193866694090807
10,LogisticRegression,gender_blind,14,0.575,8842,3790,0,0.9282321899736148,0.952939336453273,0.9605911330049262,0.7797055960009882,0.9892730162967637,0.9993063150912164,0.03888718572732786,0.04170673244422152,0.023617102057263417,0.00496031746031746,0.023617102057263417
10,LogisticRegression,gender_blind,14,0.6,8842,3790,0,0.9258575197889182,0.951683405669014,0.9592340055128391,0.7751046301217761,0.9892730162967637,0.9993063150912164,0.03888718572732786,0.0445572092850407,0.026675799423446223,0.00496031746031746,0.026675799423446223
10,LogisticRegression,gender_blind,14,0.625,8842,3790,0,0.9245382585751979,0.9509856663444257,0.9584785133565621,0.7725918578343505,0.9892730162967637,0.9993063150912164,0.03888718572732786,0.044551402650612526,0.02670134785778,0.00496031746031746,0.02670134785778
10,LogisticRegression,gender_blind,14,0.65,8842,3790,0,0.9221635883905013,0.9497297355601667,0.9571158598633522,0.7681442352098502,0.9892730162967637,0.9993063150912164,0.03888718572732786,0.044100807818981624,0.02628384116506033,0.00496031746031746,0.02628384116506033
10,LogisticRegression,gender_blind,14,0.675,8842,3790,0,0.9203166226912929,0.9487529005057431,0.9560535506402794,0.7647499391619477,0.9892730162967637,0.9993063150912164,0.03888718572732786,0.04277224986180206,0.02492912734956665,0.00496031746031746,0.02492912734956665
10,LogisticRegression,gender_blind,14,0.7,8842,3790,0,0.9176781002638522,0.9473574218565664,0.9545322063538327,0.759995908190844,0.9892730162967637,0.9993063150912164,0.03888718572732786,0.04386099381709563,0.02613895890453488,0.00496031746031746,0.02613895890453488
10,RandomForestClassifier,gender_blind,14,0.3,8842,3790,0,0.9807387862796834,0.8760174522469903,0.9898512442652578,0.9006103766545928,0.9711904444093888,0.9971330430697879,0.01654321823847838,0.019597391195284142,0.003825473794097811,0.0049603174603174705,0.0049603174603174705
10,RandomForestClassifier,gender_blind,14,0.325,8842,3790,0,0.9804749340369393,0.878153815454353,0.9897079276773296,0.8999821689668699,0.9711904444093888,0.9971330430697879,0.01654321823847838,0.01981397865945711,0.0036039462305710313,0.001984126984126977,0.0036039462305710313
10,RandomForestClassifier,gender_blind,14,0.35,8842,3790,0,0.9802110817941952,0.8802901786617157,0.9895644914428829,0.8993623983931972,0.9711904444093888,0.9971330430697879,0.01654321823847838,0.017829851675330133,0.0022236839807435738,0.013888888888888895,0.013888888888888895
10,RandomForestClassifier,gender_blind,14,0.375,8842,3790,0,0.9804749340369393,0.8918092818880354,0.9896907216494846,0.9028055598297173,0.9711904444093888,0.9971330430697879,0.01654321823847838,0.01847961406784937,0.004098098226291813,0.047619047619047616,0.047619047619047616
10,RandomForestClassifier,gender_blind,14,0.4,8842,3790,0,0.9799472295514512,0.896082008302761,0.9894032348020078,0.901564362499043,0.9711904444093888,0.9971330430697879,0.01654321823847838,0.01671207454789536,0.0024963084129376867,0.05654761904761907,0.05654761904761907
10,RandomForestClassifier,gender_blind,14,0.425,8842,3790,0,0.9796833773087071,0.8959424604378432,0.9892623065123414,0.9004991239163174,0.9711904444093888,0.9971330430697879,0.01654321823847838,0.017151056110669805,0.002964911974324691,0.05654761904761907,0.05654761904761907
10,RandomForestClassifier,gender_blind,14,0.45,8842,3790,0,0.979155672823219,0.8979392757802883,0.9889772568717734,0.8988469819467826,0.9711904444093888,0.9971330430697879,0.01654321823847838,0.017806625137617327,0.0032119879721852485,0.04960317460317462,0.04960317460317462
10,RandomForestClassifier,gender_blind,14,0.475,8842,3790,0,0.979155672823219,0.8979392757802883,0.9889772568717734,0.8988469819467826,0.9711904444093888,0.9971330430697879,0.01654321823847838,0.017806625137617327,0.0032119879721852485,0.04960317460317462,0.04960317460317462
10,RandomForestClassifier,gender_blind,14,0.5,8842,3790,0,0.978891820580475,0.900075638987651,0.9888330541596874,0.8982626809259975,0.9711904444093888,0.9971330430697879,0.01654321823847838,0.016922855377640267,0.001831725722357791,0.042658730158730174,0.042658730158730174
10,RandomForestClassifier,gender_blind,14,0.525,8842,3790,0,0.9786279683377309,0.9022120021950137,0.9886887306242145,0.8976856540949234,0.9711904444093888,0.9971330430697879,0.01654321823847838,0.017139442841813346,0.001610198158831011,0.035714285714285726,0.035714285714285726
10,RandomForestClassifier,gender_blind,14,0.55,8842,3790,0,0.9786279683377309,0.9022120021950137,0.9886887306242145,0.8976856540949234,0.9711904444093888,0.9971330430697879,0.01654321823847838,0.017139442841813346,0.001610198158831011,0.035714285714285726,0.035714285714285726
10,RandomForestClassifier,gender_blind,14,0.575,8842,3790,0,0.9781002638522427,0.9019329064651784,0.9884062019835173,0.8956282791390271,0.9711904444093888,0.9971330430697879,0.01654321823847838,0.016917048743212093,0.0013886705953044531,0.035714285714285726,0.035714285714285726
10,RandomForestClassifier,gender_blind,14,0.6,8842,3790,0,0.9783641160949869,0.9043483654023765,0.9885442861134395,0.8971157449524543,0.9711904444093888,0.9971330430697879,0.01654321823847838,0.017356030305986425,0.0013886705953044531,0.02876984126984128,0.02876984126984128
10,RandomForestClassifier,gender_blind,14,0.625,8842,3790,0,0.9778364116094986,0.908621091817102,0.988255033557047,0.8959966756570281,0.9711904444093888,0.9971330430697879,0.01654321823847838,0.017789205234332472,0.0009456154682511153,0.014880952380952384,0.014880952380952384
10,RandomForestClassifier,gender_blind,14,0.65,8842,3790,0,0.9778364116094986,0.908621091817102,0.988255033557047,0.8959966756570281,0.9711904444093888,0.9971330430697879,0.01654321823847838,0.017789205234332472,0.0009456154682511153,0.014880952380952384,0.014880952380952384
10,RandomForestClassifier,gender_blind,14,0.675,8842,3790,0,0.9770448548812665,0.9104783592946294,0.9878270603050231,0.8934516363880773,0.9711904444093888,0.9971330430697879,0.01654321823847838,0.018883755824054327,0.001661295027498455,0.007936507936507936,0.007936507936507936
10,RandomForestClassifier,gender_blind,14,0.7,8842,3790,0,0.9762532981530343,0.9100597156998764,0.9874020156774916,0.8904899986644339,0.9711904444093888,0.9971330430697879,0.01654321823847838,0.01689962883992735,0.0004090983472427867,0.007936507936507936,0.007936507936507936
11,LogisticRegression,gender_aware,15,0.3,8842,3790,0,0.9606860158311346,0.9427927909707812,0.978862249964534,0.849129806714847,0.9908417500246064,0.999458376371096,0.039555375697382954,0.033526695526695516,0.007944878488959528,0.07635302043566136,0.07635302043566136
11,LogisticRegression,gender_aware,15,0.325,8842,3790,0,0.9567282321899736,0.9452513951415771,0.9766714082503556,0.8392447950342687,0.9908417500246064,0.999458376371096,0.039555375697382954,0.03322077922077915,0.006813384853089022,0.09005165057264766,0.09005165057264766
11,LogisticRegression,gender_aware,15,0.35,8842,3790,0,0.9540897097625329,0.9484077386369612,0.9751995438996579,0.8333444528008929,0.9908417500246064,0.999458376371096,0.039555375697382954,0.029598845598845624,0.004456883054782201,0.057264765326746014,0.057264765326746014
11,LogisticRegression,gender_aware,15,0.375,8842,3790,0,0.9517150395778364,0.9471518078527021,0.9738832595975453,0.8272557659244271,0.9908417500246064,0.999458376371096,0.039555375697382954,0.029223665223665263,0.00412877882239826,0.057264765326746014,0.057264765326746014
11,LogisticRegression,gender_aware,15,0.4,8842,3790,0,0.9488126649076517,0.9478926924108882,0.9722619388046897,0.820601959163437,0.9908417500246064,0.999458376371096,0.039555375697382954,0.02953246753246752,0.004075112410245385,0.06411408039523916,0.06411408039523916
11,LogisticRegression,gender_aware,15,0.425,8842,3790,0,0.9464379947229552,0.9489126726989097,0.970929399971359,0.815447949566919,0.9908417500246064,0.999458376371096,0.039555375697382954,0.027858585858585916,0.00307087565588704,0.04772063777228834,0.04772063777228834
11,LogisticRegression,gender_aware,15,0.45,8842,3790,0,0.9432717678100264,0.9472380983198976,0.9691579400372974,0.8080600866032135,0.9908417500246064,0.999458376371096,0.039555375697382954,0.02662914862914867,0.0018657915506572476,0.04772063777228834,0.04772063777228834
11,LogisticRegression,gender_aware,15,0.475,8842,3790,0,0.9411609498680739,0.9506735375451172,0.9679551659721224,0.8044284686543381,0.9908417500246064,0.999458376371096,0.039555375697382954,0.025399711399711422,0.0008615547962990133,0.03817651021783068,0.03817651021783068
11,LogisticRegression,gender_aware,15,0.5,8842,3790,0,0.9398416886543536,0.9499757982205288,0.9672131147540983,0.8014979311789661,0.9908417500246064,0.999458376371096,0.039555375697382954,0.025434343434343476,0.0009351452656584103,0.03817651021783068,0.03817651021783068
11,LogisticRegression,gender_aware,15,0.525,8842,3790,0,0.9369393139841689,0.9484407717064345,0.9655768399827164,0.7951903038218134,0.9908417500246064,0.999458376371096,0.039555375697382954,0.024854256854256795,0.00040619368240280007,0.03817651021783068,0.03817651021783068
11,LogisticRegression,gender_aware,15,0.55,8842,3790,0,0.9361477572559367,0.9525739502562423,0.9651095732410612,0.7946665878627666,0.9908417500246064,0.999458376371096,0.039555375697382954,0.02468398268398264,0.000479784151762197,0.028632382663373007,0.028632382663373007
11,LogisticRegression,gender_aware,15,0.575,8842,3790,0,0.9340369393139841,0.9514575673369009,0.9639145496535797,0.7902394834157469,0.9908417500246064,0.999458376371096,0.039555375697382954,0.02386435786435781,0.0003236052517244792,0.028632382663373007,0.028632382663373007
11,LogisticRegression,gender_aware,15,0.6,8842,3790,0,0.9300791556728232,0.9493643493631359,0.9616664255750036,0.7821825381248331,0.9908417500246064,0.999458376371096,0.039555375697382954,0.026155844155844155,0.002200001542507657,0.028632382663373007,0.028632382663373007
11,LogisticRegression,gender_aware,15,0.625,8842,3790,0,0.9271767810026386,0.950105233921322,0.96,0.7770588235294118,0.9908417500246064,0.999458376371096,0.039555375697382954,0.02755844155844156,0.004449170516508616,0.01223894004042219,0.01223894004042219
11,LogisticRegression,gender_aware,15,0.65,8842,3790,0,0.9234828496042217,0.9481515638124747,0.9578855649143189,0.7700090648779088,0.9908417500246064,0.999458376371096,0.039555375697382954,0.027217893217893252,0.004194656753484183,0.01223894004042219,0.01223894004042219
11,LogisticRegression,gender_aware,15,0.675,8842,3790,0,0.9216358839050132,0.947174728758051,0.9568251199302225,0.7665723317197475,0.9908417500246064,0.999458376371096,0.039555375697382954,0.02595382395382395,0.0029159821788948825,0.01223894004042219,0.01223894004042219
11,LogisticRegression,gender_aware,15,0.7,8842,3790,0,0.9192612137203167,0.9481947090460724,0.9554455445544554,0.7628351318277895,0.9908417500246064,0.999458376371096,0.039555375697382954,0.02646753246753253,0.0030631631176136764,0.01908825510891534,0.01908825510891534
11,RandomForestClassifier,gender_aware,15,0.3,8842,3790,0,0.9807387862796834,0.8578101636687471,0.9898737688999861,0.8965541351238475,0.9812480028475854,0.9983643012208513,0.01581878342857464,0.021480519480519544,0.003675024487309053,0.0021333932180552795,0.003675024487309053
11,RandomForestClassifier,gender_aware,15,0.325,8842,3790,0,0.9804749340369393,0.8599465268761097,0.9897307799056342,0.8959349086693946,0.9812480028475854,0.9983643012208513,0.01581878342857464,0.022813852813852842,0.004625594829514412,0.004715921850437899,0.004715921850437899
11,RandomForestClassifier,gender_aware,15,0.35,8842,3790,0,0.9802110817941952,0.8620828900834725,0.9895876718034152,0.8953243398804874,0.9812480028475854,0.9983643012208513,0.01581878342857464,0.023053391053390992,0.004424747478642632,0.011565236918931021,0.011565236918931021
11,RandomForestClassifier,gender_aware,15,0.375,8842,3790,0,0.9796833773087071,0.8709074386427589,0.9892951480606145,0.8951643698959404,0.9812480028475854,0.9983643012208513,0.01581878342857464,0.024216450216450247,0.003822205426027736,0.03896249719290365,0.03896249719290365
11,RandomForestClassifier,gender_aware,15,0.4,8842,3790,0,0.9796833773087071,0.8777351718596,0.9892862112146932,0.8966787290170157,0.9812480028475854,0.9983643012208513,0.01581878342857464,0.023601731601731624,0.004096643246258802,0.01302492701549518,0.01302492701549518
11,RandomForestClassifier,gender_aware,15,0.425,8842,3790,0,0.9796833773087071,0.8822869940041609,0.9892802450229708,0.8976627925366744,0.9812480028475854,0.9983643012208513,0.01581878342857464,0.023191919191919208,0.003895795895387133,0.0034807994610375204,0.003895795895387133
11,RandomForestClassifier,gender_aware,15,0.45,8842,3790,0,0.9799472295514512,0.8892542750859197,0.989412092504876,0.9001786830683585,0.9812480028475854,0.9983643012208513,0.01581878342857464,0.023226551226551262,0.003694948544515464,0.0007859869750729831,0.003694948544515464
11,RandomForestClassifier,gender_aware,15,0.475,8842,3790,0,0.9796833773087071,0.8913906382932824,0.9892682926829268,0.8995724179464017,0.9812480028475854,0.9983643012208513,0.01581878342857464,0.022372294372294377,0.0023426835005667668,0.007635302043566133,0.007635302043566133
11,RandomForestClassifier,gender_aware,15,0.5,8842,3790,0,0.9794195250659631,0.898078823645206,0.9891183035714286,0.8998989576109571,0.9812480028475854,0.9983643012208513,0.01581878342857464,0.02001443001442993,0.00036184658733040553,0.004940489557601624,0.004940489557601624
11,RandomForestClassifier,gender_aware,15,0.525,8842,3790,0,0.978891820580475,0.900075638987651,0.9888330541596874,0.8982626809259975,0.9812480028475854,0.9983643012208513,0.01581878342857464,0.021792207792207696,0.0010640089259775776,0.011789804626094774,0.011789804626094774
11,RandomForestClassifier,gender_aware,15,0.55,8842,3790,0,0.9786279683377309,0.8999360911227334,0.9886918888733771,0.8972236422784152,0.9812480028475854,0.9983643012208513,0.01581878342857464,0.022236652236652166,0.0015392940970803126,0.011789804626094774,0.011789804626094774
11,RandomForestClassifier,gender_aware,15,0.575,8842,3790,0,0.9775725593667546,0.9016538107353431,0.9881235154394299,0.8935889444809443,0.9812480028475854,0.9983643012208513,0.01581878342857464,0.02271572871572869,0.0016128845664397096,0.018639119694587925,0.018639119694587925
11,RandomForestClassifier,gender_aware,15,0.6,8842,3790,0,0.9781002638522427,0.9110365507543001,0.9883932317158439,0.8974600191213252,0.9812480028475854,0.9983643012208513,0.01581878342857464,0.0231948051948051,0.0014120372155680405,0.022793622277116565,0.022793622277116565
11,RandomForestClassifier,gender_aware,15,0.625,8842,3790,0,0.9775725593667546,0.9107574550244647,0.9881102252063225,0.8954472239720708,0.9812480028475854,0.9983643012208513,0.01581878342857464,0.02408369408369404,0.0023626075577733996,0.022793622277116565,0.022793622277116565
11,RandomForestClassifier,gender_aware,15,0.65,8842,3790,0,0.9773087071240105,0.9128938182318274,0.9879652952700811,0.8949043066212157,0.9812480028475854,0.9983643012208513,0.01581878342857464,0.024323232323232413,0.0021617602069016195,0.029642937345609716,0.029642937345609716
11,RandomForestClassifier,gender_aware,15,0.675,8842,3790,0,0.9770448548812665,0.919582003583751,0.9878134192463931,0.8952672538408837,0.9812480028475854,0.9983643012208513,0.01581878342857464,0.02415295815295815,0.0029114831982353095,0.003705367168201218,0.003705367168201218
11,RandomForestClassifier,gender_aware,15,0.7,8842,3790,0,0.9767810026385224,0.9194424557188333,0.9876716166993555,0.8942882970374606,0.9812480028475854,0.9983643012208513,0.01581878342857464,0.023503607503607582,0.0022353506762610165,0.003705367168201218,0.003705367168201218
11,LogisticRegression,gender_blind,14,0.3,8842,3790,0,0.9596306068601583,0.9422345995111105,0.9782824698367637,0.8461505807127744,0.9908511880444557,0.9994583877869363,0.03964193011846394,0.026554112554112552,0.0006346776287543543,0.07635302043566136,0.07635302043566136
11,LogisticRegression,gender_blind,14,0.325,8842,3790,0,0.9564643799472295,0.9451118472766593,0.9765258215962441,0.8385351431030222,0.9908511880444557,0.9994583877869363,0.03964193011846394,0.026008658008658037,0.0015315815588067272,0.043566135189759714,0.043566135189759714
11,LogisticRegression,gender_blind,14,0.35,8842,3790,0,0.9538258575197889,0.9482681907720435,0.9750534568781183,0.8326594718018909,0.9908511880444557,0.9994583877869363,0.03964193011846394,0.02566810966810973,0.00032649745357693494,0.057264765326746014,0.057264765326746014
11,LogisticRegression,gender_blind,14,0.375,8842,3790,0,0.9514511873350924,0.9470122599877845,0.9737367970311162,0.8265896528709588,0.9908511880444557,0.9994583877869363,0.03964193011846394,0.026386724386724292,0.001149810914270022,0.057264765326746014,0.057264765326746014
11,LogisticRegression,gender_blind,14,0.4,8842,3790,0,0.9488126649076517,0.9478926924108882,0.9722619388046897,0.820601959163437,0.9908511880444557,0.9994583877869363,0.03964193011846394,0.02406349206349201,0.0005305583620626164,0.04087132270379519,0.04087132270379519
11,LogisticRegression,gender_blind,14,0.425,8842,3790,0,0.945910290237467,0.9486335769690744,0.970634579573127,0.8141987589017555,0.9908511880444557,0.9994583877869363,0.03964193011846394,0.022184704184704196,0.0028870601603693258,0.04772063777228834,0.04772063777228834
11,LogisticRegression,gender_blind,14,0.45,8842,3790,0,0.9440633245382586,0.9499326529869311,0.9695926563396443,0.8104542229066642,0.9908511880444557,0.9994583877869363,0.03964193011846394,0.02290331890331898,0.0013876141777020568,0.03132719514933753,0.03132719514933753
11,LogisticRegression,gender_blind,14,0.475,8842,3790,0,0.9406332453825857,0.9481185307430013,0.9676677683575227,0.8026744638889063,0.9908511880444557,0.9994583877869363,0.03964193011846394,0.022118326118326093,0.002117413111829225,0.03132719514933753,0.03132719514933753
11,LogisticRegression,gender_blind,14,0.5,8842,3790,0,0.9387862796833774,0.9494176067608582,0.9666187050359712,0.7991823683910015,0.9908511880444557,0.9994583877869363,0.03964193011846394,0.02174314574314573,0.00292080251531579,0.03817651021783068,0.03817651021783068
11,LogisticRegression,gender_blind,14,0.525,8842,3790,0,0.937730870712401,0.9511353263734679,0.9660138248847926,0.7974723212474277,0.9908511880444557,0.9994583877869363,0.03964193011846394,0.021128427128427107,0.002847212045956393,0.021783067594879857,0.021783067594879857
11,LogisticRegression,gender_blind,14,0.55,8842,3790,0,0.9353562005277045,0.9521553066614892,0.9646617625847397,0.7929954871656311,0.9908511880444557,0.9994583877869363,0.03964193011846394,0.021642135642135685,0.0027000311072377103,0.028632382663373007,0.028632382663373007
11,LogisticRegression,gender_blind,14,0.575,8842,3790,0,0.9337730870712401,0.9513180194719832,0.963764977623791,0.7896925960094452,0.9908511880444557,0.9994583877869363,0.03964193011846394,0.019933621933621914,0.004453990852929635,0.028632382663373007,0.028632382663373007
11,LogisticRegression,gender_blind,14,0.6,8842,3790,0,0.9311345646437995,0.952198451895087,0.9622559652928416,0.7848873811426614,0.9908511880444557,0.9994583877869363,0.03964193011846394,0.02089177489177485,0.0026801070500312996,0.01223894004042219,0.01223894004042219
11,LogisticRegression,gender_blind,14,0.625,8842,3790,0,0.9266490765171504,0.9498261381914866,0.9596984633227023,0.7760369149458086,0.9908511880444557,0.9994583877869363,0.03964193011846394,0.022978354978354987,0.00035734760667083254,0.01223894004042219,0.01223894004042219
11,LogisticRegression,gender_blind,14,0.65,8842,3790,0,0.9232189973614776,0.9480120159475569,0.9577342047930283,0.7695145844109026,0.9908511880444557,0.9994583877869363,0.03964193011846394,0.025474747474747428,0.0023671065384328616,0.01223894004042219,0.01223894004042219
11,LogisticRegression,gender_blind,14,0.675,8842,3790,0,0.9213720316622691,0.9470351808931333,0.956673451584763,0.7660860135416693,0.9908511880444557,0.9994583877869363,0.03964193011846394,0.02311688311688309,6.298572923335577e-05,0.01223894004042219,0.01223894004042219
11,LogisticRegression,gender_blind,14,0.7,8842,3790,0,0.9192612137203167,0.9481947090460724,0.9554455445544554,0.7628351318277895,0.9908511880444557,0.9994583877869363,0.03964193011846394,0.0231861471861472,0.0003910899616172969,0.01908825510891534,0.01908825510891534
11,RandomForestClassifier,gender_blind,14,0.3,8842,3790,0,0.9783641160949869,0.8474505885953665,0.9886237513873474,0.8840968219302328,0.9845344561880377,0.9987308007885161,0.01608429557350376,0.018643578643578684,0.002597197263591422,0.02953065349202788,0.02953065349202788
11,RandomForestClassifier,gender_blind,14,0.325,8842,3790,0,0.978891820580475,0.854557417542043,0.9888950583009439,0.8880645504270677,0.9845344561880377,0.9987308007885161,0.01608429557350376,0.02042135642135645,0.003072482434694046,0.008982708286548402,0.008982708286548402
11,RandomForestClassifier,gender_blind,14,0.35,8842,3790,0,0.9783641160949869,0.8565542328844881,0.9886111111111111,0.8864108187134503,0.9845344561880377,0.9987308007885161,0.01608429557350376,0.020011544011544036,0.002195502561848084,0.0021333932180552795,0.002195502561848084
11,RandomForestClassifier,gender_blind,14,0.375,8842,3790,0,0.9778364116094986,0.8653787814437743,0.988317107093185,0.8864662458542848,0.9845344561880377,0.9987308007885161,0.01608429557350376,0.022268398268398326,0.002744378202310216,0.025263867055917322,0.025263867055917322
11,RandomForestClassifier,gender_blind,14,0.4,8842,3790,0,0.9778364116094986,0.874482425732896,0.9883040935672515,0.8886244085926709,0.9845344561880377,0.9987308007885161,0.01608429557350376,0.02254256854256853,0.003494101193643906,0.00617561194700203,0.00617561194700203
11,RandomForestClassifier,gender_blind,14,0.425,8842,3790,0,0.9778364116094986,0.8835860700220175,0.9882910510175634,0.8906972496467127,0.9845344561880377,0.9987308007885161,0.01608429557350376,0.022816738816738846,0.003092406491900457,0.01033011452953067,0.01033011452953067
11,RandomForestClassifier,gender_blind,14,0.45,8842,3790,0,0.9781002638522427,0.8905533511037764,0.9884223741107546,0.893237951045645,0.9845344561880377,0.9987308007885161,0.01608429557350376,0.020663780663780607,0.0017401414479518706,0.015607455647877827,0.015607455647877827
11,RandomForestClassifier,gender_blind,14,0.475,8842,3790,0,0.9781002638522427,0.8928292621760567,0.9884191432956607,0.8937253101466197,0.9845344561880377,0.9987308007885161,0.01608429557350376,0.0204588744588744,0.0010640089259775776,0.008758140579384677,0.008758140579384677
11,RandomForestClassifier,gender_blind,14,0.5,8842,3790,0,0.9778364116094986,0.8972415364557,0.9882714325607372,0.8936572473808471,0.9845344561880377,0.9987308007885161,0.01608429557350376,0.019399711399711417,0.0009643886399453017,0.004940489557601624,0.004940489557601624
11,RandomForestClassifier,gender_blind,14,0.525,8842,3790,0,0.9778364116094986,0.8972415364557,0.9882714325607372,0.8936572473808471,0.9845344561880377,0.9987308007885161,0.01608429557350376,0.019399711399711417,0.0009643886399453017,0.004940489557601624,0.004940489557601624
11,RandomForestClassifier,gender_blind,14,0.55,8842,3790,0,0.9781002638522427,0.8996569953928981,0.9884094400223432,0.895159373949119,0.9845344561880377,0.9987308007885161,0.01608429557350376,0.019844155844155775,0.0009643886399453017,0.011789804626094774,0.011789804626094774
11,RandomForestClassifier,gender_blind,14,0.575,8842,3790,0,0.9778364116094986,0.9040692696725412,0.9882615986584684,0.8950741955556494,0.9845344561880377,0.9987308007885161,0.01608429557350376,0.01987878787878794,0.0018413685127912638,0.025488434763081075,0.025488434763081075
11,RandomForestClassifier,gender_blind,14,0.6,8842,3790,0,0.9775725593667546,0.9039297218076234,0.9881201956673655,0.8940600978336828,0.9845344561880377,0.9987308007885161,0.01608429557350376,0.02032323232323241,0.0013660833416886398,0.025488434763081075,0.025488434763081075
11,RandomForestClassifier,gender_blind,14,0.625,8842,3790,0,0.9773087071240105,0.910617907159547,0.9879686625629547,0.8944472942444404,0.9845344561880377,0.9987308007885161,0.01608429557350376,0.022340548340548327,0.0005350573427219674,0.022793622277116565,0.022793622277116565
11,RandomForestClassifier,gender_blind,14,0.65,8842,3790,0,0.9773087071240105,0.910617907159547,0.9879686625629547,0.8944472942444404,0.9845344561880377,0.9987308007885161,0.01608429557350376,0.022340548340548327,0.0005350573427219674,0.022793622277116565,0.022793622277116565
11,RandomForestClassifier,gender_blind,14,0.675,8842,3790,0,0.9770448548812665,0.9150301814391901,0.9878202435951281,0.8943677877014542,0.9845344561880377,0.9987308007885161,0.01608429557350376,0.024562770562770564,0.0019609128560300615,0.036492252414102866,0.036492252414102866
11,RandomForestClassifier,gender_blind,14,0.7,8842,3790,0,0.9767810026385224,0.9171665446465529,0.9876750700280112,0.8938375350140056,0.9845344561880377,0.9987308007885161,0.01608429557350376,0.024802308802308826,0.0017600655051583924,0.043341567482596016,0.043341567482596016
12,LogisticRegression,gender_aware,15,0.3,8842,3790,0,0.9591029023746702,0.9328518594921537,0.9780173025102822,0.8425058157163887,0.9892575109784395,0.9993724379526623,0.04152472784960445,0.005218913692566662,0.0054949528362969735,0.061309030654515324,0.061309030654515324
12,LogisticRegression,gender_aware,15,0.325,8842,3790,0,0.9572559366754617,0.9364268465822907,0.9769886363636363,0.8384943181818181,0.9892575109784395,0.9993724379526623,0.04152472784960445,0.005802974660142901,0.0057847176011579515,0.046603148301574145,0.046603148301574145
12,LogisticRegression,gender_aware,15,0.35,8842,3790,0,0.9532981530343008,0.9343336286085258,0.9748042704626334,0.8279426757718573,0.9892575109784395,0.9993724379526623,0.04152472784960445,0.003827854565658817,0.007798967360435283,0.046603148301574145,0.046603148301574145
12,LogisticRegression,gender_aware,15,0.375,8842,3790,0,0.9517150395778364,0.940324074635861,0.9739056038785113,0.8255771405635943,0.9892575109784395,0.9993724379526623,0.04152472784960445,0.004860950108897311,0.006940250761914735,0.0459817729908865,0.0459817729908865
12,LogisticRegression,gender_aware,15,0.4,8842,3790,0,0.9467018469656993,0.9376726652024253,0.9711181012296254,0.8132041018093519,0.9892575109784395,0.9993724379526623,0.04152472784960445,0.004681968317062579,0.007041540215118269,0.0459817729908865,0.0459817729908865
12,LogisticRegression,gender_aware,15,0.425,8842,3790,0,0.9443271767810026,0.9432444676350075,0.9697664421836939,0.809342455700832,0.9892575109784395,0.9993724379526623,0.04152472784960445,0.004884507904933333,0.00819354747718748,0.023922949461474732,0.023922949461474732
12,LogisticRegression,gender_aware,15,0.45,8842,3790,0,0.9422163588390501,0.946679906860227,0.9685660973159179,0.8056533586090193,0.9892575109784395,0.9993724379526623,0.04152472784960445,0.0059176034481718265,0.008005072165530036,0.009217067108533553,0.009217067108533553
12,LogisticRegression,gender_aware,15,0.475,8842,3790,0,0.9401055408970976,0.947839435013166,0.9673709932442145,0.8015025110683351,0.9892575109784395,0.9993724379526623,0.04152472784960445,0.0027861403165535537,0.011740281020536147,0.0018641259320629697,0.011740281020536147
12,LogisticRegression,gender_aware,15,0.5,8842,3790,0,0.9364116094986807,0.9458857649043186,0.9652887800662537,0.7934764151508662,0.9892575109784395,0.9993724379526623,0.04152472784960445,0.005806134852294087,0.008490364039423492,0.0018641259320629697,0.008490364039423492
12,LogisticRegression,gender_aware,15,0.525,8842,3790,0,0.9337730870712401,0.9444902862551421,0.9637963363623251,0.7879259888921363,0.9892575109784395,0.9993724379526623,0.04152472784960445,0.005941161244207849,0.00830188872776605,0.0018641259320629697,0.00830188872776605
12,LogisticRegression,gender_aware,15,0.55,8842,3790,0,0.9327176781002638,0.9462080058677518,0.9631875270679948,0.7863410835952531,0.9892575109784395,0.9993724379526623,0.04152472784960445,0.003191219492295061,0.010504613798700713,0.01594863297431649,0.01594863297431649
12,LogisticRegression,gender_aware,15,0.575,8842,3790,0,0.9319261213720317,0.9503411844175595,0.9627167630057804,0.7859038360483448,0.9892575109784395,0.9993724379526623,0.04152472784960445,0.004156801839576563,0.009261894779490243,0.02268019884009942,0.02268019884009942
12,LogisticRegression,gender_aware,15,0.6,8842,3790,0,0.9298153034300791,0.9515007125704986,0.9615050651230101,0.7822450698749379,0.9892575109784395,0.9993724379526623,0.04152472784960445,0.005380658072667743,0.008403178180969695,0.015327257663628831,0.015327257663628831
12,LogisticRegression,gender_aware,15,0.625,8842,3790,0,0.9282321899736148,0.952939336453273,0.9605911330049262,0.7797055960009882,0.9892575109784395,0.9993724379526623,0.04152472784960445,0.006795274995611611,0.00735246037210413,0.007974316487158245,0.007974316487158245
12,LogisticRegression,gender_aware,15,0.65,8842,3790,0,0.9253298153034301,0.9536802210114591,0.9589200174190738,0.7746843212999855,0.9892575109784395,0.9993724379526623,0.04152472784960445,0.007188575273335052,0.007355986270791592,0.0006213753106876548,0.007355986270791592
12,LogisticRegression,gender_aware,15,0.675,8842,3790,0,0.9226912928759895,0.9545606534345628,0.9573942125927003,0.7703045031669049,0.9892575109784395,0.9993724379526623,0.04152472784960445,0.0060440111342188185,0.007837752245997365,0.014705882352941176,0.014705882352941176
12,LogisticRegression,gender_aware,15,0.7,8842,3790,0,0.9203166226912929,0.9533047226503037,0.9560279557367501,0.7659353261829818,0.9892575109784395,0.9993724379526623,0.04152472784960445,0.006818832791647633,0.006979035647476817,0.014705882352941176,0.014705882352941176
12,RandomForestClassifier,gender_aware,15,0.3,8842,3790,0,0.9810026385224274,0.8556738004613843,0.9900166389351082,0.8971822325110324,0.9747357691514277,0.99776951221136,0.017136389808426213,0.013497755258057076,0.0027716769045943446,0.005074565037282486,0.005074565037282486
12,RandomForestClassifier,gender_aware,15,0.325,8842,3790,0,0.9807387862796834,0.8623619858133078,0.9898681471200556,0.8976007402266944,0.9747357691514277,0.99776951221136,0.017136389808426213,0.01228567792298374,0.002387674483904645,0.025890637945318984,0.025890637945318984
12,RandomForestClassifier,gender_aware,15,0.35,8842,3790,0,0.9802110817941952,0.864358801155753,0.9895847798916817,0.8958477989168171,0.9747357691514277,0.99776951221136,0.017136389808426213,0.011904156543278477,0.0015254319866965238,0.018537696768848366,0.018537696768848366
12,RandomForestClassifier,gender_aware,15,0.375,8842,3790,0,0.9799472295514512,0.8710469865076764,0.9894356408117876,0.8962722245509716,0.9747357691514277,0.99776951221136,0.017136389808426213,0.01178090904938256,0.001141429566006824,0.017916321458160717,0.017916321458160717
12,RandomForestClassifier,gender_aware,15,0.4,8842,3790,0,0.9802110817941952,0.8734624454448745,0.9895731961629362,0.8978873732752666,0.9747357691514277,0.99776951221136,0.017136389808426213,0.012229943625044926,0.001141429566006824,0.010563380281690155,0.010563380281690155
12,RandomForestClassifier,gender_aware,15,0.425,8842,3790,0,0.979155672823219,0.879731987202045,0.9890018098287624,0.8950046832519127,0.9747357691514277,0.99776951221136,0.017136389808426213,0.014542629699313414,0.0021921473748722775,0.011495443247721615,0.011495443247721615
12,RandomForestClassifier,gender_aware,15,0.45,8842,3790,0,0.978891820580475,0.8795924393371274,0.9888610414926204,0.8939280081834962,0.9747357691514277,0.99776951221136,0.017136389808426213,0.01499166427497578,0.002670387451390699,0.011495443247721615,0.011495443247721615
12,RandomForestClassifier,gender_aware,15,0.475,8842,3790,0,0.978891820580475,0.8841442614816882,0.988854834215659,0.8949249295456405,0.9747357691514277,0.99776951221136,0.017136389808426213,0.014610142895270406,0.0024783862410457935,0.004763877381938703,0.004763877381938703
12,RandomForestClassifier,gender_aware,15,0.5,8842,3790,0,0.978891820580475,0.8841442614816882,0.988854834215659,0.8949249295456405,0.9747357691514277,0.99776951221136,0.017136389808426213,0.014610142895270406,0.0024783862410457935,0.004763877381938703,0.004763877381938703
12,RandomForestClassifier,gender_aware,15,0.525,8842,3790,0,0.9786279683377309,0.8862806246890509,0.9887108013937282,0.8943554006968641,0.9747357691514277,0.99776951221136,0.017136389808426213,0.013779586939902666,0.002286385030700999,0.009320629660314828,0.009320629660314828
12,RandomForestClassifier,gender_aware,15,0.55,8842,3790,0,0.9783641160949869,0.8861410768241333,0.9885698355171453,0.8932996960836959,0.9747357691514277,0.99776951221136,0.017136389808426213,0.014228621515564921,0.0027646251072194206,0.009320629660314828,0.009320629660314828
12,RandomForestClassifier,gender_aware,15,0.575,8842,3790,0,0.9778364116094986,0.8926897143111392,0.988277979346916,0.8926897143111392,0.9747357691514277,0.99776951221136,0.017136389808426213,0.01455440859733148,0.004007344126429779,0.03013670256835127,0.03013670256835127
12,RandomForestClassifier,gender_aware,15,0.6,8842,3790,0,0.9773087071240105,0.8924106185813039,0.9879955332216639,0.8906323819954474,0.9747357691514277,0.99776951221136,0.017136389808426213,0.013274818066301375,0.002666861552703237,0.03013670256835127,0.03013670256835127
12,RandomForestClassifier,gender_aware,15,0.625,8842,3790,0,0.9765171503957784,0.8965437971311117,0.9875646220483443,0.8885813653976946,0.9747357691514277,0.99776951221136,0.017136389808426213,0.014240400413582988,0.0027610992085318475,0.01543082021541009,0.01543082021541009
12,RandomForestClassifier,gender_aware,15,0.65,8842,3790,0,0.9759894459102902,0.8985406124735567,0.9872780651474906,0.887081655524565,0.9747357691514277,0.99776951221136,0.017136389808426213,0.012770049192700195,0.0007503753479420894,0.0080778790389395,0.0080778790389395
12,RandomForestClassifier,gender_aware,15,0.675,8842,3790,0,0.9751978891820581,0.8981219688788037,0.9868531468531468,0.8841242478451781,0.9747357691514277,0.99776951221136,0.017136389808426213,0.010850663396155036,0.0012603485126477798,0.0080778790389395,0.0080778790389395
12,RandomForestClassifier,gender_aware,15,0.7,8842,3790,0,0.9733509234828496,0.8971451338243801,0.9858602827943441,0.8773695006649066,0.9747357691514277,0.99776951221136,0.017136389808426213,0.011816245743436538,0.00020963070378221538,0.0080778790389395,0.0080778790389395
12,LogisticRegression,gender_blind,14,0.3,8842,3790,0,0.9596306068601583,0.9354068662942694,0.978300950219827,0.844537998739403,0.9892494212471399,0.9993715517651698,0.041477776696900566,0.008485403216098808,0.0036762301860520097,0.03251864125932062,0.03251864125932062
12,LogisticRegression,gender_blind,14,0.325,8842,3790,0,0.9564643799472295,0.9360082029875377,0.9765525081710956,0.8363425524280892,0.9892494212471399,0.9993715517651698,0.041477776696900566,0.008238908228307196,0.0032015160082211613,0.046603148301574145,0.046603148301574145
12,LogisticRegression,gender_blind,14,0.35,8842,3790,0,0.9535620052770448,0.9367490875457238,0.9749430523917996,0.8291981449009358,0.9892494212471399,0.9993715517651698,0.041477776696900566,0.005365718982498491,0.006650485997053646,0.039250207125103555,0.039250207125103555
12,LogisticRegression,gender_blind,14,0.375,8842,3790,0,0.9506596306068602,0.9397658831761904,0.9733200171208446,0.8229121977022786,0.9892494212471399,0.9993715517651698,0.041477776696900566,0.00883474809390139,0.002730327729077664,0.0459817729908865,0.0459817729908865
12,LogisticRegression,gender_blind,14,0.4,8842,3790,0,0.9472295514511874,0.9447794941491019,0.9713876967095851,0.8162023229310638,0.9892494212471399,0.9993715517651698,0.041477776696900566,0.009744596143244078,0.0031178560484548257,0.023922949461474732,0.023922949461474732
12,LogisticRegression,gender_blind,14,0.425,8842,3790,0,0.9437994722955145,0.9429653719051722,0.9694711193922889,0.8081186442732589,0.9892494212471399,0.9993715517651698,0.041477776696900566,0.006871406897435373,0.006088585960768889,0.023922949461474732,0.023922949461474732
12,LogisticRegression,gender_blind,14,0.45,8842,3790,0,0.9422163588390501,0.9444039957879465,0.9685751183814033,0.8050731565720437,0.9892494212471399,0.9993715517651698,0.041477776696900566,0.0061083641380246245,0.007334830878666709,0.016570008285004142,0.016570008285004142
12,LogisticRegression,gender_blind,14,0.475,8842,3790,0,0.9387862796833774,0.9448657846162973,0.9666379062410123,0.7980154387435093,0.9892494212471399,0.9993715517651698,0.041477776696900566,0.006310903725895267,0.007530357987699077,0.009217067108533553,0.009217067108533553
12,LogisticRegression,gender_blind,14,0.5,8842,3790,0,0.9366754617414248,0.9460253127692364,0.9654377880184332,0.7940396487261977,0.9892494212471399,0.9993715517651698,0.041477776696900566,0.007534759958986448,0.006671641389178529,0.0018641259320629697,0.006671641389178529
12,LogisticRegression,gender_blind,14,0.525,8842,3790,0,0.9345646437994723,0.944908929849895,0.9642445213379469,0.7895756768180417,0.9892494212471399,0.9993715517651698,0.041477776696900566,0.006771717199575589,0.007439646230557928,0.0018641259320629697,0.007439646230557928
12,LogisticRegression,gender_blind,14,0.55,8842,3790,0,0.9324538258575198,0.9437925469305537,0.9630484988452656,0.7852052310177249,0.9892494212471399,0.9993715517651698,0.041477776696900566,0.00600867444016473,0.008207651071937327,0.0018641259320629697,0.008207651071937327
12,LogisticRegression,gender_blind,14,0.575,8842,3790,0,0.9316622691292876,0.9479257254803615,0.9625776621875451,0.784778967664334,0.9892494212471399,0.9993715517651698,0.041477776696900566,0.0058854269462690345,0.008113413416108717,0.0085956917978459,0.0085956917978459
12,LogisticRegression,gender_blind,14,0.6,8842,3790,0,0.9298153034300791,0.9515007125704986,0.9615050651230101,0.7822450698749379,0.9892494212471399,0.9993715517651698,0.041477776696900566,0.005380658072667743,0.008403178180969695,0.015327257663628831,0.015327257663628831
12,LogisticRegression,gender_blind,14,0.625,8842,3790,0,0.9282321899736148,0.9506634253809927,0.9606025492468134,0.779117842670744,0.9892494212471399,0.9993715517651698,0.041477776696900566,0.006986035685464409,0.006682219085240804,0.015327257663628831,0.015327257663628831
12,LogisticRegression,gender_blind,14,0.65,8842,3790,0,0.9258575197889182,0.9539593167412945,0.9592221738499492,0.7756923641383273,0.9892494212471399,0.9993715517651698,0.041477776696900566,0.009556995645542465,0.004867022333683413,0.0006213753106876548,0.004867022333683413
12,LogisticRegression,gender_blind,14,0.675,8842,3790,0,0.9226912928759895,0.9545606534345628,0.9573942125927003,0.7703045031669049,0.9892494212471399,0.9993715517651698,0.041477776696900566,0.009310500657750853,0.0043923081558524535,0.014705882352941176,0.014705882352941176
12,LogisticRegression,gender_blind,14,0.7,8842,3790,0,0.9203166226912929,0.9555806337225843,0.9560151471016604,0.7665229797132951,0.9892494212471399,0.9993715517651698,0.041477776696900566,0.008805731784149673,0.005352314207576647,0.007352941176470588,0.007352941176470588
12,RandomForestClassifier,gender_blind,14,0.3,8842,3790,0,0.9807387862796834,0.8691897190301491,0.9898597027364912,0.8991293264338625,0.9709915718482743,0.997247936762925,0.017412719310811228,0.011713395853425679,0.0015254319866965238,0.025269262634631334,0.025269262634631334
12,RandomForestClassifier,gender_blind,14,0.325,8842,3790,0,0.9799472295514512,0.8687710754353961,0.9894385769872152,0.8957609551602743,0.9709915718482743,0.997247936762925,0.017412719310811228,0.011971669739235358,0.0018116708528700398,0.025269262634631334,0.025269262634631334
12,RandomForestClassifier,gender_blind,14,0.35,8842,3790,0,0.9796833773087071,0.8731833497150392,0.9892921707690169,0.8956743630194699,0.9709915718482743,0.997247936762925,0.017412719310811228,0.014216842617546965,0.003246391082425304,0.010563380281690155,0.010563380281690155
12,RandomForestClassifier,gender_blind,14,0.375,8842,3790,0,0.9796833773087071,0.8800110829318804,0.9892832289491997,0.8971732600442202,0.9709915718482743,0.997247936762925,0.017412719310811228,0.012555730706811485,0.0012356672218355458,0.009942004971002477,0.009942004971002477
12,RandomForestClassifier,gender_blind,14,0.4,8842,3790,0,0.9799472295514512,0.8869783640136393,0.9894150417827298,0.899707520891365,0.9709915718482743,0.997247936762925,0.017412719310811228,0.011534414061590947,0.00010481535189099667,0.009320629660314828,0.009320629660314828
12,RandomForestClassifier,gender_blind,14,0.425,8842,3790,0,0.978891820580475,0.888696083626249,0.988848620016727,0.8959021425206788,0.9709915718482743,0.997247936762925,0.017412719310811228,0.013139791674387613,0.001137903667319251,0.0019676884838442377,0.0019676884838442377
12,RandomForestClassifier,gender_blind,14,0.45,8842,3790,0,0.978891820580475,0.888696083626249,0.988848620016727,0.8959021425206788,0.9709915718482743,0.997247936762925,0.017412719310811228,0.013139791674387613,0.001137903667319251,0.0019676884838442377,0.0019676884838442377
12,RandomForestClassifier,gender_blind,14,0.475,8842,3790,0,0.9781002638522427,0.8905533511037764,0.9884223741107546,0.893237951045645,0.9709915718482743,0.997247936762925,0.017412719310811228,0.014296134711521802,0.0019023826100112995,0.005385252692626352,0.005385252692626352
12,RandomForestClassifier,gender_blind,14,0.5,8842,3790,0,0.9775725593667546,0.8925501664462214,0.9881367759944173,0.8916587494429917,0.9709915718482743,0.997247936762925,0.017412719310811228,0.01282578349063912,0.0010401401128031784,0.008699254349627178,0.008699254349627178
12,RandomForestClassifier,gender_blind,14,0.525,8842,3790,0,0.9778364116094986,0.8949656253834195,0.9882747068676717,0.8931758149722975,0.9709915718482743,0.997247936762925,0.017412719310811228,0.013274818066301375,0.0010401401128031784,0.001346313173156588,0.001346313173156588
12,RandomForestClassifier,gender_blind,14,0.55,8842,3790,0,0.9770448548812665,0.8945469817886665,0.9878508588186008,0.8901068136575104,0.9709915718482743,0.997247936762925,0.017412719310811228,0.012444262110933635,0.00017789761559505735,0.001346313173156588,0.001346313173156588
12,RandomForestClassifier,gender_blind,14,0.575,8842,3790,0,0.9759894459102902,0.8939887903289959,0.9872851753528015,0.8860775758560697,0.9709915718482743,0.997247936762925,0.017412719310811228,0.010973910890050953,0.0013545861684763905,0.001346313173156588,0.0013545861684763905
12,RandomForestClassifier,gender_blind,14,0.6,8842,3790,0,0.9767810026385224,0.90123516714059,0.987699189264747,0.8905632096558477,0.9709915718482743,0.997247936762925,0.017412719310811228,0.011232184775860521,0.0013545861684763905,0.0007249378624689384,0.0013545861684763905
12,RandomForestClassifier,gender_blind,14,0.625,8842,3790,0,0.9762532981530343,0.9009560714107547,0.9874161073825504,0.8885678667753873,0.9709915718482743,0.997247936762925,0.017412719310811228,0.011041424086007834,0.0015465873788211848,0.0007249378624689384,0.0015465873788211848
12,RandomForestClassifier,gender_blind,14,0.65,8842,3790,0,0.9759894459102902,0.9008165235458371,0.9872745070619494,0.8875766474703686,0.9709915718482743,0.997247936762925,0.017412719310811228,0.011490458661670089,0.0010683473023027634,0.0007249378624689384,0.0010683473023027634
12,RandomForestClassifier,gender_blind,14,0.675,8842,3790,0,0.9757255936675462,0.9029528867531997,0.987129266927812,0.8870831519824245,0.9709915718482743,0.997247936762925,0.017412719310811228,0.00957107286512493,0.002408829876029306,0.014809444904722469,0.014809444904722469
12,RandomForestClassifier,gender_blind,14,0.7,8842,3790,0,0.9751978891820581,0.904949702095645,0.9868421052631579,0.8856228874939642,0.9709915718482743,0.997247936762925,0.017412719310811228,0.010278381326596975,0.0009741096464741528,0.028893951946976,0.028893951946976
13,LogisticRegression,gender_aware,15,0.3,8842,3790,0,0.9591029023746702,0.9487832369981164,0.9779735682819384,0.8462611856142657,0.9903064794702844,0.9994323904709319,0.04056358567402815,0.027020373891668337,0.005124150855001175,0.006985799358680711,0.006985799358680711
13,LogisticRegression,gender_aware,15,0.325,8842,3790,0,0.9551451187335093,0.9512418411689123,0.975776574522656,0.8366427356599044,0.9903064794702844,0.9994323904709319,0.04056358567402815,0.027496333822157104,0.0048345956638297105,0.020499312872194225,0.020499312872194225
13,LogisticRegression,gender_aware,15,0.35,8842,3790,0,0.9540897097625329,0.9552354718538023,0.9751783166904422,0.8349575793978528,0.9903064794702844,0.9994323904709319,0.04056358567402815,0.027638420140472464,0.005280966138309751,0.010306917086578105,0.010306917086578105
13,LogisticRegression,gender_aware,15,0.375,8842,3790,0,0.9519788918205805,0.9541190889344611,0.9740074264495858,0.8295642668580109,0.9903064794702844,0.9994323904709319,0.04056358567402815,0.028888545854704684,0.006653262538715787,0.010306917086578105,0.010306917086578105
13,LogisticRegression,gender_aware,15,0.4,8842,3790,0,0.9490765171503958,0.9525840624203668,0.9723930768130453,0.8223595265219725,0.9903064794702844,0.9994323904709319,0.04056358567402815,0.027006340675044482,0.004751633221415363,0.010306917086578105,0.010306917086578105
13,LogisticRegression,gender_aware,15,0.425,8842,3790,0,0.946174142480211,0.9533249469785527,0.9707652622527945,0.8159474151795534,0.9903064794702844,0.9994323904709319,0.04056358567402815,0.025990686621900738,0.0033129668670778267,0.01706367384333486,0.01706367384333486
13,LogisticRegression,gender_aware,15,0.45,8842,3790,0,0.9432717678100264,0.9517899204644584,0.9691402325247596,0.80920306895406,0.9903064794702844,0.9994323904709319,0.04056358567402815,0.027432599629990895,0.004908448504723939,0.01706367384333486,0.01706367384333486
13,LogisticRegression,gender_aware,15,0.475,8842,3790,0,0.9411609498680739,0.9506735375451172,0.9679551659721224,0.8044284686543381,0.9903064794702844,0.9994323904709319,0.04056358567402815,0.026466646552389506,0.003949337601832359,0.01706367384333486,0.01706367384333486
13,LogisticRegression,gender_aware,15,0.5,8842,3790,0,0.9393139841688655,0.9496967024906935,0.966915995397008,0.8003369785902237,0.9903064794702844,0.9994323904709319,0.04056358567402815,0.026175457307446748,0.003692967387626478,0.01706367384333486,0.01706367384333486
13,LogisticRegression,gender_aware,15,0.525,8842,3790,0,0.937730870712401,0.9511353263734679,0.9660138248847926,0.7974723212474277,0.9903064794702844,0.9994323904709319,0.04056358567402815,0.027425583021678968,0.004602300825069627,0.02382043060009162,0.02382043060009162
13,LogisticRegression,gender_aware,15,0.55,8842,3790,0,0.9345646437994723,0.9494607519944558,0.9642238892094633,0.7907539199133736,0.9903064794702844,0.9994323904709319,0.04056358567402815,0.030408810988944213,0.007826449077327546,0.02382043060009162,0.02382043060009162
13,LogisticRegression,gender_aware,15,0.575,8842,3790,0,0.9319261213720317,0.9503411844175595,0.9627167630057804,0.7859038360483448,0.9903064794702844,0.9994323904709319,0.04056358567402815,0.03006792076845899,0.00825622706332474,0.006871278057718734,0.00825622706332474
13,LogisticRegression,gender_aware,15,0.6,8842,3790,0,0.929023746701847,0.9510820689757457,0.9610540031851744,0.7806755900026912,0.9903064794702844,0.9994323904709319,0.04056358567402815,0.03126834550714874,0.00914896801228493,0.013628034814475491,0.013628034814475491
13,LogisticRegression,gender_aware,15,0.625,8842,3790,0,0.9261213720316622,0.9495470424616512,0.9593967517401392,0.7750200132969702,0.9903064794702844,0.9994323904709319,0.04056358567402815,0.03160221911932215,0.009578745998282234,0.013628034814475491,0.013628034814475491
13,LogisticRegression,gender_aware,15,0.65,8842,3790,0,0.9232189973614776,0.9480120159475569,0.9577342047930283,0.7695145844109026,0.9903064794702844,0.9994323904709319,0.04056358567402815,0.030828053335578698,0.008842820332630619,0.013628034814475491,0.013628034814475491
13,LogisticRegression,gender_aware,15,0.675,8842,3790,0,0.9213720316622691,0.9470351808931333,0.956673451584763,0.7660860135416693,0.9903064794702844,0.9994323904709319,0.04056358567402815,0.03164490348655269,0.009752153770073657,0.013628034814475491,0.013628034814475491
13,LogisticRegression,gender_aware,15,0.7,8842,3790,0,0.9179419525065963,0.9474969697214841,0.9546845402885036,0.7604663984566646,0.9903064794702844,0.9994323904709319,0.04056358567402815,0.03481991874767576,0.013902227948257462,0.00332111772789739,0.013902227948257462
13,RandomForestClassifier,gender_aware,15,0.3,8842,3790,0,0.9817941952506596,0.8697479104898198,0.990420658059142,0.9036983926900485,0.9868191311358927,0.9991523596961754,0.016165367027219414,0.02379507293764338,0.0027445928008120735,0.0685982592762254,0.0685982592762254
13,RandomForestClassifier,gender_aware,15,0.325,8842,3790,0,0.9810026385224274,0.8693292668950667,0.99,0.9002631578947369,0.9868191311358927,0.9991523596961754,0.016165367027219414,0.022878820835584457,0.0018020743864032296,0.0685982592762254,0.0685982592762254
13,RandomForestClassifier,gender_aware,15,0.35,8842,3790,0,0.9815303430079155,0.8787120069140237,0.9902696691687517,0.9044612594548422,0.9868191311358927,0.9991523596961754,0.016165367027219414,0.02326239542330022,0.0027280003123291152,0.04821346770499313,0.04821346770499313
13,RandomForestClassifier,gender_aware,15,0.375,8842,3790,0,0.9810026385224274,0.8829847333287492,0.989983305509182,0.9031549180607135,0.9868191311358927,0.9991523596961754,0.016165367027219414,0.023645970011015982,0.0022484448608833807,0.061726981218506644,0.061726981218506644
13,RandomForestClassifier,gender_aware,15,0.4,8842,3790,0,0.9799472295514512,0.8824265418690784,0.9894209354120267,0.8987508717464174,0.9868191311358927,0.9991523596961754,0.016165367027219414,0.025379072264049007,0.004100296712735152,0.061726981218506644,0.061726981218506644
13,RandomForestClassifier,gender_aware,15,0.425,8842,3790,0,0.9783641160949869,0.8838651657518528,0.9885730211817169,0.8928013620760069,0.9868191311358927,0.9991523596961754,0.016165367027219414,0.02330507979053087,0.0026782228468805735,0.04477782867613375,0.04477782867613375
13,RandomForestClassifier,gender_aware,15,0.45,8842,3790,0,0.9781002638522427,0.8882774400314961,0.9884256031236927,0.8927458088968097,0.9868191311358927,0.9991523596961754,0.016165367027219414,0.024363418210905263,0.002901408084120649,0.058291342189647266,0.058291342189647266
13,RandomForestClassifier,gender_aware,15,0.475,8842,3790,0,0.9775725593667546,0.8879983443016607,0.9881433951736643,0.8906653715527689,0.9868191311358927,0.9991523596961754,0.016165367027219414,0.02301389054558811,0.001495926706748918,0.058291342189647266,0.058291342189647266
13,RandomForestClassifier,gender_aware,15,0.5,8842,3790,0,0.9773087071240105,0.8901347075090233,0.9879988836170807,0.8901347075090233,0.9868191311358927,0.9991523596961754,0.016165367027219414,0.02098959904761244,9.044532937718675e-05,0.0413421896472744,0.0413421896472744
13,RandomForestClassifier,gender_aware,15,0.525,8842,3790,0,0.9773087071240105,0.8946865296535842,0.9879921809550405,0.891125277080391,0.9868191311358927,0.9991523596961754,0.016165367027219414,0.022722701300645354,0.0010163712553030724,0.054855703160787916,0.054855703160787916
13,RandomForestClassifier,gender_aware,15,0.55,8842,3790,0,0.9773087071240105,0.899238351798145,0.9879854708019,0.8920970008037936,0.9868191311358927,0.9991523596961754,0.016165367027219414,0.023347764157761408,0.0007765935295801496,0.06836921667430143,0.06836921667430143
13,RandomForestClassifier,gender_aware,15,0.575,8842,3790,0,0.9775725593667546,0.9016538107353431,0.9881235154394299,0.8935889444809443,0.9868191311358927,0.9991523596961754,0.016165367027219414,0.023781039721019637,0.0007765935295801496,0.07512597343105817,0.07512597343105817
13,RandomForestClassifier,gender_aware,15,0.6,8842,3790,0,0.9775725593667546,0.9016538107353431,0.9881235154394299,0.8935889444809443,0.9868191311358927,0.9991523596961754,0.016165367027219414,0.023781039721019637,0.0007765935295801496,0.07512597343105817,0.07512597343105817
13,RandomForestClassifier,gender_aware,15,0.625,8842,3790,0,0.9775725593667546,0.906205632879904,0.9881168740388648,0.8945268210943739,0.9868191311358927,0.9991523596961754,0.016165367027219414,0.023298063182218942,0.0005368158038572268,0.06493357764544205,0.06493357764544205
13,RandomForestClassifier,gender_aware,15,0.65,8842,3790,0,0.9773087071240105,0.9060660850149862,0.9879753914988815,0.8935204060298145,0.9868191311358927,0.9991523596961754,0.016165367027219414,0.02373133874547717,0.0009997787668202252,0.06493357764544205,0.06493357764544205
13,RandomForestClassifier,gender_aware,15,0.675,8842,3790,0,0.9770448548812665,0.9059265371500685,0.9878338693888966,0.8925183332958468,0.9868191311358927,0.9991523596961754,0.016165367027219414,0.0241646143087354,0.0014627417297832235,0.06493357764544205,0.06493357764544205
13,RandomForestClassifier,gender_aware,15,0.7,8842,3790,0,0.9765171503957784,0.9056474414202332,0.9875507063925024,0.8905270933354623,0.9868191311358927,0.9991523596961754,0.016165367027219414,0.023923126039335108,0.0012229640040601897,0.06493357764544205,0.06493357764544205
13,LogisticRegression,gender_blind,14,0.3,8842,3790,0,0.9588390501319262,0.9486436891331989,0.9778283115406481,0.8455318028291476,0.9902849068534855,0.999430928821149,0.040587828919337945,0.026345610059009705,0.004421410166315254,0.006985799358680711,0.006985799358680711
13,LogisticRegression,gender_blind,14,0.325,8842,3790,0,0.9551451187335093,0.9512418411689123,0.975776574522656,0.8366427356599044,0.9902849068534855,0.999430928821149,0.040587828919337945,0.027496333822157104,0.0048345956638297105,0.020499312872194225,0.020499312872194225
13,LogisticRegression,gender_blind,14,0.35,8842,3790,0,0.9540897097625329,0.9552354718538023,0.9751783166904422,0.8349575793978528,0.9902849068534855,0.999430928821149,0.040587828919337945,0.026530380744555715,0.004115262486660942,0.010306917086578105,0.010306917086578105
13,LogisticRegression,gender_blind,14,0.375,8842,3790,0,0.9514511873350924,0.9538399932046258,0.9737142857142858,0.8282364532019705,0.9902849068534855,0.999430928821149,0.040587828919337945,0.028647057585304392,0.006413484812992976,0.010306917086578105,0.010306917086578105
13,LogisticRegression,gender_blind,14,0.4,8842,3790,0,0.9485488126649076,0.9523049666905314,0.9720990127342968,0.8210748870778083,0.9902849068534855,0.999430928821149,0.040587828919337945,0.02454877361381047,0.002180448192394824,0.010306917086578105,0.010306917086578105
13,LogisticRegression,gender_blind,14,0.425,8842,3790,0,0.945910290237467,0.9531853991136352,0.9706177440160527,0.8153254557559534,0.9902849068534855,0.999430928821149,0.040587828919337945,0.026423962185158967,0.003775929830040825,0.01706367384333486,0.01706367384333486
13,LogisticRegression,gender_blind,14,0.45,8842,3790,0,0.9432717678100264,0.9517899204644584,0.9691402325247596,0.80920306895406,0.9902849068534855,0.999430928821149,0.040587828919337945,0.027432599629990895,0.004908448504723939,0.01706367384333486,0.01706367384333486
13,LogisticRegression,gender_blind,14,0.475,8842,3790,0,0.9411609498680739,0.9506735375451172,0.9679551659721224,0.8044284686543381,0.9902849068534855,0.999430928821149,0.040587828919337945,0.026466646552389506,0.003949337601832359,0.01706367384333486,0.01706367384333486
13,LogisticRegression,gender_blind,14,0.5,8842,3790,0,0.9390501319261214,0.9495571546257757,0.9667673716012085,0.7997588845287442,0.9902849068534855,0.999430928821149,0.040587828919337945,0.025500693474788116,0.002990226698940668,0.01706367384333486,0.01706367384333486
13,LogisticRegression,gender_blind,14,0.525,8842,3790,0,0.937467018469657,0.9509957785085501,0.965864899899179,0.7969041924927607,0.9902849068534855,0.999430928821149,0.040587828919337945,0.027858858584937196,0.005065263788032515,0.02382043060009162,0.02382043060009162
13,LogisticRegression,gender_blind,14,0.55,8842,3790,0,0.9350923482849605,0.9520157587965716,0.9645124062319677,0.792441388301169,0.9902849068534855,0.999430928821149,0.040587828919337945,0.028192732197110604,0.006197782462715629,0.006871278057718734,0.006871278057718734
13,LogisticRegression,gender_blind,14,0.575,8842,3790,0,0.9313984168865436,0.9500620886877242,0.9624168834923388,0.784833819389674,0.9902849068534855,0.999430928821149,0.040587828919337945,0.029826432499058586,0.008016449337601816,0.006871278057718734,0.008016449337601816
13,LogisticRegression,gender_blind,14,0.6,8842,3790,0,0.929287598944591,0.9512216168406633,0.9612044006948466,0.7811974384426614,0.9902849068534855,0.999430928821149,0.040587828919337945,0.030835069943890514,0.008686005049321932,0.013628034814475491,0.013628034814475491
13,LogisticRegression,gender_blind,14,0.625,8842,3790,0,0.9263852242744063,0.949686590326569,0.9595476294040888,0.7755278410563635,0.9902849068534855,0.999430928821149,0.040587828919337945,0.03116894355606381,0.009115783035319236,0.013628034814475491,0.013628034814475491
13,LogisticRegression,gender_blind,14,0.65,8842,3790,0,0.9234828496042217,0.9481515638124747,0.9578855649143189,0.7700090648779088,0.9902849068534855,0.999430928821149,0.040587828919337945,0.03039477777232047,0.00837985736966762,0.013628034814475491,0.013628034814475491
13,LogisticRegression,gender_blind,14,0.675,8842,3790,0,0.921108179419525,0.9468956330282157,0.9565217391304348,0.7656008411157152,0.9902849068534855,0.999430928821149,0.040587828919337945,0.03207817904981092,0.010215116733036655,0.013628034814475491,0.013628034814475491
13,LogisticRegression,gender_blind,14,0.7,8842,3790,0,0.9184696569920844,0.9477760654513194,0.9549890750182083,0.7614106214251881,0.9902849068534855,0.999430928821149,0.040587828919337945,0.0339533676211593,0.012976302022331576,0.00332111772789739,0.012976302022331576
13,RandomForestClassifier,gender_blind,14,0.3,8842,3790,0,0.9802110817941952,0.8689106233003137,0.9895789912463526,0.8968782684691293,0.984641645127757,0.9987480545915878,0.016333521279496555,0.019746489941691925,0.00030614767965431167,0.044892349977095736,0.044892349977095736
13,RandomForestClassifier,gender_blind,14,0.325,8842,3790,0,0.9807387862796834,0.8760174522469903,0.9898512442652578,0.9006103766545928,0.984641645127757,0.9987480545915878,0.016333521279496555,0.02037155279880809,0.00015681528330868666,0.04145671094823636,0.04145671094823636
13,RandomForestClassifier,gender_blind,14,0.35,8842,3790,0,0.9802110817941952,0.8825660897339962,0.9895615866388309,0.8998440844586559,0.984641645127757,0.9987480545915878,0.016333521279496555,0.02051363911712356,0.00102548085682308,0.061726981218506644,0.061726981218506644
13,RandomForestClassifier,gender_blind,14,0.375,8842,3790,0,0.9794195250659631,0.8958029125729255,0.9891213389121339,0.8994387182365549,0.984641645127757,0.9987480545915878,0.016333521279496555,0.017040418002745916,0.002687332448400581,0.0074438845625286465,0.0074438845625286465
13,RandomForestClassifier,gender_blind,14,0.4,8842,3790,0,0.9786279683377309,0.8999360911227334,0.9886918888733771,0.8972236422784152,0.984641645127757,0.9987480545915878,0.016333521279496555,0.017857268153719907,0.001538221285234731,0.002748511223087502,0.002748511223087502
13,RandomForestClassifier,gender_blind,14,0.425,8842,3790,0,0.9781002638522427,0.8996569953928981,0.9884094400223432,0.895159373949119,0.984641645127757,0.9987480545915878,0.016333521279496555,0.017615779884319505,0.0017779990109575428,0.002748511223087502,0.002748511223087502
13,RandomForestClassifier,gender_blind,14,0.45,8842,3790,0,0.9783641160949869,0.9020724543300961,0.9885474860335196,0.8966546953977121,0.984641645127757,0.9987480545915878,0.016333521279496555,0.016941016051660984,0.0017779990109575428,0.019697663765460394,0.019697663765460394
13,RandomForestClassifier,gender_blind,14,0.475,8842,3790,0,0.9781002638522427,0.9019329064651784,0.9884062019835173,0.8956282791390271,0.984641645127757,0.9987480545915878,0.016333521279496555,0.017374291614919213,0.0013150360479945444,0.019697663765460394,0.019697663765460394
13,RandomForestClassifier,gender_blind,14,0.5,8842,3790,0,0.9786279683377309,0.9067638243395746,0.9886824088305156,0.898596523564194,0.984641645127757,0.9987480545915878,0.016333521279496555,0.01824084274143567,0.0013150360479945444,0.006184150251946879,0.006184150251946879
13,RandomForestClassifier,gender_blind,14,0.525,8842,3790,0,0.9786279683377309,0.9067638243395746,0.9886824088305156,0.898596523564194,0.984641645127757,0.9987480545915878,0.016333521279496555,0.01824084274143567,0.0013150360479945444,0.006184150251946879,0.006184150251946879
13,RandomForestClassifier,gender_blind,14,0.55,8842,3790,0,0.9778364116094986,0.9063451807448215,0.9882583170254403,0.8955376092169456,0.984641645127757,0.9987480545915878,0.016333521279496555,0.018432630035293496,0.00109185081075458,0.006184150251946879,0.006184150251946879
13,RandomForestClassifier,gender_blind,14,0.575,8842,3790,0,0.9775725593667546,0.9084815439521843,0.9881135505523703,0.8949891762085861,0.984641645127757,0.9987480545915878,0.016333521279496555,0.018624417329151433,0.0013316285364773917,0.0005726065048098916,0.0013316285364773917
13,RandomForestClassifier,gender_blind,14,0.6,8842,3790,0,0.9773087071240105,0.9083419960872666,0.987972027972028,0.8939860139860141,0.984641645127757,0.9987480545915878,0.016333521279496555,0.017949653496492912,0.0020343692251633128,0.0005726065048098916,0.0020343692251633128
13,RandomForestClassifier,gender_blind,14,0.625,8842,3790,0,0.9770448548812665,0.908202448222349,0.9878304657994125,0.8929871586537665,0.984641645127757,0.9987480545915878,0.016333521279496555,0.01727488966383428,0.002737109913849123,0.0005726065048098916,0.002737109913849123
13,RandomForestClassifier,gender_blind,14,0.65,8842,3790,0,0.9767810026385224,0.9080629003574313,0.9876888640179071,0.8919925801571017,0.984641645127757,0.9987480545915878,0.016333521279496555,0.01770816522709251,0.0022741469508862355,0.0005726065048098916,0.0022741469508862355
13,RandomForestClassifier,gender_blind,14,0.675,8842,3790,0,0.9770448548812665,0.9127542703669098,0.9878236529041288,0.8939118264520645,0.984641645127757,0.9987480545915878,0.016333521279496555,0.019007991916867195,0.0018111839879232372,0.014086120018323406,0.014086120018323406
13,RandomForestClassifier,gender_blind,14,0.7,8842,3790,0,0.9767810026385224,0.9148906335742725,0.9876785214225707,0.8933826397067192,0.984641645127757,0.9987480545915878,0.016333521279496555,0.02030781860664188,0.0008852580619973516,0.02084287677508015,0.02084287677508015
14,LogisticRegression,gender_aware,15,0.3,8842,3790,0,0.9591029023746702,0.9487832369981164,0.9779735682819384,0.8462611856142657,0.9902080544061396,0.9993755379037325,0.04230046227562353,0.02269508246085361,0.008119928286826728,0.03623188405797101,0.03623188405797101
14,LogisticRegression,gender_aware,15,0.325,8842,3790,0,0.9559366754617414,0.9493845736913848,0.9762209881816888,0.8382002606976666,0.9902080544061396,0.9993755379037325,0.04230046227562353,0.02221782361245417,0.00721086979779606,0.043478260869565216,0.043478260869565216
14,LogisticRegression,gender_aware,15,0.35,8842,3790,0,0.9519788918205805,0.9472913557176198,0.9740296803652968,0.8279239310917392,0.9902080544061396,0.9993755379037325,0.04230046227562353,0.02658494553523183,0.011880655274257523,0.043478260869565216,0.043478260869565216
14,LogisticRegression,gender_aware,15,0.375,8842,3790,0,0.9488126649076517,0.9501686034831687,0.972254004576659,0.8211610158937717,0.9902080544061396,0.9993755379037325,0.04230046227562353,0.02478054667356111,0.010276186493154427,0.036231884057971016,0.036231884057971016
14,LogisticRegression,gender_aware,15,0.4,8842,3790,0,0.946174142480211,0.9556008580508332,0.970756880733945,0.816504268181542,0.9902080544061396,0.9993755379037325,0.04230046227562353,0.02187455765632773,0.007043906487578244,0.036231884057971016,0.036231884057971016
14,LogisticRegression,gender_aware,15,0.425,8842,3790,0,0.9437994722955145,0.9566208383388546,0.9694185211773152,0.8115385288813406,0.9902080544061396,0.9993755379037325,0.04230046227562353,0.02008323836114767,0.005897857358219016,0.021739130434782608,0.021739130434782608
14,LogisticRegression,gender_aware,15,0.45,8842,3790,0,0.9406332453825857,0.9549462639598425,0.9676398676830146,0.8043940965209331,0.9902080544061396,0.9993755379037325,0.04230046227562353,0.01983152937045729,0.005684209161260667,0.021739130434782608,0.021739130434782608
14,LogisticRegression,gender_aware,15,0.475,8842,3790,0,0.9379947229551451,0.953550785310666,0.9661529598156416,0.7986180811637078,0.9902080544061396,0.9993755379037325,0.04230046227562353,0.019805370237475417,0.00569977079017403,0.021739130434782608,0.021739130434782608
14,LogisticRegression,gender_aware,15,0.5,8842,3790,0,0.9366754617414248,0.9528530459860776,0.9654078985298357,0.7957880614144506,0.9902080544061396,0.9993755379037325,0.04230046227562353,0.019792290670984647,0.005707551604630878,0.021739130434782608,0.021739130434782608
14,LogisticRegression,gender_aware,15,0.525,8842,3790,0,0.9337730870712401,0.9513180194719832,0.963764977623791,0.7896925960094452,0.9902080544061396,0.9993755379037325,0.04230046227562353,0.02240733199805489,0.008512535216290362,0.021739130434782608,0.021739130434782608
14,LogisticRegression,gender_aware,15,0.55,8842,3790,0,0.9321899736147757,0.9504807322824772,0.9628666377691085,0.7864409061379685,0.9902080544061396,0.9993755379037325,0.04230046227562353,0.02283227258049092,0.008986516496947594,0.021739130434782608,0.021739130434782608
14,LogisticRegression,gender_aware,15,0.575,8842,3790,0,0.9298153034300791,0.9492248014982183,0.9615162037037037,0.7816563054446662,0.9902080544061396,0.9993755379037325,0.04230046227562353,0.020164912987457262,0.006212656143115058,0.021739130434782608,0.021739130434782608
14,LogisticRegression,gender_aware,15,0.6,8842,3790,0,0.9255936675461741,0.9515438578040964,0.9590829947765526,0.77459963692316,0.9902080544061396,0.9993755379037325,0.04230046227562353,0.01790941441036875,0.002988156951995613,0.036231884057971016,0.036231884057971016
14,LogisticRegression,gender_aware,15,0.625,8842,3790,0,0.9226912928759895,0.9500088312900021,0.9574189797994478,0.7691243682974349,0.9902080544061396,0.9993755379037325,0.04230046227562353,0.016118095115188802,0.001146697530563956,0.036231884057971016,0.036231884057971016
14,LogisticRegression,gender_aware,15,0.65,8842,3790,0,0.9197889182058048,0.9507497158481881,0.9557367501456028,0.7643852290053856,0.9902080544061396,0.9993755379037325,0.04230046227562353,0.01630440627342511,0.0009330493336056067,0.043478260869565216,0.043478260869565216
14,LogisticRegression,gender_aware,15,0.675,8842,3790,0,0.9160949868073879,0.9510719568116212,0.9535901926444834,0.7583885029156483,0.9902080544061396,0.9993755379037325,0.04230046227562353,0.020007958189567132,0.00560283481006707,0.028985507246376812,0.028985507246376812
14,LogisticRegression,gender_aware,15,0.7,8842,3790,0,0.9118733509234829,0.9488391909729386,0.9511410181392628,0.7511081434782335,0.9902080544061396,0.9993755379037325,0.04230046227562353,0.021508329794583947,0.007253988477910589,0.028985507246376812,0.028985507246376812
14,RandomForestClassifier,gender_aware,15,0.3,8842,3790,0,0.983377308707124,0.8796888419684473,0.9912512151090126,0.9125121510901264,0.9769867368855343,0.9979104266269126,0.015170402500000079,0.02246313814841583,0.004203585010260968,0.14492753623188404,0.14492753623188404
14,RandomForestClassifier,gender_aware,15,0.325,8842,3790,0,0.983377308707124,0.8865165751852886,0.9912439193884642,0.9138037778760503,0.9769867368855343,0.9979104266269126,0.015170402500000079,0.022888078730851857,0.004440575650589529,0.14492753623188404,0.14492753623188404
14,RandomForestClassifier,gender_aware,15,0.35,8842,3790,0,0.98311345646438,0.8886529383926514,0.9911012235817576,0.9130763849867551,0.9769867368855343,0.9979104266269126,0.015170402500000079,0.024202139177632365,0.0053729765829905185,0.15217391304347824,0.15217391304347824
14,RandomForestClassifier,gender_aware,15,0.375,8842,3790,0,0.9820580474934036,0.8926465690775414,0.9905345211581291,0.9094086747204787,0.9769867368855343,0.9979104266269126,0.015170402500000079,0.02660471021348465,0.007008568621920563,0.16666666666666663,0.16666666666666663
14,RandomForestClassifier,gender_aware,15,0.4,8842,3790,0,0.9817941952506596,0.8970588433571846,0.9903886335144171,0.9091594040390041,0.9769867368855343,0.9979104266269126,0.015170402500000079,0.027693220802556318,0.007245559262249124,0.18115942028985504,0.18115942028985504
14,RandomForestClassifier,gender_aware,15,0.425,8842,3790,0,0.9817941952506596,0.9016106655017454,0.9903832752613241,0.9100064524454768,0.9769867368855343,0.9979104266269126,0.015170402500000079,0.028343711242701297,0.0070163494363773005,0.19565217391304346,0.19565217391304346
14,RandomForestClassifier,gender_aware,15,0.45,8842,3790,0,0.9815303430079155,0.9014711176368277,0.9902425425146362,0.9089143747055939,0.9769867368855343,0.9979104266269126,0.015170402500000079,0.028781731391628096,0.007482549902577795,0.19565217391304346,0.19565217391304346
14,RandomForestClassifier,gender_aware,15,0.475,8842,3790,0,0.9804749340369393,0.9009129261771571,0.9896792189679219,0.9045957070449365,0.9769867368855343,0.9979104266269126,0.015170402500000079,0.027229041520647868,0.0058625194925612245,0.19565217391304346,0.19565217391304346
14,RandomForestClassifier,gender_aware,15,0.5,8842,3790,0,0.9804749340369393,0.9031888372494374,0.9896763392857143,0.9050323444001387,0.9769867368855343,0.9979104266269126,0.015170402500000079,0.027003491662938917,0.006328719958761719,0.1811594202898551,0.1811594202898551
14,RandomForestClassifier,gender_aware,15,0.525,8842,3790,0,0.9807387862796834,0.9078802072589158,0.9898115840893231,0.906953984815746,0.9769867368855343,0.9979104266269126,0.015170402500000079,0.026114371798594438,0.005633309666689401,0.17391304347826086,0.17391304347826086
14,RandomForestClassifier,gender_aware,15,0.55,8842,3790,0,0.9807387862796834,0.9078802072589158,0.9898115840893231,0.906953984815746,0.9769867368855343,0.9979104266269126,0.015170402500000079,0.026114371798594438,0.005633309666689401,0.17391304347826086,0.17391304347826086
14,RandomForestClassifier,gender_aware,15,0.575,8842,3790,0,0.9807387862796834,0.9101561183311964,0.9898087393550189,0.9073743936583247,0.9769867368855343,0.9979104266269126,0.015170402500000079,0.025888821940885598,0.004937899374617083,0.1811594202898551,0.1811594202898551
14,RandomForestClassifier,gender_aware,15,0.6,8842,3790,0,0.9796833773087071,0.9095979268715256,0.9892443078642269,0.9031732228157239,0.9769867368855343,0.9979104266269126,0.015170402500000079,0.025437722225467918,0.004479479722873325,0.1811594202898551,0.1811594202898551
14,RandomForestClassifier,gender_aware,15,0.625,8842,3790,0,0.9796833773087071,0.911873837943806,0.9892413022216012,0.9036041026474436,0.9769867368855343,0.9979104266269126,0.015170402500000079,0.025212172367759078,0.004945680189073709,0.16666666666666669,0.16666666666666669
14,RandomForestClassifier,gender_aware,15,0.65,8842,3790,0,0.9781002638522427,0.9133124618265804,0.9883899846132326,0.897907289290375,0.9769867368855343,0.9979104266269126,0.015170402500000079,0.026513153248048704,0.007047472694204249,0.15217391304347827,0.15217391304347827
14,RandomForestClassifier,gender_aware,15,0.675,8842,3790,0,0.9778364116094986,0.9154488250339432,0.9882451721242653,0.8973483925137455,0.9769867368855343,0.9979104266269126,0.015170402500000079,0.025624033383704226,0.006818262868332314,0.13768115942028986,0.13768115942028986
14,RandomForestClassifier,gender_aware,15,0.7,8842,3790,0,0.9773087071240105,0.9174456403763882,0.9879585550266032,0.8958057615315664,0.9769867368855343,0.9979104266269126,0.015170402500000079,0.027376113979411643,0.008216864266933799,0.14492753623188406,0.14492753623188406
14,LogisticRegression,gender_blind,14,0.3,8842,3790,0,0.9585751978891821,0.9485041412682811,0.9776830135039091,0.8448048095042482,0.990315243345859,0.9993829481166402,0.04245803195010506,0.016961581825331917,0.00208266466959095,0.03623188405797101,0.03623188405797101
14,LogisticRegression,gender_blind,14,0.325,8842,3790,0,0.9559366754617414,0.9493845736913848,0.9762209881816888,0.8382002606976666,0.990315243345859,0.9993829481166402,0.04245803195010506,0.018913053145766634,0.003726037522977732,0.043478260869565216,0.043478260869565216
14,LogisticRegression,gender_blind,14,0.35,8842,3790,0,0.9517150395778364,0.9471518078527021,0.9738832595975453,0.8272557659244271,0.990315243345859,0.9993829481166402,0.04245803195010506,0.017108654284095692,0.001892358916002812,0.043478260869565216,0.043478260869565216
14,LogisticRegression,gender_blind,14,0.375,8842,3790,0,0.9485488126649076,0.9500290556182509,0.9721069947074811,0.8205186925999205,0.990315243345859,0.9993829481166402,0.04245803195010506,0.015304255422424973,0.0014495008931726394,0.014492753623188408,0.014492753623188408
14,LogisticRegression,gender_blind,14,0.4,8842,3790,0,0.9467018469656993,0.9581558648529489,0.9710435779816514,0.8183032459444681,0.990315243345859,0.9993829481166402,0.04245803195010506,0.01526501672295233,0.0007696522300139064,0.021739130434782608,0.021739130434782608
14,LogisticRegression,gender_blind,14,0.425,8842,3790,0,0.9435356200527705,0.9564812904739368,0.969270534175761,0.8109339683865818,0.990315243345859,0.9993829481166402,0.04245803195010506,0.01391171757669929,0.0006056067252172559,0.021739130434782608,0.021739130434782608
14,LogisticRegression,gender_blind,14,0.45,8842,3790,0,0.9406332453825857,0.9549462639598425,0.9676398676830146,0.8043940965209331,0.990315243345859,0.9993829481166402,0.04245803195010506,0.015425168748206985,0.001037766128169415,0.021739130434782608,0.021739130434782608
14,LogisticRegression,gender_blind,14,0.475,8842,3790,0,0.9382585751978891,0.9536903331755835,0.9663018433179723,0.7991886575080427,0.990315243345859,0.9993829481166402,0.04245803195010506,0.01716416977742352,0.0029103488074280204,0.021739130434782608,0.021739130434782608
14,LogisticRegression,gender_blind,14,0.5,8842,3790,0,0.9364116094986807,0.9527134981211599,0.9652587573879199,0.7952265793160439,0.990315243345859,0.9993829481166402,0.04245803195010506,0.01692554035322391,0.002688919796012934,0.021739130434782608,0.021739130434782608
14,LogisticRegression,gender_blind,14,0.525,8842,3790,0,0.933245382585752,0.9510389237421479,0.9634657039711191,0.7886030809931932,0.990315243345859,0.9993829481166402,0.04245803195010506,0.017775421518095857,0.003636882357327398,0.021739130434782608,0.021739130434782608
14,LogisticRegression,gender_blind,14,0.55,8842,3790,0,0.9308707124010555,0.9497829929578889,0.9621168305378832,0.7837692586424356,0.990315243345859,0.9993829481166402,0.04245803195010506,0.01620965208062486,0.002024632761767675,0.021739130434782608,0.021739130434782608
14,LogisticRegression,gender_blind,14,0.575,8842,3790,0,0.9277044854881267,0.9481084185788768,0.9603128621089224,0.7774937091609702,0.990315243345859,0.9993829481166402,0.04245803195010506,0.011551582467684063,0.002835458468281815,0.021739130434782608,0.021739130434782608
14,LogisticRegression,gender_blind,14,0.6,8842,3790,0,0.9234828496042217,0.9458756527401943,0.9578977932636469,0.7694113243774882,0.990315243345859,0.9993829481166402,0.04245803195010506,0.008645593450450684,0.005830747833529548,0.021739130434782608,0.021739130434782608
14,LogisticRegression,gender_blind,14,0.625,8842,3790,0,0.9218997361477572,0.949590187695249,0.9569642337888922,0.7676559060682353,0.990315243345859,0.9993829481166402,0.04245803195010506,0.011924204784156567,0.0032627548621985136,0.036231884057971016,0.036231884057971016
14,LogisticRegression,gender_blind,14,0.65,8842,3790,0,0.9187335092348285,0.9501915243885175,0.9551282051282052,0.762480303681421,0.990315243345859,0.9993829481166402,0.04245803195010506,0.012548536091319784,0.001848591834683666,0.021739130434782608,0.021739130434782608
14,LogisticRegression,gender_blind,14,0.675,8842,3790,0,0.9155672823218998,0.9507928610817857,0.9532846715328467,0.7574642535746425,0.990315243345859,0.9993829481166402,0.04245803195010506,0.014274457554045439,0.00043442880716870746,0.028985507246376812,0.028985507246376812
14,LogisticRegression,gender_blind,14,0.7,8842,3790,0,0.9129287598944591,0.9493973824326092,0.9517543859649122,0.7529042200094831,0.990315243345859,0.9993829481166402,0.04245803195010506,0.017553068887751544,0.0030659650965632057,0.028985507246376812,0.028985507246376812
14,RandomForestClassifier,gender_blind,14,0.3,8842,3790,0,0.9825857519788919,0.8815461094459747,0.99082823790995,0.909476618954975,0.9795323056678006,0.9981187157190393,0.015458254160725812,0.02134846842636251,0.0037451653585172107,0.13043478260869562,0.13043478260869562
14,RandomForestClassifier,gender_blind,14,0.325,8842,3790,0,0.9828496042216359,0.8862374794554533,0.9909634366745447,0.9115023901718977,0.9795323056678006,0.9981187157190393,0.015458254160725812,0.02045934856201792,0.0042113658247177055,0.10144927536231885,0.10144927536231885
14,RandomForestClassifier,gender_blind,14,0.35,8842,3790,0,0.9817941952506596,0.8902311101403434,0.9903966597077244,0.9078565577019635,0.9795323056678006,0.9981187157190393,0.015458254160725812,0.02065873928674511,0.0035237363471021244,0.11594202898550726,0.11594202898550726
14,RandomForestClassifier,gender_blind,14,0.375,8842,3790,0,0.9810026385224274,0.8966401997624316,0.9899665551839465,0.9058743667008842,0.9795323056678006,0.9981187157190393,0.015458254160725812,0.019092969849274,0.0028361068694866542,0.09420289855072464,0.09420289855072464
14,RandomForestClassifier,gender_blind,14,0.4,8842,3790,0,0.9802110817941952,0.898497467239959,0.9895412076418909,0.9030835622561533,0.9795323056678006,0.9981187157190393,0.015458254160725812,0.01907989028278312,0.0023776872177428965,0.10144927536231885,0.10144927536231885
14,RandomForestClassifier,gender_blind,14,0.425,8842,3790,0,0.9796833773087071,0.9073220157992452,0.989247311827957,0.9027382143865321,0.9795323056678006,0.9981187157190393,0.015458254160725812,0.019053731149801467,0.0016900577401272043,0.10869565217391305,0.10869565217391305
14,RandomForestClassifier,gender_blind,14,0.45,8842,3790,0,0.9799472295514512,0.9097374747364433,0.9893854748603352,0.9042165469539771,0.9795323056678006,0.9981187157190393,0.015458254160725812,0.018390161143165717,0.0016900577401272043,0.09420289855072464,0.09420289855072464
14,RandomForestClassifier,gender_blind,14,0.475,8842,3790,0,0.979155672823219,0.9115947422139707,0.9889587700908455,0.9015382085748345,0.9795323056678006,0.9981187157190393,0.015458254160725812,0.0172754914211124,7.002733011074458e-05,0.10144927536231885,0.10144927536231885
14,RandomForestClassifier,gender_blind,14,0.5,8842,3790,0,0.979155672823219,0.9115947422139707,0.9889587700908455,0.9015382085748345,0.9795323056678006,0.9981187157190393,0.015458254160725812,0.0172754914211124,7.002733011074458e-05,0.10144927536231885,0.10144927536231885
14,RandomForestClassifier,gender_blind,14,0.525,8842,3790,0,0.978891820580475,0.911455194349053,0.9888174447861336,0.9005120087780434,0.9795323056678006,0.9981187157190393,0.015458254160725812,0.01661192141447665,0.0006253829619615736,0.10144927536231885,0.10144927536231885
14,RandomForestClassifier,gender_blind,14,0.55,8842,3790,0,0.9786279683377309,0.9113156464841354,0.9886760799664477,0.8994902648075798,0.9795323056678006,0.9981187157190393,0.015458254160725812,0.01594835140784101,0.0013207932540338918,0.10144927536231885,0.10144927536231885
14,RandomForestClassifier,gender_blind,14,0.575,8842,3790,0,0.9786279683377309,0.9113156464841354,0.9886760799664477,0.8994902648075798,0.9795323056678006,0.9981187157190393,0.015458254160725812,0.01594835140784101,0.0013207932540338918,0.10144927536231885,0.10144927536231885
14,RandomForestClassifier,gender_blind,14,0.6,8842,3790,0,0.9775725593667546,0.9107574550244647,0.9881102252063225,0.8954472239720708,0.9795323056678006,0.9981187157190393,0.015458254160725812,0.016598841847985768,0.0006176021475048366,0.10144927536231885,0.10144927536231885
14,RandomForestClassifier,gender_blind,14,0.625,8842,3790,0,0.9773087071240105,0.910617907159547,0.9879686625629547,0.8944472942444404,0.9795323056678006,0.9981187157190393,0.015458254160725812,0.017036861996912678,0.00015140168130434173,0.10144927536231885,0.10144927536231885
14,RandomForestClassifier,gender_blind,14,0.65,8842,3790,0,0.9773087071240105,0.9151697293041079,0.9879619260918253,0.8953571098349035,0.9795323056678006,0.9981187157190393,0.015458254160725812,0.018788942592619984,0.0007809992510965369,0.11594202898550725,0.11594202898550725
14,RandomForestClassifier,gender_blind,14,0.675,8842,3790,0,0.9775725593667546,0.9198610993135863,0.9880969051953508,0.8972375186569008,0.9795323056678006,0.9981187157190393,0.015458254160725812,0.019001412883838054,8.55889590242187e-05,0.13043478260869565,0.13043478260869565
14,RandomForestClassifier,gender_blind,14,0.7,8842,3790,0,0.9767810026385224,0.9194424557188333,0.9876716166993555,0.8942882970374606,0.9795323056678006,0.9981187157190393,0.015458254160725812,0.018112293019493464,0.0008390311589199229,0.13043478260869565,0.13043478260869565
15,LogisticRegression,gender_aware,15,0.3,8842,3790,0,0.9651715039577836,0.9519928378912228,0.9813031161473088,0.8637284811505774,0.992049816565343,0.9995274893153637,0.037607010286499,0.02397890096002142,0.0036960988281355966,0.04149659863945578,0.04149659863945578
15,LogisticRegression,gender_aware,15,0.325,8842,3790,0,0.9622691292875989,0.9527337224494088,0.9797076770256847,0.8557074970494277,0.992049816565343,0.9995274893153637,0.037607010286499,0.0230795433458717,0.0023752784842696606,0.034693877551020415,0.034693877551020415
15,LogisticRegression,gender_aware,15,0.35,8842,3790,0,0.9583113456464379,0.9529164155479242,0.977524893314367,0.8451260830208198,0.992049816565343,0.9995274893153637,0.037607010286499,0.022834739190647824,0.0017724077203662425,0.027891156462585033,0.027891156462585033
15,LogisticRegression,gender_aware,15,0.375,8842,3790,0,0.9551451187335093,0.9535177522411926,0.975769669327252,0.8371756148054699,0.992049816565343,0.9995274893153637,0.037607010286499,0.020172965896719353,0.0013958155273647854,0.02108843537414966,0.02108843537414966
15,LogisticRegression,gender_aware,15,0.4,8842,3790,0,0.9506596306068602,0.9556972606821532,0.9732666190135811,0.8268042496777308,0.992049816565343,0.9995274893153637,0.037607010286499,0.016180305955826646,0.005224448947028781,0.03095238095238095,0.03095238095238095
15,LogisticRegression,gender_aware,15,0.425,8842,3790,0,0.9474934036939314,0.958574508447702,0.9714858862301189,0.8201855387889363,0.992049816565343,0.9995274893153637,0.037607010286499,0.018798519791530244,0.0032907369311194756,0.017346938775510207,0.017346938775510207
15,LogisticRegression,gender_aware,15,0.45,8842,3790,0,0.9453825857519789,0.9574581255283605,0.9703055515707932,0.8152020368691404,0.992049816565343,0.9995274893153637,0.037607010286499,0.020107626709382043,0.0018548377711948838,0.017346938775510207,0.017346938775510207
15,LogisticRegression,gender_aware,15,0.475,8842,3790,0,0.9424802110817943,0.9559230990142662,0.9686781609195402,0.8085326288468668,0.992049816565343,0.9995274893153637,0.037607010286499,0.0216324981436411,0.000170032183277935,0.017346938775510207,0.017346938775510207
15,LogisticRegression,gender_aware,15,0.5,8842,3790,0,0.9403693931398417,0.9570826271672053,0.9674820143884892,0.8043759278291653,0.992049816565343,0.9995274893153637,0.037607010286499,0.018316171390786673,0.002897981983053688,0.034013605442176874,0.034013605442176874
15,LogisticRegression,gender_aware,15,0.525,8842,3790,0,0.9379947229551451,0.9603785185275071,0.9661236845898804,0.8003246727770552,0.992049816565343,0.9995274893153637,0.037607010286499,0.0196180183989344,0.00237139942305431,0.02040816326530612,0.02040816326530612
15,LogisticRegression,gender_aware,15,0.55,8842,3790,0,0.9353562005277045,0.9589830398783304,0.9646311534574852,0.7947198646307334,0.992049816565343,0.9995274893153637,0.037607010286499,0.021804703201823483,2.586040810381718e-06,0.02040816326530612,0.02040816326530612
15,LogisticRegression,gender_aware,15,0.575,8842,3790,0,0.9340369393139841,0.9582853005537422,0.9638832707310026,0.7919720305022794,0.992049816565343,0.9995274893153637,0.037607010286499,0.020696840980970577,0.0011268672830925253,0.02040816326530612,0.02040816326530612
15,LogisticRegression,gender_aware,15,0.6,8842,3790,0,0.9319261213720317,0.9571689176344008,0.9626844084466301,0.7876485105296214,0.992049816565343,0.9995274893153637,0.037607010286499,0.020905345587673763,0.0008491911510855044,0.02040816326530612,0.02040816326530612
15,LogisticRegression,gender_aware,15,0.625,8842,3790,0,0.9303430079155672,0.9586075415171751,0.9617723718505647,0.7850404885959055,0.992049816565343,0.9995274893153637,0.037607010286499,0.02221445250552545,0.00011766485686903749,0.013605442176870748,0.013605442176870748
15,LogisticRegression,gender_aware,15,0.65,8842,3790,0,0.9287598944591029,0.9600461653999496,0.9608582197738474,0.7824818958106774,0.992049816565343,0.9995274893153637,0.037607010286499,0.025724764045674697,0.0034009669206589432,0.006802721088435374,0.006802721088435374
15,LogisticRegression,gender_aware,15,0.675,8842,3790,0,0.9271767810026386,0.9592088782104435,0.9599535693557748,0.7793953893290502,0.992049816565343,0.9995274893153637,0.037607010286499,0.02835749770078655,0.006215225832478799,0.006802721088435374,0.006802721088435374
15,LogisticRegression,gender_aware,15,0.7,8842,3790,0,0.9253298153034301,0.9582320431560198,0.9588961510530138,0.7758509532243487,0.992049816565343,0.9995274893153637,0.037607010286499,0.02922781567611976,0.007182081840433452,0.006802721088435374,0.007182081840433452
15,RandomForestClassifier,gender_aware,15,0.3,8842,3790,0,0.9812664907651715,0.8603651704708628,0.9901511998890276,0.8993882684081256,0.9857175793906006,0.9988043330333998,0.01506805106628174,0.022434282571367148,0.0019337120159093057,0.058163265306122425,0.058163265306122425
15,RandomForestClassifier,gender_aware,15,0.325,8842,3790,0,0.9820580474934036,0.8698874583547374,0.9905607995558023,0.9048548678630075,0.9857175793906006,0.9988043330333998,0.01506805106628174,0.022427022661662965,0.0024027551678792447,0.03843537414965986,0.03843537414965986
15,RandomForestClassifier,gender_aware,15,0.35,8842,3790,0,0.9817941952506596,0.8742997326343805,0.9904153354632588,0.9046564866292672,0.9857175793906006,0.9988043330333998,0.01506805106628174,0.02131916044081006,0.0014934385679541418,0.02857142857142858,0.02857142857142858
15,RandomForestClassifier,gender_aware,15,0.375,8842,3790,0,0.9810026385224274,0.8761570001119079,0.9899916597164303,0.901731581153552,0.9857175793906006,0.9988043330333998,0.01506805106628174,0.021311900531105987,0.0022113881479164377,0.011904761904761918,0.011904761904761918
15,RandomForestClassifier,gender_aware,15,0.4,8842,3790,0,0.9807387862796834,0.8782933633192707,0.9898484216381588,0.9010938766288481,0.9857175793906006,0.9988043330333998,0.01506805106628174,0.02262826735866197,0.0031494744518563156,0.018707482993197272,0.018707482993197272
15,RandomForestClassifier,gender_aware,15,0.425,8842,3790,0,0.9804749340369393,0.8804297265266334,0.9897050639955481,0.9004647768957332,0.9857175793906006,0.9988043330333998,0.01506805106628174,0.022844031875069226,0.0029293377278787336,0.025510204081632654,0.025510204081632654
15,RandomForestClassifier,gender_aware,15,0.45,8842,3790,0,0.9812664907651715,0.8967797476273492,0.9901072871673401,0.9069643135588561,0.9857175793906006,0.9988043330333998,0.01506805106628174,0.02657010793162551,0.0048055103357586,0.049659863945578225,0.049659863945578225
15,RandomForestClassifier,gender_aware,15,0.475,8842,3790,0,0.9807387862796834,0.8965006518975138,0.9898257839721254,0.9047894351959392,0.9857175793906006,0.9988043330333998,0.01506805106628174,0.02634708350551418,0.004585373611781018,0.049659863945578225,0.049659863945578225
15,RandomForestClassifier,gender_aware,15,0.5,8842,3790,0,0.9804749340369393,0.8963611040325963,0.9896849735154726,0.9037094818316279,0.9857175793906006,0.9988043330333998,0.01506805106628174,0.026785872448032766,0.005054416763750957,0.049659863945578225,0.049659863945578225
15,RandomForestClassifier,gender_aware,15,0.525,8842,3790,0,0.9799472295514512,0.896082008302761,0.9894032348020078,0.901564362499043,0.9857175793906006,0.9988043330333998,0.01506805106628174,0.026562848021921437,0.004834280039773375,0.049659863945578225,0.049659863945578225
15,RandomForestClassifier,gender_aware,15,0.55,8842,3790,0,0.9796833773087071,0.8959424604378432,0.9892623065123414,0.9004991239163174,0.9857175793906006,0.9988043330333998,0.01506805106628174,0.02590103465329141,0.004145100163825743,0.049659863945578225,0.049659863945578225
15,RandomForestClassifier,gender_aware,15,0.575,8842,3790,0,0.978891820580475,0.8955238168430902,0.9888392857142857,0.8973322642163661,0.9857175793906006,0.9988043330333998,0.01506805106628174,0.026116799169698668,0.004394006591817989,0.049659863945578225,0.049659863945578225
15,RandomForestClassifier,gender_aware,15,0.6,8842,3790,0,0.9786279683377309,0.8953842689781726,0.988698200083717,0.8962861460467011,0.9857175793906006,0.9988043330333998,0.01506805106628174,0.026555588112217365,0.004863049743788039,0.049659863945578225,0.049659863945578225
15,RandomForestClassifier,gender_aware,15,0.625,8842,3790,0,0.9778364116094986,0.8972415364557,0.9882714325607372,0.8936572473808471,0.9857175793906006,0.9988043330333998,0.01506805106628174,0.027648930513661796,0.005580999323750335,0.05646258503401361,0.05646258503401361
15,RandomForestClassifier,gender_aware,15,0.65,8842,3790,0,0.9786279683377309,0.9044879132672942,0.9886855706104204,0.8981432603645927,0.9857175793906006,0.9988043330333998,0.01506805106628174,0.027864695030069053,0.005580999323750335,0.05340136054421771,0.05340136054421771
15,RandomForestClassifier,gender_aware,15,0.675,8842,3790,0,0.9775725593667546,0.9039297218076234,0.9881201956673655,0.8940600978336828,0.9857175793906006,0.9988043330333998,0.01506805106628174,0.02631804386669767,0.003982502847877378,0.05340136054421771,0.05340136054421771
15,RandomForestClassifier,gender_aware,15,0.7,8842,3790,0,0.9775725593667546,0.9084815439521843,0.9881135505523703,0.8949891762085861,0.9857175793906006,0.9988043330333998,0.01506805106628174,0.026972597325623515,0.004920589151817367,0.0435374149659864,0.0435374149659864
15,LogisticRegression,gender_blind,14,0.3,8842,3790,0,0.9654353562005277,0.9521323857561405,0.9814473870556578,0.864519454606827,0.9920228507943442,0.9995252989424424,0.0375888604463751,0.023540112017502834,0.0032270556761656577,0.04149659863945578,0.04149659863945578
15,LogisticRegression,gender_blind,14,0.325,8842,3790,0,0.9622691292875989,0.9527337224494088,0.9797076770256847,0.8557074970494277,0.9920228507943442,0.9995252989424424,0.0375888604463751,0.024180145657020424,0.0035335015121873425,0.034693877551020415,0.034693877551020415
15,LogisticRegression,gender_blind,14,0.35,8842,3790,0,0.9591029023746702,0.9533350591426772,0.9779610408076213,0.8472986191241032,0.9920228507943442,0.9995252989424424,0.0375888604463751,0.022618974674240566,0.0015235012923738855,0.027891156462585033,0.027891156462585033
15,LogisticRegression,gender_blind,14,0.375,8842,3790,0,0.954353562005277,0.9530991086464397,0.9753315271638386,0.8351084443579334,0.9920228507943442,0.9995252989424424,0.0375888604463751,0.02038873041312661,0.0011469090993724285,0.02108843537414966,0.02108843537414966
15,LogisticRegression,gender_blind,14,0.4,8842,3790,0,0.9506596306068602,0.9556972606821532,0.9732666190135811,0.8268042496777308,0.9920228507943442,0.9995252989424424,0.0375888604463751,0.018381510578123983,0.0029080028911935285,0.03095238095238095,0.03095238095238095
15,LogisticRegression,gender_blind,14,0.425,8842,3790,0,0.9482849604221636,0.9589931520424548,0.9719278143798339,0.8220843085277096,0.9920228507943442,0.9995252989424424,0.0375888604463751,0.018582755275122986,0.0035396433591118326,0.017346938775510207,0.017346938775510207
15,LogisticRegression,gender_blind,14,0.45,8842,3790,0,0.9456464379947229,0.9575976733932783,0.9704532415375788,0.8158187260319474,0.9920228507943442,0.9995252989424424,0.0375888604463751,0.019668837766863456,0.0023238809231648228,0.017346938775510207,0.017346938775510207
15,LogisticRegression,gender_blind,14,0.475,8842,3790,0,0.9422163588390501,0.9557835511493485,0.9685299612013221,0.8079364781852021,0.9920228507943442,0.9995252989424424,0.0375888604463751,0.01987008246386235,0.002017435087143027,0.017346938775510207,0.017346938775510207
15,LogisticRegression,gender_blind,14,0.5,8842,3790,0,0.9403693931398417,0.9570826271672053,0.9674820143884892,0.8043759278291653,0.9920228507943442,0.9995252989424424,0.0375888604463751,0.018316171390786673,0.002897981983053688,0.034013605442176874,0.034013605442176874
15,LogisticRegression,gender_blind,14,0.525,8842,3790,0,0.937467018469657,0.9578235117253914,0.9658353755225602,0.7986253082900514,0.9920228507943442,0.9995252989424424,0.0375888604463751,0.018517416087785676,0.003060579299001942,0.027210884353741496,0.027210884353741496
15,LogisticRegression,gender_blind,14,0.55,8842,3790,0,0.9353562005277045,0.9589830398783304,0.9646311534574852,0.7947198646307334,0.9920228507943442,0.9995252989424424,0.0375888604463751,0.021804703201823483,2.586040810381718e-06,0.02040816326530612,0.02040816326530612
15,LogisticRegression,gender_blind,14,0.575,8842,3790,0,0.933509234828496,0.9580062048239069,0.9635838150289018,0.79088281660536,0.9920228507943442,0.9995252989424424,0.0375888604463751,0.020473816554859248,0.0013470040070702183,0.02040816326530612,0.02040816326530612
15,LogisticRegression,gender_blind,14,0.6,8842,3790,0,0.9321899736147757,0.9573084654993185,0.9628344179320318,0.788184126259249,0.9920228507943442,0.9995252989424424,0.0375888604463751,0.020466556645155065,0.0013182343030555543,0.02040816326530612,0.02040816326530612
15,LogisticRegression,gender_blind,14,0.625,8842,3790,0,0.9303430079155672,0.9586075415171751,0.9617723718505647,0.7850404885959055,0.9920228507943442,0.9995252989424424,0.0375888604463751,0.02221445250552545,0.00011766485686903749,0.013605442176870748,0.013605442176870748
15,LogisticRegression,gender_blind,14,0.65,8842,3790,0,0.9284960422163588,0.9599066175350319,0.9607075540089894,0.7819643187321668,0.9920228507943442,0.9995252989424424,0.0375888604463751,0.026163552988193284,0.003870010072628882,0.006802721088435374,0.006802721088435374
15,LogisticRegression,gender_blind,14,0.675,8842,3790,0,0.9274406332453826,0.9593484260753613,0.9601044537937038,0.7799066664892828,0.9920228507943442,0.9995252989424424,0.0375888604463751,0.027918708758267963,0.00574618268050886,0.006802721088435374,0.006802721088435374
15,LogisticRegression,gender_blind,14,0.7,8842,3790,0,0.9253298153034301,0.9582320431560198,0.9588961510530138,0.7758509532243487,0.9920228507943442,0.9995252989424424,0.0375888604463751,0.028127213364971038,0.006023858812515881,0.006802721088435374,0.006802721088435374
15,RandomForestClassifier,gender_blind,14,0.3,8842,3790,0,0.9807387862796834,0.8760174522469903,0.9898512442652578,0.9006103766545928,0.9834517804824445,0.9985194913687491,0.014867419918872925,0.021750689473624685,0.00036398524405112376,0.05884353741496598,0.05884353741496598
15,RandomForestClassifier,gender_blind,14,0.325,8842,3790,0,0.9825857519788919,0.8929256648073767,0.9908154745338158,0.911651392089243,0.9834517804824445,0.9985194913687491,0.014867419918872925,0.022621007448957675,0.00036398524405112376,0.059523809523809534,0.059523809523809534
15,RandomForestClassifier,gender_blind,14,0.35,8842,3790,0,0.9823218997361478,0.89733793908702,0.9906698231444089,0.911375011822831,0.9834517804824445,0.9985194913687491,0.014867419918872925,0.022613747539253604,0.0005453313558740902,0.07312925170068027,0.07312925170068027
15,RandomForestClassifier,gender_blind,14,0.375,8842,3790,0,0.9815303430079155,0.8969192954922669,0.9902479799387016,0.9080593133524354,0.9834517804824445,0.9985194913687491,0.014867419918872925,0.023930114366809585,0.0008617981000358377,0.07312925170068027,0.07312925170068027
15,RandomForestClassifier,gender_blind,14,0.4,8842,3790,0,0.9804749340369393,0.8963611040325963,0.9896849735154726,0.9037094818316279,0.9834517804824445,0.9985194913687491,0.014867419918872925,0.023484065514586816,0.00042152465208056267,0.07312925170068027,0.07312925170068027
15,RandomForestClassifier,gender_blind,14,0.425,8842,3790,0,0.9796833773087071,0.8959424604378432,0.9892623065123414,0.9004991239163174,0.9834517804824445,0.9985194913687491,0.014867419918872925,0.024800432342142686,0.0018286541079904906,0.07312925170068027,0.07312925170068027
15,RandomForestClassifier,gender_blind,14,0.45,8842,3790,0,0.9796833773087071,0.8982183715101236,0.9892593109220253,0.900955689524273,0.9834517804824445,0.9985194913687491,0.014867419918872925,0.024577407916031246,0.0011394742320428586,0.07993197278911565,0.07993197278911565
15,RandomForestClassifier,gender_blind,14,0.475,8842,3790,0,0.9796833773087071,0.8982183715101236,0.9892593109220253,0.900955689524273,0.9834517804824445,0.9985194913687491,0.014867419918872925,0.024577407916031246,0.0011394742320428586,0.07993197278911565,0.07993197278911565
15,RandomForestClassifier,gender_blind,14,0.5,8842,3790,0,0.9796833773087071,0.9027701936546844,0.9892533147243545,0.9018555730248279,0.9834517804824445,0.9985194913687491,0.014867419918872925,0.026332563686105814,0.0020775605359828475,0.09353741496598639,0.09353741496598639
15,RandomForestClassifier,gender_blind,14,0.525,8842,3790,0,0.9799472295514512,0.907461563664163,0.9893884389835241,0.9037851285826712,0.9834517804824445,0.9985194913687491,0.014867419918872925,0.026548328202513072,0.0025466036879527865,0.0836734693877551,0.0836734693877551
15,RandomForestClassifier,gender_blind,14,0.55,8842,3790,0,0.9796833773087071,0.9073220157992452,0.989247311827957,0.9027382143865321,0.9834517804824445,0.9985194913687491,0.014867419918872925,0.02698711714503177,0.0030156468399227254,0.0836734693877551,0.0836734693877551
15,RandomForestClassifier,gender_blind,14,0.575,8842,3790,0,0.9799472295514512,0.9097374747364433,0.9893854748603352,0.9042165469539771,0.9834517804824445,0.9985194913687491,0.014867419918872925,0.027425906087550467,0.0030156468399227254,0.09047619047619049,0.09047619047619049
15,RandomForestClassifier,gender_blind,14,0.6,8842,3790,0,0.9796833773087071,0.9095979268715256,0.9892443078642269,0.9031732228157239,0.9834517804824445,0.9985194913687491,0.014867419918872925,0.027864695030069053,0.0034846899918927754,0.09047619047619049,0.09047619047619049
15,RandomForestClassifier,gender_blind,14,0.625,8842,3790,0,0.9796833773087071,0.9095979268715256,0.9892443078642269,0.9031732228157239,0.9834517804824445,0.9985194913687491,0.014867419918872925,0.027864695030069053,0.0034846899918927754,0.09047619047619049,0.09047619047619049
15,RandomForestClassifier,gender_blind,14,0.65,8842,3790,0,0.9794195250659631,0.9140102011511688,0.9890970086664803,0.9029992085585923,0.9834517804824445,0.9985194913687491,0.014867419918872925,0.026756832809216258,0.0037335964198850213,0.05714285714285716,0.05714285714285716
15,RandomForestClassifier,gender_blind,14,0.675,8842,3790,0,0.979155672823219,0.9138706532862511,0.988955682930239,0.9019719866641828,0.9834517804824445,0.9985194913687491,0.014867419918872925,0.027195621751734955,0.004202639571855071,0.05714285714285716,0.05714285714285716
15,RandomForestClassifier,gender_blind,14,0.7,8842,3790,0,0.979155672823219,0.9184224754308119,0.9889495034270528,0.9028274199269835,0.9834517804824445,0.9985194913687491,0.014867419918872925,0.02564897058836335,0.003982502847877378,0.023809523809523808,0.023809523809523808
16,LogisticRegression,gender_aware,15,0.3,8842,3790,0,0.9572559366754617,0.943254579799132,0.9769690076769975,0.8401328554868503,0.9923228449967035,0.9995530317551813,0.0425052758545851,0.024157171190477666,0.0056229404478895795,0.053430944055944056,0.053430944055944056
16,LogisticRegression,gender_aware,15,0.325,8842,3790,0,0.9564643799472295,0.9496636694212202,0.9765124555160143,0.8396075791093585,0.9923228449967035,0.9995530317551813,0.0425052758545851,0.025820545974864495,0.006043420434935665,0.07440996503496503,0.07440996503496503
16,LogisticRegression,gender_aware,15,0.35,8842,3790,0,0.9554089709762533,0.9559332111783907,0.9759087669280114,0.8383968613401119,0.9923228449967035,0.9995530317551813,0.0425052758545851,0.02458407572823551,0.005754177214032707,0.05015297202797203,0.05015297202797203
16,LogisticRegression,gender_aware,15,0.375,8842,3790,0,0.9527704485488127,0.9590895546737748,0.9744322239680046,0.8326392553346067,0.9923228449967035,0.9995530317551813,0.0425052758545851,0.025073975788037384,0.006595137188124989,0.041520979020979024,0.041520979020979024
16,LogisticRegression,gender_aware,15,0.4,8842,3790,0,0.950131926121372,0.9645218092414394,0.9729420186113099,0.8276474798938902,0.9923228449967035,0.9995530317551813,0.0425052758545851,0.02531658179851337,0.007896078762953174,0.017263986013986016,0.017263986013986016
16,LogisticRegression,gender_aware,15,0.425,8842,3790,0,0.9482849604221636,0.9635449741870157,0.9719117225566065,0.8231651636038846,0.9923228449967035,0.9995530317551813,0.0425052758545851,0.02389581302460253,0.006437130733365493,0.017263986013986016,0.017263986013986016
16,LogisticRegression,gender_aware,15,0.45,8842,3790,0,0.9440633245382586,0.9635881194206135,0.9695402298850575,0.8138023730070449,0.9923228449967035,0.9995530317551813,0.0425052758545851,0.023891124985752743,0.006068884285082898,0.024256993006993008,0.024256993006993008
16,LogisticRegression,gender_aware,15,0.475,8842,3790,0,0.9393139841688655,0.9610762578520955,0.9668683376548545,0.8031833851283676,0.9923228449967035,0.9995530317551813,0.0425052758545851,0.024996916149444104,0.007330324246221043,0.024256993006993008,0.024256993006993008
16,LogisticRegression,gender_aware,15,0.5,8842,3790,0,0.9358839050131926,0.9592621356081659,0.964930004329629,0.7958290574643536,0.9923228449967035,0.9995530317551813,0.0425052758545851,0.023944744430097087,0.006291856203679447,0.024256993006993008,0.024256993006993008
16,LogisticRegression,gender_aware,15,0.525,8842,3790,0,0.9337730870712401,0.9581457526888244,0.9637335645137985,0.791426721558872,0.9923228449967035,0.9995530317551813,0.0425052758545851,0.025176526637876284,0.007632299392197561,0.024256993006993008,0.024256993006993008
16,LogisticRegression,gender_aware,15,0.55,8842,3790,0,0.9298153034300791,0.9560525347150595,0.9614827686070084,0.7834120074489048,0.9923228449967035,0.9995530317551813,0.0425052758545851,0.023877060869203492,0.006344089742442938,0.024256993006993008,0.024256993006993008
16,LogisticRegression,gender_aware,15,0.575,8842,3790,0,0.9269129287598945,0.9545175082009651,0.9598259608411893,0.7777231993986968,0.9923228449967035,0.9995530317551813,0.0425052758545851,0.024182662401723398,0.006725068115799204,0.024256993006993008,0.024256993006993008
16,LogisticRegression,gender_aware,15,0.6,8842,3790,0,0.9229551451187336,0.9524242902272002,0.9575581395348837,0.7702076411960133,0.9923228449967035,0.9995530317551813,0.0425052758545851,0.027325113443215088,0.010115677700784143,0.024256993006993008,0.024256993006993008
16,LogisticRegression,gender_aware,15,0.625,8842,3790,0,0.921108179419525,0.9514474551727765,0.9564964353266405,0.7667913576916088,0.9923228449967035,0.9995530317551813,0.0425052758545851,0.02923578227692769,0.012165844097250966,0.024256993006993008,0.024256993006993008
16,LogisticRegression,gender_aware,15,0.65,8842,3790,0,0.9182058047493403,0.9521883397309625,0.9548104956268222,0.7621274700356333,0.9923228449967035,0.9995530317551813,0.0425052758545851,0.03151504816520423,0.015346213688713028,0.008631993006993008,0.015346213688713028
16,LogisticRegression,gender_aware,15,0.675,8842,3790,0,0.9153034300791557,0.9506533132168682,0.953131844064827,0.7570036785303615,0.9923228449967035,0.9995530317551813,0.0425052758545851,0.03293112890026517,0.016896896870753908,0.008631993006993008,0.016896896870753908
16,LogisticRegression,gender_aware,15,0.7,8842,3790,0,0.912664907651715,0.9492578345676914,0.951601111273578,0.7524537270268026,0.9923228449967035,0.9995530317551813,0.0425052758545851,0.03613657546380078,0.020327008069428887,0.008631993006993008,0.020327008069428887
16,RandomForestClassifier,gender_aware,15,0.3,8842,3790,0,0.9817941952506596,0.8788515547789413,0.9904100069492703,0.9055946138642456,0.9856649961371533,0.9987986981367047,0.01508535311670674,0.02574143531927453,0.00569051758866479,0.1323208041958042,0.1323208041958042
16,RandomForestClassifier,gender_aware,15,0.325,8842,3790,0,0.9820580474934036,0.8812670137161394,0.9905476786210731,0.9071909377561325,0.9856649961371533,0.9987986981367047,0.01508535311670674,0.02617302789588216,0.00569051758866479,0.1393138111888112,0.1393138111888112
16,RandomForestClassifier,gender_aware,15,0.35,8842,3790,0,0.9815303430079155,0.8832638290585845,0.9902642559109874,0.905388538211904,0.9856649961371533,0.9987986981367047,0.01508535311670674,0.024567960594689464,0.0035613479648181068,0.14630681818181818,0.14630681818181818
16,RandomForestClassifier,gender_aware,15,0.375,8842,3790,0,0.9807387862796834,0.8896729186806727,0.989834284918535,0.9034384457174128,0.9856649961371533,0.9987986981367047,0.01508535311670674,0.024010376973993997,0.002812123143179357,0.14466783216783216,0.14466783216783216
16,RandomForestClassifier,gender_aware,15,0.4,8842,3790,0,0.9799472295514512,0.8915301861582001,0.9894091415830546,0.9006451648509333,0.9856649961371533,0.9987986981367047,0.01508535311670674,0.026168339857032374,0.004652049546123194,0.15166083916083917,0.15166083916083917
16,RandomForestClassifier,gender_aware,15,0.425,8842,3790,0,0.9799472295514512,0.8983579193750413,0.9894002789400279,0.9020172126407456,0.9856649961371533,0.9987986981367047,0.01508535311670674,0.02542645770905505,0.0036925847309613458,0.15002185314685315,0.15002185314685315
16,RandomForestClassifier,gender_aware,15,0.45,8842,3790,0,0.979155672823219,0.902491097924849,0.9889711014937875,0.8997613301233925,0.9856649961371533,0.9987986981367047,0.01508535311670674,0.027337126542767765,0.004822787925956251,0.16400786713286714,0.16400786713286714
16,RandomForestClassifier,gender_aware,15,0.475,8842,3790,0,0.9796833773087071,0.9073220157992452,0.989247311827957,0.9027382143865321,0.9856649961371533,0.9987986981367047,0.01508535311670674,0.028200311695983027,0.004822787925956251,0.17799388111888112,0.17799388111888112
16,RandomForestClassifier,gender_aware,15,0.5,8842,3790,0,0.9794195250659631,0.909458379006608,0.989103101424979,0.9021344891011152,0.9856649961371533,0.9987986981367047,0.01508535311670674,0.029495089425806142,0.0057427511274282805,0.18498688811188813,0.18498688811188813
16,RandomForestClassifier,gender_aware,15,0.525,8842,3790,0,0.9796833773087071,0.911873837943806,0.9892413022216012,0.9036041026474436,0.9856649961371533,0.9987986981367047,0.01508535311670674,0.029926682002413774,0.0057427511274282805,0.1919798951048951,0.1919798951048951
16,RandomForestClassifier,gender_aware,15,0.55,8842,3790,0,0.978891820580475,0.911455194349053,0.9888174447861336,0.9005120087780434,0.9856649961371533,0.9987986981367047,0.01508535311670674,0.03011098052969563,0.005952991120951379,0.1919798951048951,0.1919798951048951
16,RandomForestClassifier,gender_aware,15,0.575,8842,3790,0,0.979155672823219,0.9161465643585315,0.9889525940427912,0.9024017049468036,0.9856649961371533,0.9987986981367047,0.01508535311670674,0.02807432065189519,0.005243267913002447,0.1607298951048951,0.1607298951048951
16,RandomForestClassifier,gender_aware,15,0.6,8842,3790,0,0.9786279683377309,0.9181433797009766,0.9886665733874352,0.9007997993957961,0.9856649961371533,0.9987986981367047,0.01508535311670674,0.029800690958325937,0.00662321271521038,0.16772290209790208,0.16772290209790208
16,RandomForestClassifier,gender_aware,15,0.625,8842,3790,0,0.9783641160949869,0.9225556539806197,0.9885186222346681,0.900652005181261,0.9856649961371533,0.9987986981367047,0.01508535311670674,0.02973769543628202,0.006833452708733367,0.1590909090909091,0.1590909090909091
16,RandomForestClassifier,gender_aware,15,0.65,8842,3790,0,0.9781002638522427,0.9269679282602628,0.9883704637802998,0.9005057736508723,0.9856649961371533,0.9987986981367047,0.01508535311670674,0.027453741509155916,0.0047042830848866846,0.1504589160839161,0.1504589160839161
16,RandomForestClassifier,gender_aware,15,0.675,8842,3790,0,0.9773087071240105,0.9311011068100706,0.9879382889200561,0.8984135889044724,0.9856649961371533,0.9987986981367047,0.01508535311670674,0.027143451937786223,0.00583448627988159,0.11920891608391608,0.11920891608391608
16,RandomForestClassifier,gender_aware,15,0.7,8842,3790,0,0.9765171503957784,0.932958374287598,0.9875087719298246,0.8959521881627145,0.9856649961371533,0.9987986981367047,0.01508535311670674,0.027080456415742304,0.005335003065455868,0.12620192307692307,0.12620192307692307
16,LogisticRegression,gender_blind,14,0.3,8842,3790,0,0.9572559366754617,0.9455304908714124,0.976962457337884,0.8406710096908399,0.99238891113565,0.999556635300585,0.04244911857398366,0.022799397938610744,0.0037435124312558132,0.06042395104895105,0.06042395104895105
16,LogisticRegression,gender_blind,14,0.325,8842,3790,0,0.9567282321899736,0.9498032172861378,0.9766581269570168,0.8403146230452954,0.99238891113565,0.999556635300585,0.04244911857398366,0.02205751579063331,0.003244029216829869,0.05179195804195804,0.05179195804195804
16,LogisticRegression,gender_blind,14,0.35,8842,3790,0,0.9564643799472295,0.9587673137103419,0.9764856776400171,0.8417064267418558,0.99238891113565,0.999556635300585,0.04244911857398366,0.02149993216993784,0.0032045276031400505,0.03452797202797203,0.03452797202797203
16,LogisticRegression,gender_blind,14,0.375,8842,3790,0,0.9525065963060686,0.963501828953418,0.9742710120068611,0.8330259169623346,0.99238891113565,0.999556635300585,0.04244911857398366,0.02167954265837002,0.004465967564278195,0.01027097902097902,0.01027097902097902
16,LogisticRegression,gender_blind,14,0.4,8842,3790,0,0.950131926121372,0.962245898169159,0.9729497638471447,0.82711569136708,0.99238891113565,0.999556635300585,0.04244911857398366,0.0222324382402157,0.005096687544847378,0.01027097902097902,0.01027097902097902
16,LogisticRegression,gender_blind,14,0.425,8842,3790,0,0.945910290237467,0.9622890434027567,0.9705840149232314,0.8175342333208628,0.99238891113565,0.999556635300585,0.04244911857398366,0.02000679179628362,0.002389031479195114,0.017263986013986016,0.017263986013986016
16,LogisticRegression,gender_blind,14,0.45,8842,3790,0,0.9422163588390501,0.9603353732939094,0.9685118619698059,0.8090559309849029,0.99238891113565,0.999556635300585,0.04244911857398366,0.01605477504592079,0.0016985693886651942,0.017263986013986016,0.017263986013986016
16,LogisticRegression,gender_blind,14,0.475,8842,3790,0,0.9387862796833774,0.9607971621222602,0.9665706051873199,0.80203530259366,0.99238891113565,0.999556635300585,0.04244911857398366,0.01919722608741259,0.0012320585955837293,0.024256993006993008,0.024256993006993008
16,LogisticRegression,gender_blind,14,0.5,8842,3790,0,0.9356200527704486,0.9591225877432481,0.9647806004618937,0.7952737358137689,0.99238891113565,0.999556635300585,0.04244911857398366,0.022155378601622533,0.0044124281870456805,0.024256993006993008,0.024256993006993008
16,LogisticRegression,gender_blind,14,0.525,8842,3790,0,0.9337730870712401,0.9581457526888244,0.9637335645137985,0.791426721558872,0.99238891113565,0.999556635300585,0.04244911857398366,0.018513651422629285,0.0006140705400882185,0.024256993006993008,0.024256993006993008
16,LogisticRegression,gender_blind,14,0.55,8842,3790,0,0.9295514511873351,0.9559129868501418,0.9613323678493845,0.7828884061469145,0.99238891113565,0.999556635300585,0.04244911857398366,0.01986673663564653,0.0021252521084395015,0.024256993006993008,0.024256993006993008
16,LogisticRegression,gender_blind,14,0.575,8842,3790,0,0.9269129287598945,0.9545175082009651,0.9598259608411893,0.7777231993986968,0.99238891113565,0.999556635300585,0.04244911857398366,0.02196170399664099,0.004385658498429312,0.024256993006993008,0.024256993006993008
16,LogisticRegression,gender_blind,14,0.6,8842,3790,0,0.9242744063324538,0.9531220295517885,0.958315177923021,0.7726827688176257,0.99238891113565,0.999556635300585,0.04244911857398366,0.02516715056017671,0.007815769697104291,0.024256993006993008,0.024256993006993008
16,LogisticRegression,gender_blind,14,0.625,8842,3790,0,0.9221635883905013,0.9542815577047274,0.9570909090909091,0.7693255963894261,0.99238891113565,0.999556635300585,0.04244911857398366,0.025041159516088984,0.008446489677673363,0.008631993006993008,0.008631993006993008
16,LogisticRegression,gender_blind,14,0.65,8842,3790,0,0.9189973614775726,0.9526069833257155,0.9552673757831852,0.7635472164829455,0.99238891113565,0.999556635300585,0.04244911857398366,0.027999312030298706,0.011626859269135315,0.008631993006993008,0.011626859269135315
16,LogisticRegression,gender_blind,14,0.675,8842,3790,0,0.916622691292876,0.9513510525414565,0.9538955354537496,0.7593169137323845,0.99238891113565,0.999556635300585,0.04244911857398366,0.029662686814685646,0.013427284058389333,0.008631993006993008,0.013427284058389333
16,LogisticRegression,gender_blind,14,0.7,8842,3790,0,0.912664907651715,0.9492578345676914,0.951601111273578,0.7524537270268026,0.99238891113565,0.999556635300585,0.04244911857398366,0.03058417945109504,0.01447848402600449,0.008631993006993008,0.01447848402600449
16,RandomForestClassifier,gender_blind,14,0.3,8842,3790,0,0.9804749340369393,0.8827056375989137,0.9897021987197329,0.900942469918242,0.9831834710610088,0.9984974982915895,0.016360437953547285,0.025183851698579063,0.0042315695590771085,0.14630681818181818,0.14630681818181818
16,RandomForestClassifier,gender_blind,14,0.325,8842,3790,0,0.9799472295514512,0.884702452941359,0.9894179894179894,0.8992316077743213,0.9831834710610088,0.9984974982915895,0.016360437953547285,0.023578784397386365,0.0032721047439153716,0.13068181818181818,0.13068181818181818
16,RandomForestClassifier,gender_blind,14,0.35,8842,3790,0,0.9802110817941952,0.8916697340231177,0.9895499512331057,0.9017228664354114,0.9831834710610088,0.9984974982915895,0.016360437953547285,0.024626268077883484,0.003022363136702344,0.15166083916083917,0.15166083916083917
16,RandomForestClassifier,gender_blind,14,0.375,8842,3790,0,0.9796833773087071,0.8982183715101236,0.9892593109220253,0.900955689524273,0.9831834710610088,0.9984974982915895,0.016360437953547285,0.024747571083121644,0.0029828615230124145,0.15002185314685315,0.15002185314685315
16,RandomForestClassifier,gender_blind,14,0.4,8842,3790,0,0.9796833773087071,0.9050461047269649,0.989250314114198,0.90229901796837,0.9831834710610088,0.9984974982915895,0.016360437953547285,0.026226647340226505,0.0043628063252203475,0.14838286713286714,0.14838286713286714
16,RandomForestClassifier,gender_blind,14,0.425,8842,3790,0,0.979155672823219,0.9138706532862511,0.988955682930239,0.9019719866641828,0.9831834710610088,0.9984974982915895,0.016360437953547285,0.02499017709359752,0.004783286312266433,0.10850087412587411,0.10850087412587411
16,RandomForestClassifier,gender_blind,14,0.45,8842,3790,0,0.9781002638522427,0.9155883728988607,0.9883867356932979,0.8983504117265566,0.9831834710610088,0.9984974982915895,0.016360437953547285,0.025358774148161345,0.004743784698576614,0.11549388111888112,0.11549388111888112
16,RandomForestClassifier,gender_blind,14,0.475,8842,3790,0,0.9770448548812665,0.9150301814391901,0.9878202435951281,0.8943677877014542,0.9831834710610088,0.9984974982915895,0.016360437953547285,0.025974665252050944,0.005414006292835616,0.11549388111888112,0.11549388111888112
16,RandomForestClassifier,gender_blind,14,0.5,8842,3790,0,0.9767810026385224,0.9148906335742725,0.9876785214225707,0.8933826397067192,0.9831834710610088,0.9984974982915895,0.016360437953547285,0.026406257828658575,0.0058739878935716305,0.11549388111888112,0.11549388111888112
16,RandomForestClassifier,gender_blind,14,0.525,8842,3790,0,0.9759894459102902,0.9167479010517998,0.9872495446265938,0.8909159687015586,0.9831834710610088,0.9984974982915895,0.016360437953547285,0.026343262306614657,0.005374504679145686,0.12248688811188811,0.12248688811188811
16,RandomForestClassifier,gender_blind,14,0.55,8842,3790,0,0.9759894459102902,0.9190238121240804,0.9872459705676244,0.8913757942725762,0.9831834710610088,0.9984974982915895,0.016360437953547285,0.026095968257288993,0.004664781471196866,0.1294798951048951,0.1294798951048951
16,RandomForestClassifier,gender_blind,14,0.575,8842,3790,0,0.9757255936675462,0.9211601753314431,0.9871003925967471,0.8908716248698021,0.9831834710610088,0.9984974982915895,0.016360437953547285,0.02628026678457085,0.004415039863983838,0.13647290209790208,0.13647290209790208
16,RandomForestClassifier,gender_blind,14,0.6,8842,3790,0,0.9759894459102902,0.9258515453409215,0.9872352363585356,0.8927307002191791,0.9831834710610088,0.9984974982915895,0.016360437953547285,0.02424360690677041,0.003705316656034907,0.1052229020979021,0.1052229020979021
16,RandomForestClassifier,gender_blind,14,0.625,8842,3790,0,0.9759894459102902,0.9258515453409215,0.9872352363585356,0.8927307002191791,0.9831834710610088,0.9984974982915895,0.016360437953547285,0.02424360690677041,0.003705316656034907,0.1052229020979021,0.1052229020979021
16,RandomForestClassifier,gender_blind,14,0.65,8842,3790,0,0.974934036939314,0.9252933538812509,0.9866666666666667,0.8889377289377289,0.9831834710610088,0.9984974982915895,0.016360437953547285,0.02485949801066001,0.004375538250293909,0.1052229020979021,0.1052229020979021
16,RandomForestClassifier,gender_blind,14,0.675,8842,3790,0,0.9736147757255936,0.9245956145566625,0.9859550561797753,0.8842818759159746,0.9831834710610088,0.9984974982915895,0.016360437953547285,0.023686023286074942,0.0031663318279191444,0.1052229020979021,0.1052229020979021
16,RandomForestClassifier,gender_blind,14,0.7,8842,3790,0,0.9736147757255936,0.9268715256289429,0.9859511098623209,0.8847504467060523,0.9831834710610088,0.9984974982915895,0.016360437953547285,0.024549208439290315,0.003626313428655159,0.11221590909090909,0.11221590909090909
17,LogisticRegression,gender_aware,15,0.3,8842,3790,0,0.9588390501319262,0.9418159559163576,0.97784720249929,0.8439421886102398,0.9882388789789681,0.9992539649914505,0.038620390496601244,0.028067029462130355,0.00994854147235713,0.040191897654584224,0.040191897654584224
17,LogisticRegression,gender_aware,15,0.325,8842,3790,0,0.9559366754617414,0.944832751546824,0.9762345239789384,0.8371226869442612,0.9882388789789681,0.9992539649914505,0.038620390496601244,0.029272885885594846,0.010353777377544837,0.0544776119402985,0.0544776119402985
17,LogisticRegression,gender_aware,15,0.35,8842,3790,0,0.9546174142480212,0.9464109232945161,0.9754985754985755,0.8341778591778592,0.9882388789789681,0.9992539649914505,0.038620390496601244,0.02910672002437109,0.010895378380986087,0.03955223880597014,0.03955223880597014
17,LogisticRegression,gender_aware,15,0.375,8842,3790,0,0.9511873350923483,0.9445968010505865,0.9735978307406878,0.8253678507979181,0.9882388789789681,0.9992539649914505,0.038620390496601244,0.029422896732532955,0.011300614286173682,0.03955223880597014,0.03955223880597014
17,LogisticRegression,gender_aware,15,0.4,8842,3790,0,0.9498680738786279,0.9461749727982784,0.9728571428571429,0.8226354679802956,0.9882388789789681,0.9992539649914505,0.038620390496601244,0.02925673087130909,0.011842215289615043,0.02462686567164178,0.02462686567164178
17,LogisticRegression,gender_aware,15,0.425,8842,3790,0,0.9472295514511874,0.9470554052213822,0.9713795077275329,0.8167708349448475,0.9882388789789681,0.9992539649914505,0.038620390496601244,0.025848022857037356,0.00899398578458166,0.009701492537313429,0.009701492537313429
17,LogisticRegression,gender_aware,15,0.45,8842,3790,0,0.946174142480211,0.9464972137617116,0.9707903780068728,0.814254249406121,0.9882388789789681,0.9992539649914505,0.038620390496601244,0.02653403399938148,0.009739169588010133,0.009701492537313429,0.009739169588010133
17,LogisticRegression,gender_aware,15,0.475,8842,3790,0,0.9448548812664908,0.9480753855094036,0.9700444317041709,0.8117220500146062,0.9882388789789681,0.9992539649914505,0.038620390496601244,0.027461216426418522,0.01143311999485419,0.005223880597014931,0.01143311999485419
17,LogisticRegression,gender_aware,15,0.5,8842,3790,0,0.9422163588390501,0.946679906860227,0.9685660973159179,0.8056533586090193,0.9882388789789681,0.9992539649914505,0.038620390496601244,0.028629570138148486,0.012719904801723914,0.005223880597014931,0.012719904801723914
17,LogisticRegression,gender_aware,15,0.525,8842,3790,0,0.9408970976253298,0.9459821675356386,0.967825337546682,0.8026828953105578,0.9882388789789681,0.9992539649914505,0.038620390496601244,0.028667072849883013,0.012787122503457371,0.005223880597014931,0.012787122503457371
17,LogisticRegression,gender_aware,15,0.55,8842,3790,0,0.9379947229551451,0.9444471410215443,0.9661919148323982,0.7962915059058653,0.9882388789789681,0.9992539649914505,0.038620390496601244,0.03028026641926418,0.014548290612034775,0.005223880597014931,0.014548290612034775
17,LogisticRegression,gender_aware,15,0.575,8842,3790,0,0.9358839050131926,0.943330758102203,0.9650007201497911,0.7917625264799191,0.9882388789789681,0.9992539649914505,0.038620390496601244,0.030558940415691627,0.014886308815489024,0.005223880597014931,0.014886308815489024
17,LogisticRegression,gender_aware,15,0.6,8842,3790,0,0.9340369393139841,0.9469057451923402,0.963935372186959,0.7890664515255783,0.9882388789789681,0.9992539649914505,0.038620390496601244,0.03217213398507279,0.016851059724053652,0.013006396588486142,0.016851059724053652
17,LogisticRegression,gender_aware,15,0.625,8842,3790,0,0.9313984168865436,0.9455102665431634,0.9624386015602427,0.7836509117223707,0.9882388789789681,0.9992539649914505,0.038620390496601244,0.034433835985063554,0.019290193934326072,0.013006396588486142,0.019290193934326072
17,LogisticRegression,gender_aware,15,0.65,8842,3790,0,0.9284960422163588,0.9462511511013495,0.9607757996815748,0.7784504929853477,0.9882388789789681,0.9992539649914505,0.038620390496601244,0.03693670926974724,0.02152574534461127,0.0058635394456289965,0.02152574534461127
17,LogisticRegression,gender_aware,15,0.675,8842,3790,0,0.9269129287598945,0.9476897749841239,0.9598608897261266,0.7759540089278645,0.9882388789789681,0.9992539649914505,0.038620390496601244,0.03830873155443548,0.02369407905316312,0.020788912579957353,0.02369407905316312
17,LogisticRegression,gender_aware,15,0.7,8842,3790,0,0.9253298153034301,0.9468524877946178,0.9589557650471356,0.7729085394578744,0.9882388789789681,0.9992539649914505,0.038620390496601244,0.03988442241208212,0.025388029460007067,0.020788912579957353,0.025388029460007067
17,RandomForestClassifier,gender_aware,15,0.3,8842,3790,0,0.979155672823219,0.8615246986238019,0.9890262536463398,0.8908385861407552,0.9810673321818949,0.9983312293286901,0.01650187482660692,0.022734720818274545,0.006301418325668218,0.06343283582089554,0.06343283582089554
17,RandomForestClassifier,gender_aware,15,0.325,8842,3790,0,0.9786279683377309,0.863521513966247,0.9887421820708826,0.8891762858406361,0.9810673321818949,0.9983312293286901,0.01650187482660692,0.024514080248879577,0.007724568230791484,0.07057569296375268,0.07057569296375268
17,RandomForestClassifier,gender_aware,15,0.35,8842,3790,0,0.9796833773087071,0.8731833497150392,0.9892921707690169,0.8956743630194699,0.9810673321818949,0.9983312293286901,0.01650187482660692,0.026293439679484498,0.007724568230791484,0.09914712153518127,0.09914712153518127
17,RandomForestClassifier,gender_aware,15,0.375,8842,3790,0,0.9786279683377309,0.8726251582553686,0.9887296507583136,0.891311390264653,0.9810673321818949,0.9983312293286901,0.01650187482660692,0.02697945082182862,0.008469752034219957,0.09914712153518127,0.09914712153518127
17,RandomForestClassifier,gender_aware,15,0.4,8842,3790,0,0.979155672823219,0.879731987202045,0.9890018098287624,0.8950046832519127,0.9810673321818949,0.9983312293286901,0.01650187482660692,0.025478765387651148,0.007791785932524942,0.07643923240938164,0.07643923240938164
17,RandomForestClassifier,gender_aware,15,0.425,8842,3790,0,0.9781002638522427,0.8882774400314961,0.9884256031236927,0.8927458088968097,0.9810673321818949,0.9983312293286901,0.01650187482660692,0.023163405661640213,0.005825105329173796,0.060874200426439234,0.060874200426439234
17,RandomForestClassifier,gender_aware,15,0.45,8842,3790,0,0.9775725593667546,0.8925501664462214,0.9881367759944173,0.8916587494429917,0.9810673321818949,0.9983312293286901,0.01650187482660692,0.020365703366243437,0.004265590325796875,0.031023454157782515,0.031023454157782515
17,RandomForestClassifier,gender_aware,15,0.475,8842,3790,0,0.9775725593667546,0.894826077518502,0.9881334636325562,0.8921482665884604,0.9810673321818949,0.9983312293286901,0.01650187482660692,0.020162034793285044,0.0035876242241019707,0.03816631130063966,0.03816631130063966
17,RandomForestClassifier,gender_aware,15,0.5,8842,3790,0,0.9770448548812665,0.896822892860947,0.9878474647297109,0.8905983166878958,0.9810673321818949,0.9983312293286901,0.01650187482660692,0.01975469764736837,0.002706075322419843,0.045309168443496806,0.045309168443496806
17,RandomForestClassifier,gender_aware,15,0.525,8842,3790,0,0.9765171503957784,0.8988197082033921,0.9875611460517121,0.8890746906729148,0.9810673321818949,0.9983312293286901,0.01650187482660692,0.018254012213190896,0.0018245264207377154,0.030383795309168432,0.030383795309168432
17,RandomForestClassifier,gender_aware,15,0.55,8842,3790,0,0.9762532981530343,0.8986801603384744,0.9874196253844003,0.8880760098752987,0.9810673321818949,0.9983312293286901,0.01650187482660692,0.01760550378258119,0.0011465603190428109,0.030383795309168432,0.030383795309168432
17,RandomForestClassifier,gender_aware,15,0.575,8842,3790,0,0.9759894459102902,0.9030924346181175,0.9872709469855924,0.8880670280171581,0.9810673321818949,0.9983312293286901,0.01650187482660692,0.018736354782576514,0.0025697102241661884,0.02260127931769723,0.02260127931769723
17,RandomForestClassifier,gender_aware,15,0.6,8842,3790,0,0.9765171503957784,0.9079233524925137,0.9875472226108857,0.8910022487188378,0.9810673321818949,0.9983312293286901,0.01650187482660692,0.01962603449787903,0.0025697102241661884,0.03688699360341152,0.03688699360341152
17,RandomForestClassifier,gender_aware,15,0.625,8842,3790,0,0.9762532981530343,0.9100597156998764,0.9874020156774916,0.8904899986644339,0.9810673321818949,0.9983312293286901,0.01650187482660692,0.01986720578257195,0.0023661274241790764,0.04402985074626867,0.04402985074626867
17,RandomForestClassifier,gender_aware,15,0.65,8842,3790,0,0.974934036939314,0.9116378874475684,0.9866890850497407,0.8861210662269019,0.9810673321818949,0.9983312293286901,0.01650187482660692,0.02298108478613059,0.0052124272344257205,0.05117270788912581,0.05117270788912581
17,RandomForestClassifier,gender_aware,15,0.675,8842,3790,0,0.9741424802110817,0.9112192438528154,0.9862629660779366,0.8832660121869504,0.9810673321818949,0.9983312293286901,0.01650187482660692,0.02431560435908442,0.006635577139549098,0.05117270788912581,0.05117270788912581
17,RandomForestClassifier,gender_aware,15,0.7,8842,3790,0,0.9744063324538259,0.9181865249345743,0.9863936035909665,0.8856579991347293,0.9810673321818949,0.9983312293286901,0.01650187482660692,0.025446455359079745,0.006431994339561986,0.07260127931769723,0.07260127931769723
17,LogisticRegression,gender_blind,14,0.3,8842,3790,0,0.9583113456464379,0.9415368601865222,0.9775568181818182,0.8424821127946127,0.988277305202641,0.9992549887307189,0.03857113928122502,0.02348996773612866,0.00513556105875923,0.040191897654584224,0.040191897654584224
17,LogisticRegression,gender_blind,14,0.325,8842,3790,0,0.9556728232189974,0.9424172926096259,0.9760956175298805,0.835873895721462,0.988277305202641,0.9992549887307189,0.03857113928122502,0.026641349451421936,0.008049078570739443,0.04733475479744136,0.04733475479744136
17,LogisticRegression,gender_blind,14,0.35,8842,3790,0,0.9538258575197889,0.9459922796997631,0.9750605671939575,0.8321128768474229,0.988277305202641,0.9992549887307189,0.03857113928122502,0.027161194732542304,0.008861480075901262,0.03955223880597014,0.03955223880597014
17,LogisticRegression,gender_blind,14,0.375,8842,3790,0,0.9519788918205805,0.9450154446453395,0.974037089871612,0.8273694221287884,0.988277305202641,0.9992549887307189,0.03857113928122502,0.026995028871318327,0.008725114977647719,0.03955223880597014,0.03955223880597014
17,LogisticRegression,gender_blind,14,0.4,8842,3790,0,0.9488126649076517,0.9456167813386078,0.9722698684962836,0.820039043837183,0.988277305202641,0.9992549887307189,0.03857113928122502,0.024476000572349,0.00682565207602992,0.02462686567164178,0.02462686567164178
17,LogisticRegression,gender_blind,14,0.425,8842,3790,0,0.9477572559366755,0.9473345009512175,0.9716738197424892,0.8180402997017531,0.988277305202641,0.9992549887307189,0.03857113928122502,0.02495834314173484,0.008045219181166186,0.009701492537313429,0.009701492537313429
17,LogisticRegression,gender_blind,14,0.45,8842,3790,0,0.9464379947229552,0.9489126726989097,0.970929399971359,0.815447949566919,0.988277305202641,0.9992549887307189,0.03857113928122502,0.025885525568771883,0.009739169588010133,0.005223880597014931,0.009739169588010133
17,LogisticRegression,gender_blind,14,0.475,8842,3790,0,0.9451187335092348,0.9482149333743213,0.9701920321008886,0.8123385409673878,0.988277305202641,0.9992549887307189,0.03857113928122502,0.023736331703984703,0.007501688482938307,0.005223880597014931,0.007501688482938307
17,LogisticRegression,gender_blind,14,0.5,8842,3790,0,0.9427440633245383,0.9469590025900623,0.9688621036016645,0.8068533103933035,0.988277305202641,0.9992549887307189,0.03857113928122502,0.02773989042284597,0.011771138198308329,0.005223880597014931,0.011771138198308329
17,LogisticRegression,gender_blind,14,0.525,8842,3790,0,0.9401055408970976,0.9455635239408857,0.9673803707429228,0.8009204591234743,0.988277305202641,0.9992549887307189,0.03857113928122502,0.026721547558054226,0.010753224198372546,0.005223880597014931,0.010753224198372546
17,LogisticRegression,gender_blind,14,0.55,8842,3790,0,0.937730870712401,0.9443075931566267,0.9660431654676259,0.7957199954322256,0.988277305202641,0.9992549887307189,0.03857113928122502,0.027445061412132876,0.011565625703534588,0.005223880597014931,0.011565625703534588
17,LogisticRegression,gender_blind,14,0.575,8842,3790,0,0.9356200527704486,0.9454671213095658,0.9648414985590779,0.7917957492795389,0.988277305202641,0.9992549887307189,0.03857113928122502,0.02861341512386284,0.013530376612099215,0.020149253731343287,0.020149253731343287
17,LogisticRegression,gender_blind,14,0.6,8842,3790,0,0.9340369393139841,0.9469057451923402,0.963935372186959,0.7890664515255783,0.988277305202641,0.9992549887307189,0.03857113928122502,0.029985437408551086,0.014546360917248258,0.013006396588486142,0.014546360917248258
17,LogisticRegression,gender_blind,14,0.625,8842,3790,0,0.9313984168865436,0.9455102665431634,0.9624386015602427,0.7836509117223707,0.988277305202641,0.9992549887307189,0.03857113928122502,0.033340487696802756,0.018137844530923375,0.013006396588486142,0.018137844530923375
17,LogisticRegression,gender_blind,14,0.65,8842,3790,0,0.9295514511873351,0.9490852536333005,0.9613659383591376,0.7811313996728424,0.988277305202641,0.9992549887307189,0.03857113928122502,0.03495368126618392,0.020102595439488002,0.020788912579957353,0.020788912579957353
17,LogisticRegression,gender_blind,14,0.675,8842,3790,0,0.9269129287598945,0.9476897749841239,0.9598608897261266,0.7759540089278645,0.988277305202641,0.9992549887307189,0.03857113928122502,0.03830873155443548,0.02369407905316312,0.020788912579957353,0.02369407905316312
17,LogisticRegression,gender_blind,14,0.7,8842,3790,0,0.925065963060686,0.9467129399297003,0.9588047577603713,0.7724052943320807,0.988277305202641,0.9992549887307189,0.03857113928122502,0.03486252082842922,0.020100665744701374,0.020788912579957353,0.020788912579957353
17,RandomForestClassifier,gender_blind,14,0.3,8842,3790,0,0.9783641160949869,0.8611060550290489,0.9886047804335742,0.8875315568834539,0.9743400464620234,0.9974971603996035,0.01853006451758508,0.021882543814706557,0.00541986942398609,0.06343283582089554,0.06343283582089554
17,RandomForestClassifier,gender_blind,14,0.325,8842,3790,0,0.9770448548812665,0.8649601378490213,0.9878948100737442,0.8832603821361087,0.9743400464620234,0.9974971603996035,0.01853006451758508,0.02041936109226361,0.004131154922329738,0.05565031982942428,0.05565031982942428
17,RandomForestClassifier,gender_blind,14,0.35,8842,3790,0,0.9781002638522427,0.8791737957423744,0.9884385011840089,0.8907279787715556,0.9743400464620234,0.9974971603996035,0.01853006451758508,0.020698035088691058,0.005079921525745323,0.03230277185501068,0.03230277185501068
17,RandomForestClassifier,gender_blind,14,0.375,8842,3790,0,0.9767810026385224,0.8807519674900665,0.9877300613496932,0.8860218934199446,0.9743400464620234,0.9974971603996035,0.01853006451758508,0.020531869227467303,0.004469173125783987,0.039445628997867827,0.039445628997867827
17,RandomForestClassifier,gender_blind,14,0.4,8842,3790,0,0.9770448548812665,0.8831674264272645,0.9878678008645935,0.8875769322171378,0.9743400464620234,0.9974971603996035,0.01853006451758508,0.020976709085118506,0.004469173125783987,0.046588486140724944,0.046588486140724944
17,RandomForestClassifier,gender_blind,14,0.425,8842,3790,0,0.9751978891820581,0.8844665024451213,0.9868751745322536,0.8809973958785671,0.9743400464620234,0.9974971603996035,0.01853006451758508,0.01842017807441465,0.001350143119030034,0.05373134328358209,0.05373134328358209
17,RandomForestClassifier,gender_blind,14,0.45,8842,3790,0,0.9751978891820581,0.8867424135174018,0.9868715083798882,0.8815309922851822,0.9743400464620234,0.9974971603996035,0.01853006451758508,0.01712316121319546,0.0006721770173351294,0.038805970149253716,0.038805970149253716
17,RandomForestClassifier,gender_blind,14,0.475,8842,3790,0,0.9744063324538259,0.888599680994929,0.9864430468204053,0.8791038763513791,0.9743400464620234,0.9974971603996035,0.01853006451758508,0.018254012213190896,0.0014173608207634913,0.04594882729211086,0.04594882729211086
17,RandomForestClassifier,gender_blind,14,0.5,8842,3790,0,0.9738786279683377,0.8883205852650937,0.9861596532923249,0.8771547680981531,0.9743400464620234,0.9974971603996035,0.01853006451758508,0.01805034364023239,0.0012137780207763793,0.04594882729211086,0.04594882729211086
17,RandomForestClassifier,gender_blind,14,0.525,8842,3790,0,0.9730870712401055,0.8879019416703408,0.9857342657342657,0.8742624817043422,0.9743400464620234,0.9974971603996035,0.01853006451758508,0.01829151492492531,0.0014845785224970598,0.04594882729211086,0.04594882729211086
17,RandomForestClassifier,gender_blind,14,0.55,8842,3790,0,0.9730870712401055,0.8901778527426212,0.9857302742025742,0.8748095815457315,0.9743400464620234,0.9974971603996035,0.01853006451758508,0.01808784635196692,0.0008066124208021552,0.053091684434968006,0.053091684434968006
17,RandomForestClassifier,gender_blind,14,0.575,8842,3790,0,0.9733509234828496,0.8948692227520996,0.9858642407277817,0.8768401663409023,0.9743400464620234,0.9974971603996035,0.01853006451758508,0.019422365924920637,0.0012809957225099478,0.0673773987206823,0.0673773987206823
17,RandomForestClassifier,gender_blind,14,0.6,8842,3790,0,0.9733509234828496,0.8994210448966604,0.9858563226438875,0.8778939927570235,0.9743400464620234,0.9974971603996035,0.01853006451758508,0.02010837706726487,0.0010774129225228357,0.08166311300639659,0.08166311300639659
17,RandomForestClassifier,gender_blind,14,0.625,8842,3790,0,0.9730870712401055,0.8992814970317428,0.9857142857142858,0.8769480519480519,0.9743400464620234,0.9974971603996035,0.01853006451758508,0.020553216924916073,0.0015517962242306282,0.08166311300639659,0.08166311300639659
17,RandomForestClassifier,gender_blind,14,0.65,8842,3790,0,0.9725593667546174,0.9058301345187487,0.9854178351093662,0.8766374889832546,0.9743400464620234,0.9974971603996035,0.01853006451758508,0.02192523920960432,0.0016190139259639746,0.10309168443496802,0.10309168443496802
17,RandomForestClassifier,gender_blind,14,0.675,8842,3790,0,0.9715039577836412,0.905271943059078,0.9848484848484849,0.8729552158755698,0.9743400464620234,0.9974971603996035,0.01853006451758508,0.021517902063687644,0.0012118483259897506,0.10309168443496802,0.10309168443496802
17,RandomForestClassifier,gender_blind,14,0.7,8842,3790,0,0.9715039577836412,0.9098237652036387,0.9848399775407075,0.8739989361387748,0.9743400464620234,0.9974971603996035,0.01853006451758508,0.022203913206031767,0.0010082655260026385,0.1173773987206823,0.1173773987206823
18,LogisticRegression,gender_aware,15,0.3,8842,3790,0,0.9638522427440633,0.9308118989161108,0.9806305669447194,0.8552068022100323,0.9901305278145186,0.9994220936778052,0.038324746622356305,0.03110364015766287,0.009050906833228178,0.03525713002470246,0.03525713002470246
18,LogisticRegression,gender_aware,15,0.325,8842,3790,0,0.9609498680738786,0.9315527834742969,0.9790368271954675,0.8472107212900415,0.9901305278145186,0.9994220936778052,0.038324746622356305,0.03133839554834228,0.010075781337732237,0.018863687401751636,0.018863687401751636
18,LogisticRegression,gender_aware,15,0.35,8842,3790,0,0.9591029023746702,0.9396795927089948,0.9779985805535841,0.8441394771926799,0.9901305278145186,0.9994220936778052,0.038324746622356305,0.03355263157894739,0.010629846049392655,0.04626094767572424,0.04626094767572424
18,LogisticRegression,gender_aware,15,0.375,8842,3790,0,0.9577836411609498,0.9458095866012477,0.977253340915553,0.84210652393763,0.9901305278145186,0.9994220936778052,0.038324746622356305,0.032906329700904235,0.012083902887332187,0.002919380193128221,0.012083902887332187
18,LogisticRegression,gender_aware,15,0.4,8842,3790,0,0.9532981530343008,0.9434372728976474,0.9747755451047456,0.8301941668685362,0.9901305278145186,0.9994220936778052,0.038324746622356305,0.03600162300023191,0.015462826356054782,0.002919380193128221,0.015462826356054782
18,LogisticRegression,gender_aware,15,0.425,8842,3790,0,0.950131926121372,0.9485904317354765,0.9729961423060437,0.8238474687433832,0.9901305278145186,0.9994220936778052,0.038324746622356305,0.03624217482031067,0.015587708734279948,0.005614192679092744,0.015587708734279948
18,LogisticRegression,gender_aware,15,0.45,8842,3790,0,0.9477572559366755,0.949610412023498,0.9716657126502576,0.818603126595399,0.9901305278145186,0.9994220936778052,0.038324746622356305,0.034497449571064265,0.014514752900691819,0.02200763530204356,0.02200763530204356
18,LogisticRegression,gender_aware,15,0.475,8842,3790,0,0.9451187335092348,0.9482149333743213,0.9701920321008886,0.8123385409673878,0.9901305278145186,0.9994220936778052,0.038324746622356305,0.03560746580106655,0.015754218571913614,0.02200763530204356,0.02200763530204356
18,LogisticRegression,gender_aware,15,0.5,8842,3790,0,0.9422163588390501,0.946679906860227,0.9685660973159179,0.8056533586090193,0.9901305278145186,0.9994220936778052,0.038324746622356305,0.033862740551820036,0.013995861778763885,0.02200763530204356,0.02200763530204356
18,LogisticRegression,gender_aware,15,0.525,8842,3790,0,0.9393139841688655,0.9542485246352542,0.9668969487622338,0.8014864490646612,0.9901305278145186,0.9994220936778052,0.038324746622356305,0.0367406677486668,0.01527695490939418,0.00538962497192904,0.01527695490939418
18,LogisticRegression,gender_aware,15,0.55,8842,3790,0,0.9366754617414248,0.955128957058358,0.9653979238754326,0.7963635582110082,0.9901305278145186,0.9994220936778052,0.038324746622356305,0.035436471133781566,0.013518598116244562,0.01223894004042219,0.013518598116244562
18,LogisticRegression,gender_aware,15,0.575,8842,3790,0,0.9329815303430079,0.9531752869495107,0.9633054030626986,0.7886435829903159,0.9901305278145186,0.9994220936778052,0.038324746622356305,0.03940702527243212,0.01779751371124605,0.01223894004042219,0.01779751371124605
18,LogisticRegression,gender_aware,15,0.6,8842,3790,0,0.9295514511873351,0.9536370757778614,0.9613435644997829,0.7823062547610355,0.9901305278145186,0.9994220936778052,0.038324746622356305,0.04162126130303723,0.019764007801437722,0.01908825510891534,0.019764007801437722
18,LogisticRegression,gender_aware,15,0.625,8842,3790,0,0.9258575197889182,0.951683405669014,0.9592340055128391,0.7751046301217761,0.9901305278145186,0.9994220936778052,0.038324746622356305,0.04339496869928128,0.021730501891629173,0.01908825510891534,0.021730501891629173
18,LogisticRegression,gender_aware,15,0.65,8842,3790,0,0.9242744063324538,0.9508461184795081,0.958327283287353,0.7720929345729695,0.9901305278145186,0.9994220936778052,0.038324746622356305,0.046038140505448744,0.02455536064869135,0.01908825510891534,0.02455536064869135
18,LogisticRegression,gender_aware,15,0.675,8842,3790,0,0.9213720316622691,0.9493110919654137,0.9566608493310064,0.7666826973927758,0.9901305278145186,0.9994220936778052,0.038324746622356305,0.04539183862740548,0.02395321460794675,0.01908825510891534,0.02395321460794675
18,LogisticRegression,gender_aware,15,0.7,8842,3790,0,0.9189973614775726,0.9480551611811547,0.9552934323576525,0.7623591986472695,0.9901305278145186,0.9994220936778052,0.038324746622356305,0.046061326223046595,0.024721870486324904,0.01908825510891534,0.024721870486324904
18,RandomForestClassifier,gender_aware,15,0.3,8842,3790,0,0.9781002638522427,0.842759218585888,0.9884898072389405,0.8817787789582237,0.9769537038160612,0.9979374404997985,0.01660639819212479,0.025231857175979533,0.0054767538068150046,0.07298450482820573,0.07298450482820573
18,RandomForestClassifier,gender_aware,15,0.325,8842,3790,0,0.978891820580475,0.8522815064697626,0.9888981404385234,0.8874971985615077,0.9769537038160612,0.9979374404997985,0.01660639819212479,0.023040806862972385,0.004791352847253627,0.030653492027846396,0.030653492027846396
18,RandomForestClassifier,gender_aware,15,0.35,8842,3790,0,0.9786279683377309,0.8544178696771253,0.9887546855476884,0.8869502870709265,0.9769537038160612,0.9979374404997985,0.01660639819212479,0.022165546023649396,0.003420550928130983,0.037502807096339574,0.037502807096339574
18,RandomForestClassifier,gender_aware,15,0.375,8842,3790,0,0.9796833773087071,0.8640797054259176,0.9893040700097235,0.8936021662384576,0.9769537038160612,0.9979374404997985,0.01660639819212479,0.02282923718989105,0.003420550928130983,0.04165730967886816,0.04165730967886816
18,RandomForestClassifier,gender_aware,15,0.4,8842,3790,0,0.9796833773087071,0.8686315275704783,0.9892981236970119,0.8946490618485059,0.9769537038160612,0.9979374404997985,0.01660639819212479,0.02239450498492923,0.002049749009008228,0.05535593981585449,0.05535593981585449
18,RandomForestClassifier,gender_aware,15,0.425,8842,3790,0,0.979155672823219,0.868352431840643,0.9890170999582928,0.8924413665166141,0.9769537038160612,0.9979374404997985,0.01660639819212479,0.023275562253651683,0.0029913685946956203,0.05535593981585449,0.05535593981585449
18,RandomForestClassifier,gender_aware,15,0.45,8842,3790,0,0.9796833773087071,0.8754592607873196,0.9892891918208374,0.8961791227646387,0.9769537038160612,0.9979374404997985,0.01660639819212479,0.023939253419893336,0.003462178387539372,0.05266112732988995,0.05266112732988995
18,RandomForestClassifier,gender_aware,15,0.475,8842,3790,0,0.9796833773087071,0.8754592607873196,0.9892891918208374,0.8961791227646387,0.9769537038160612,0.9979374404997985,0.01660639819212479,0.023939253419893336,0.003462178387539372,0.05266112732988995,0.05266112732988995
18,RandomForestClassifier,gender_aware,15,0.5,8842,3790,0,0.9794195250659631,0.8798715350669628,0.9891425389755011,0.896086421002902,0.9769537038160612,0.9979374404997985,0.01660639819212479,0.0239450498492928,0.0025621862612603685,0.06635975746687625,0.06635975746687625
18,RandomForestClassifier,gender_aware,15,0.525,8842,3790,0,0.9794195250659631,0.8798715350669628,0.9891425389755011,0.896086421002902,0.9769537038160612,0.9979374404997985,0.01660639819212479,0.0239450498492928,0.0025621862612603685,0.06635975746687625,0.06635975746687625
18,RandomForestClassifier,gender_aware,15,0.55,8842,3790,0,0.978891820580475,0.8795924393371274,0.9888610414926204,0.8939280081834962,0.9769537038160612,0.9979374404997985,0.01660639819212479,0.02262926037560864,0.0011913843421377246,0.06635975746687625,0.06635975746687625
18,RandomForestClassifier,gender_aware,15,0.575,8842,3790,0,0.9786279683377309,0.8794528914722097,0.9887202339507033,0.8928563575768553,0.9769537038160612,0.9979374404997985,0.01660639819212479,0.02306978900996981,0.0016621941349814762,0.06635975746687625,0.06635975746687625
18,RandomForestClassifier,gender_aware,15,0.6,8842,3790,0,0.978891820580475,0.8841442614816882,0.988854834215659,0.8949249295456405,0.9769537038160612,0.9979374404997985,0.01660639819212479,0.024391374913053543,0.0021330039278251167,0.08005838760386255,0.08005838760386255
18,RandomForestClassifier,gender_aware,15,0.625,8842,3790,0,0.9778364116094986,0.8881378921665783,0.9882845188284519,0.8917032350239821,0.9769537038160612,0.9979374404997985,0.01660639819212479,0.02571875724553685,0.002645441180077146,0.09375701774084885,0.09375701774084885
18,RandomForestClassifier,gender_aware,15,0.65,8842,3790,0,0.9778364116094986,0.8904138032388587,0.98828125,0.8921988774271845,0.9769537038160612,0.9979374404997985,0.01660639819212479,0.02550139114305583,0.0031162509729207866,0.07736357511789807,0.07736357511789807
18,RandomForestClassifier,gender_aware,15,0.675,8842,3790,0,0.9773087071240105,0.8901347075090233,0.9879988836170807,0.8901347075090233,0.9769537038160612,0.9979374404997985,0.01660639819212479,0.02638244841177828,0.004057870558608179,0.07736357511789807,0.07736357511789807
18,RandomForestClassifier,gender_aware,15,0.7,8842,3790,0,0.9773087071240105,0.8924106185813039,0.9879955332216639,0.8906323819954474,0.9769537038160612,0.9979374404997985,0.01660639819212479,0.026165082309297483,0.00452868035145193,0.06097013249494723,0.06097013249494723
18,LogisticRegression,gender_blind,14,0.3,8842,3790,0,0.9638522427440633,0.9308118989161108,0.9806305669447194,0.8552068022100323,0.9901763696252162,0.9994243376445613,0.038346782677476994,0.03110364015766287,0.009050906833228178,0.03525713002470246,0.03525713002470246
18,LogisticRegression,gender_blind,14,0.325,8842,3790,0,0.9609498680738786,0.9315527834742969,0.9790368271954675,0.8472107212900415,0.9901763696252162,0.9994243376445613,0.038346782677476994,0.030239972177138807,0.00891957058532733,0.018863687401751636,0.018863687401751636
18,LogisticRegression,gender_blind,14,0.35,8842,3790,0,0.9585751978891821,0.9394004969791595,0.9777083629135311,0.8426716861122591,0.9901763696252162,0.9994243376445613,0.038346782677476994,0.03333526547646648,0.01041525488267514,0.04626094767572424,0.04626094767572424
18,LogisticRegression,gender_blind,14,0.375,8842,3790,0,0.9564643799472295,0.9451118472766593,0.9765258215962441,0.8385351431030222,0.9901763696252162,0.9994243376445613,0.038346782677476994,0.03401054950150706,0.013281741099145594,0.002919380193128221,0.013281741099145594
18,LogisticRegression,gender_blind,14,0.4,8842,3790,0,0.9535620052770448,0.943576820762565,0.9749216300940439,0.8308771851537835,0.9901763696252162,0.9994243376445613,0.038346782677476994,0.034462670994667266,0.013835805810806123,0.002919380193128221,0.013835805810806123
18,LogisticRegression,gender_blind,14,0.425,8842,3790,0,0.950395778364116,0.9487299796003943,0.9731428571428572,0.8245024630541873,0.9901763696252162,0.9994243376445613,0.038346782677476994,0.0358016461859495,0.015116898941436308,0.005614192679092744,0.015116898941436308
18,LogisticRegression,gender_blind,14,0.45,8842,3790,0,0.9477572559366755,0.949610412023498,0.9716657126502576,0.818603126595399,0.9901763696252162,0.9994243376445613,0.038346782677476994,0.034497449571064265,0.014514752900691819,0.02200763530204356,0.02200763530204356
18,LogisticRegression,gender_blind,14,0.475,8842,3790,0,0.9448548812664908,0.9480753855094036,0.9700444317041709,0.8117220500146062,0.9901763696252162,0.9994243376445613,0.038346782677476994,0.03604799443542783,0.016225028364757255,0.02200763530204356,0.02200763530204356
18,LogisticRegression,gender_blind,14,0.5,8842,3790,0,0.9422163588390501,0.946679906860227,0.9685660973159179,0.8056533586090193,0.9901763696252162,0.9994243376445613,0.038346782677476994,0.033862740551820036,0.013995861778763885,0.02200763530204356,0.02200763530204356
18,LogisticRegression,gender_blind,14,0.525,8842,3790,0,0.9398416886543536,0.9545276203650896,0.9671942446043166,0.8026447413497773,0.9901763696252162,0.9994243376445613,0.038346782677476994,0.03585961047994435,0.014335335323706788,0.00538962497192904,0.014335335323706788
18,LogisticRegression,gender_blind,14,0.55,8842,3790,0,0.9364116094986807,0.9549894091934403,0.9652487382840663,0.7958026637156765,0.9901763696252162,0.9994243376445613,0.038346782677476994,0.0369754231393461,0.015145618661493221,0.01223894004042219,0.015145618661493221
18,LogisticRegression,gender_blind,14,0.575,8842,3790,0,0.933509234828496,0.953454382679346,0.9636048526863085,0.7897292556114469,0.9901763696252162,0.9994243376445613,0.038346782677476994,0.038525968003709665,0.016855894125558657,0.01223894004042219,0.016855894125558657
18,LogisticRegression,gender_blind,14,0.6,8842,3790,0,0.9298153034300791,0.953776623642779,0.9614939200926462,0.7828302933796565,0.9901763696252162,0.9994243376445613,0.038346782677476994,0.04227915603987942,0.02044940876099899,0.01908825510891534,0.02044940876099899
18,LogisticRegression,gender_blind,14,0.625,8842,3790,0,0.9261213720316622,0.9518229535339318,0.9593849724398027,0.7756108535668401,0.9901763696252162,0.9994243376445613,0.038346782677476994,0.04295444006492011,0.021259692098785532,0.01908825510891534,0.021259692098785532
18,LogisticRegression,gender_blind,14,0.65,8842,3790,0,0.9242744063324538,0.9508461184795081,0.958327283287353,0.7720929345729695,0.9901763696252162,0.9994243376445613,0.038346782677476994,0.046038140505448744,0.02455536064869135,0.01908825510891534,0.02455536064869135
18,LogisticRegression,gender_blind,14,0.675,8842,3790,0,0.9218997361477572,0.949590187695249,0.9569642337888922,0.7676559060682353,0.9901763696252162,0.9994243376445613,0.038346782677476994,0.04560920472988639,0.024167805774664375,0.01908825510891534,0.024167805774664375
18,LogisticRegression,gender_blind,14,0.7,8842,3790,0,0.9187335092348285,0.947915613316237,0.9551412758520245,0.7618843634162082,0.9901763696252162,0.9994243376445613,0.038346782677476994,0.045403431486204404,0.024036469526763637,0.01908825510891534,0.024036469526763637
18,RandomForestClassifier,gender_blind,14,0.3,8842,3790,0,0.978891820580475,0.854557417542043,0.9888950583009439,0.8880645504270677,0.9671799601176247,0.9967428238996933,0.017591998301074933,0.023921864131694837,0.006418373392502397,0.014260049404895558,0.014260049404895558
18,RandomForestClassifier,gender_blind,14,0.325,8842,3790,0,0.9786279683377309,0.8544178696771253,0.9887546855476884,0.8869502870709265,0.9671799601176247,0.9967428238996933,0.017591998301074933,0.023263969394852757,0.005732972432941019,0.014260049404895558,0.014260049404895558
18,RandomForestClassifier,gender_blind,14,0.35,8842,3790,0,0.9786279683377309,0.8566937807494057,0.9887515622830162,0.8875156228301624,0.9671799601176247,0.9967428238996933,0.017591998301074933,0.02414502666357521,0.006203782225784771,0.021109364473388736,0.021109364473388736
18,RandomForestClassifier,gender_blind,14,0.375,8842,3790,0,0.9775725593667546,0.8584115003620154,0.9881862404447533,0.8837035098327664,0.9671799601176247,0.9967428238996933,0.017591998301074933,0.024591351727335953,0.0062454096851931595,0.02795867954188186,0.02795867954188186
18,RandomForestClassifier,gender_blind,14,0.4,8842,3790,0,0.9775725593667546,0.8652392335788567,0.9881763805814439,0.8853925381168088,0.9671799601176247,0.9967428238996933,0.017591998301074933,0.022840830048690086,0.004189206806509138,0.025263867055917322,0.025263867055917322
18,RandomForestClassifier,gender_blind,14,0.425,8842,3790,0,0.9778364116094986,0.8722065146606155,0.9883073496659243,0.888093068772356,0.9671799601176247,0.9967428238996933,0.017591998301074933,0.022846626478089438,0.003974615639791401,0.022569054569952868,0.022569054569952868
18,RandomForestClassifier,gender_blind,14,0.45,8842,3790,0,0.9773087071240105,0.8719274189307802,0.9880256196045669,0.8859726087972584,0.9671799601176247,0.9967428238996933,0.017591998301074933,0.02372768374681189,0.004916235225478793,0.022569054569952868,0.022569054569952868
18,RandomForestClassifier,gender_blind,14,0.475,8842,3790,0,0.9773087071240105,0.876479241075341,0.9880189467818333,0.8870442992615635,0.9671799601176247,0.9967428238996933,0.017591998301074933,0.023292951541850293,0.0035454333063561494,0.03626768470693917,0.03626768470693917
18,RandomForestClassifier,gender_blind,14,0.5,8842,3790,0,0.9778364116094986,0.8813101589497372,0.9882943143812709,0.8901867611510315,0.9671799601176247,0.9967428238996933,0.017591998301074933,0.024174008810572745,0.0035454333063561494,0.04996631484392547,0.04996631484392547
18,RandomForestClassifier,gender_blind,14,0.525,8842,3790,0,0.9775725593667546,0.8834465221571,0.9881500069705841,0.8896523990626877,0.9671799601176247,0.9967428238996933,0.017591998301074933,0.024397171342453117,0.0033308421396385235,0.05681562991241862,0.05681562991241862
18,RandomForestClassifier,gender_blind,14,0.55,8842,3790,0,0.9775725593667546,0.8834465221571,0.9881500069705841,0.8896523990626877,0.9671799601176247,0.9967428238996933,0.017591998301074933,0.024397171342453117,0.0033308421396385235,0.05681562991241862,0.05681562991241862
18,RandomForestClassifier,gender_blind,14,0.575,8842,3790,0,0.9770448548812665,0.8831674264272645,0.9878678008645935,0.8875769322171378,0.9671799601176247,0.9967428238996933,0.017591998301074933,0.024179805239972096,0.0031162509729207866,0.05681562991241862,0.05681562991241862
18,RandomForestClassifier,gender_blind,14,0.6,8842,3790,0,0.9767810026385224,0.8830278785623469,0.9877266387726639,0.8865462462156002,0.9671799601176247,0.9967428238996933,0.017591998301074933,0.024620333874333378,0.003587060765764538,0.05681562991241862,0.05681562991241862
18,RandomForestClassifier,gender_blind,14,0.625,8842,3790,0,0.9773087071240105,0.887858796436743,0.9880022321428571,0.8896321840325936,0.9671799601176247,0.9967428238996933,0.017591998301074933,0.02550139114305583,0.003587060765764538,0.07051426004940492,0.07051426004940492
18,RandomForestClassifier,gender_blind,14,0.65,8842,3790,0,0.9767810026385224,0.889855611779188,0.9877163595756561,0.8880889490185973,0.9671799601176247,0.9967428238996933,0.017591998301074933,0.026165082309297483,0.003843279391890664,0.07736357511789807,0.07736357511789807
18,RandomForestClassifier,gender_blind,14,0.675,8842,3790,0,0.9770448548812665,0.8922710707163861,0.9878542510121457,0.8896105787434829,0.9671799601176247,0.9967428238996933,0.017591998301074933,0.026605610943658653,0.003843279391890664,0.08421289018639122,0.08421289018639122
18,RandomForestClassifier,gender_blind,14,0.7,8842,3790,0,0.9770448548812665,0.8990988039332274,0.9878440687438871,0.8910851549393195,0.9671799601176247,0.9967428238996933,0.017591998301074933,0.027051936007419508,0.0052557087704216965,0.05827532000898272,0.05827532000898272
19,LogisticRegression,gender_aware,15,0.3,8842,3790,0,0.9646437994722955,0.9380582757277051,0.981046676096181,0.8591507890284826,0.9893539136097595,0.9993067247327436,0.0352822382192452,0.025292436384603656,0.008966661374720242,0.0317937033968517,0.0317937033968517
19,LogisticRegression,gender_aware,15,0.325,8842,3790,0,0.9622691292875989,0.9413541670880068,0.9797364319115771,0.8531569348850429,0.9893539136097595,0.9993067247327436,0.0352822382192452,0.0257950335174284,0.00973494999110569,0.025062137531068757,0.025062137531068757
19,LogisticRegression,gender_aware,15,0.35,8842,3790,0,0.9596306068601583,0.9422345995111105,0.9782824698367637,0.8461505807127744,0.9893539136097595,0.9993067247327436,0.0352822382192452,0.026925377040711518,0.01050323860749125,0.032415078707539347,0.032415078707539347
19,LogisticRegression,gender_aware,15,0.375,8842,3790,0,0.9575197889182058,0.9433941276640496,0.9771144278606965,0.8408507919119996,0.9893539136097595,0.9993067247327436,0.0352822382192452,0.0260624757666178,0.010301124506749137,0.01833057166528583,0.01833057166528583
19,LogisticRegression,gender_aware,15,0.4,8842,3790,0,0.9556728232189974,0.9469691147541868,0.9760820045558086,0.8369618655872568,0.9893539136097595,0.9993067247327436,0.0352822382192452,0.023488915575967995,0.008956778824052991,0.00983844241922121,0.00983844241922121
19,LogisticRegression,gender_aware,15,0.425,8842,3790,0,0.9527704485488127,0.9499859103846533,0.9744614067627336,0.8304881464636785,0.9893539136097595,0.9993067247327436,0.0352822382192452,0.02381893245397415,0.008411006993657932,0.004867439933719971,0.008411006993657932
19,LogisticRegression,gender_aware,15,0.45,8842,3790,0,0.950131926121372,0.9485904317354765,0.9729961423060437,0.8238474687433832,0.9893539136097595,0.9993067247327436,0.0352822382192452,0.025121856232075856,0.009836325833433857,0.004867439933719971,0.009836325833433857
19,LogisticRegression,gender_aware,15,0.475,8842,3790,0,0.946174142480211,0.9487731248339919,0.9707820108851332,0.8148224435696569,0.9893539136097595,0.9993067247327436,0.0352822382192452,0.026362205381360915,0.01074615807873014,0.012220381110190554,0.012220381110190554
19,LogisticRegression,gender_aware,15,0.5,8842,3790,0,0.9440633245382586,0.9499326529869311,0.9695926563396443,0.8104542229066642,0.9893539136097595,0.9993067247327436,0.0352822382192452,0.025499304107267196,0.010544043977988138,0.0018641259320629697,0.010544043977988138
19,LogisticRegression,gender_aware,15,0.525,8842,3790,0,0.941952506596306,0.9488162700675897,0.9684089603676048,0.8056330516123739,0.9893539136097595,0.9993067247327436,0.0352822382192452,0.02589189561409,0.01099896010063628,0.0018641259320629697,0.01099896010063628
19,LogisticRegression,gender_aware,15,0.55,8842,3790,0,0.9379947229551451,0.9467230520938248,0.9661821844869766,0.796878730912268,0.9893539136097595,0.9993067247327436,0.0352822382192452,0.030553562596487116,0.01599251731518525,0.0018641259320629697,0.01599251731518525
19,LogisticRegression,gender_aware,15,0.575,8842,3790,0,0.9358839050131926,0.9478825802467639,0.9649805447470817,0.7929426904702648,0.9893539136097595,0.9993067247327436,0.0352822382192452,0.032939398900686645,0.018074866378351206,0.00548881524440762,0.018074866378351206
19,LogisticRegression,gender_aware,15,0.6,8842,3790,0,0.9356200527704486,0.9522948545264069,0.9648110758580906,0.7935510487649586,0.9893539136097595,0.9993067247327436,0.0352822382192452,0.033049404526688586,0.018388238872088514,0.0012427506213753096,0.018388238872088514
19,LogisticRegression,gender_aware,15,0.625,8842,3790,0,0.9343007915567282,0.953873026274099,0.964053702901689,0.7913683522165413,0.9893539136097595,0.9993067247327436,0.0352822382192452,0.03406974242396965,0.01901498385956324,0.006110190555095277,0.01901498385956324
19,LogisticRegression,gender_aware,15,0.65,8842,3790,0,0.933509234828496,0.953454382679346,0.9636048526863085,0.7897292556114469,0.9893539136097595,0.9993067247327436,0.0352822382192452,0.035435240830888226,0.02047058793525469,0.006110190555095277,0.02047058793525469
19,LogisticRegression,gender_aware,15,0.675,8842,3790,0,0.9313984168865436,0.9523379997600047,0.9624060150375939,0.7854198749886765,0.9893539136097595,0.9993067247327436,0.0352822382192452,0.03582783233771092,0.020925504057902833,0.006110190555095277,0.020925504057902833
19,LogisticRegression,gender_aware,15,0.7,8842,3790,0,0.9303430079155672,0.9540557193726145,0.961794500723589,0.7838823249886602,0.9893539136097595,0.9993067247327436,0.0352822382192452,0.03531009157325482,0.021067047686813778,0.007974316487158245,0.021067047686813778
19,RandomForestClassifier,gender_aware,15,0.3,8842,3790,0,0.983377308707124,0.8796888419684473,0.9912512151090126,0.9125121510901264,0.9801848773259663,0.9981422796315234,0.01383172745301586,0.027391686603400633,0.006792819019893259,0.15420463960231978,0.15420463960231978
19,RandomForestClassifier,gender_aware,15,0.325,8842,3790,0,0.9828496042216359,0.8816856573108924,0.9909684590801723,0.9106278326732454,0.9801848773259663,0.9981422796315234,0.01383172745301586,0.02921235114595866,0.008248423095584712,0.16155758077879037,0.16155758077879037
19,RandomForestClassifier,gender_aware,15,0.35,8842,3790,0,0.9825857519788919,0.8815461094459747,0.99082823790995,0.909476618954975,0.9801848773259663,0.9981422796315234,0.01383172745301586,0.02966751728159811,0.008733624454148492,0.16155758077879037,0.16155758077879037
19,RandomForestClassifier,gender_aware,15,0.375,8842,3790,0,0.9825857519788919,0.8860979315905355,0.9908231368186874,0.9103600220175911,0.9801848773259663,0.9981422796315234,0.01383172745301586,0.031488181824156136,0.009704027171276053,0.17626346313173155,0.17626346313173155
19,RandomForestClassifier,gender_aware,15,0.4,8842,3790,0,0.9823218997361478,0.8905102058701787,0.9906776123556421,0.9100970758979228,0.9801848773259663,0.9981422796315234,0.01383172745301586,0.0326810999762559,0.010017399665013471,0.19096934548467273,0.19096934548467273
19,RandomForestClassifier,gender_aware,15,0.425,8842,3790,0,0.9820580474934036,0.8926465690775414,0.9905345211581291,0.9094086747204787,0.9801848773259663,0.9981422796315234,0.01383172745301586,0.03188077333097894,0.008703339218232853,0.19832228666114332,0.19832228666114332
19,RandomForestClassifier,gender_aware,15,0.45,8842,3790,0,0.9817941952506596,0.8925070212126238,0.9903939857998051,0.9082952296757212,0.9801848773259663,0.9981422796315234,0.01383172745301586,0.03233593946661839,0.009188540576796633,0.19832228666114332,0.19832228666114332
19,RandomForestClassifier,gender_aware,15,0.475,8842,3790,0,0.9823218997361478,0.89733793908702,0.9906698231444089,0.911375011822831,0.9801848773259663,0.9981422796315234,0.01383172745301586,0.03216335921179969,0.009188540576796633,0.1915907207953604,0.1915907207953604
19,RandomForestClassifier,gender_aware,15,0.5,8842,3790,0,0.98311345646438,0.9068602269708945,0.9910813823857302,0.9163327704007859,0.9801848773259663,0.9981422796315234,0.01383172745301586,0.032273364837801743,0.009673741935360414,0.17812758906379453,0.17812758906379453
19,RandomForestClassifier,gender_aware,15,0.525,8842,3790,0,0.983377308707124,0.9092756859080926,0.9912195121951219,0.9178319783197832,0.9801848773259663,0.9981422796315234,0.01383172745301586,0.032728530973441194,0.009673741935360414,0.18548053024026512,0.18548053024026512
19,RandomForestClassifier,gender_aware,15,0.55,8842,3790,0,0.98311345646438,0.9114120491154554,0.9910764082543224,0.9171068315781417,0.9801848773259663,0.9981422796315234,0.01383172745301586,0.033011116854261946,0.010644144652488086,0.17139602319801162,0.17139602319801162
19,RandomForestClassifier,gender_aware,15,0.575,8842,3790,0,0.9828496042216359,0.9112725012505376,0.9909357132896388,0.9160057539553328,0.9801848773259663,0.9981422796315234,0.01383172745301586,0.03346628298990151,0.011129346011051866,0.17139602319801162,0.17139602319801162
19,RandomForestClassifier,gender_aware,15,0.6,8842,3790,0,0.9823218997361478,0.9109934055207023,0.9906542056074766,0.9138185869886531,0.9801848773259663,0.9981422796315234,0.01383172745301586,0.0332937027350827,0.010957517146225393,0.17139602319801162,0.17139602319801162
19,RandomForestClassifier,gender_aware,15,0.625,8842,3790,0,0.9815303430079155,0.9105747619259493,0.9902316494557634,0.9105747619259493,0.9801848773259663,0.9981422796315234,0.01383172745301586,0.03357628861590345,0.0112708896399627,0.17139602319801162,0.17139602319801162
19,RandomForestClassifier,gender_aware,15,0.65,8842,3790,0,0.9807387862796834,0.9147079404757571,0.9898030451180333,0.9082031852668551,0.9801848773259663,0.9981422796315234,0.01383172745301586,0.030264976408793554,0.009127970104965466,0.14322700911350456,0.14322700911350456
19,RandomForestClassifier,gender_aware,15,0.675,8842,3790,0,0.9799472295514512,0.9165652079532844,0.989376572546827,0.9054864083391412,0.9801848773259663,0.9981422796315234,0.01383172745301586,0.03254080708699103,0.011068775539220588,0.15057995028997515,0.15057995028997515
19,RandomForestClassifier,gender_aware,15,0.7,8842,3790,0,0.9786279683377309,0.9158674686286962,0.9886697440201426,0.9003673546086792,0.9801848773259663,0.9981422796315234,0.01383172745301586,0.03265081271299308,0.011210319168131533,0.15057995028997515,0.15057995028997515
19,LogisticRegression,gender_blind,14,0.3,8842,3790,0,0.9654353562005277,0.9407528303947383,0.981473624664121,0.8620531188153611,0.989399081276182,0.9993094046210881,0.0353857013039004,0.018339795092377487,0.0022851007478221774,0.017709196354598167,0.017709196354598167
19,LogisticRegression,gender_blind,14,0.325,8842,3790,0,0.9614775725593667,0.9386596124209734,0.9793083900226758,0.8503412179121013,0.989399081276182,0.9993094046210881,0.0353857013039004,0.02083563702257918,0.00499419479846297,0.017709196354598167,0.017709196354598167
19,LogisticRegression,gender_blind,14,0.35,8842,3790,0,0.9588390501319262,0.9418159559163576,0.97784720249929,0.8439421886102398,0.989399081276182,0.9993094046210881,0.0353857013039004,0.021793400291043485,0.006247684773412199,0.01097763048881524,0.01097763048881524
19,LogisticRegression,gender_blind,14,0.375,8842,3790,0,0.9572559366754617,0.9478064019436928,0.9769559032716928,0.8412052243631192,0.989399081276182,0.9993094046210881,0.0353857013039004,0.01859209370993542,0.0037611075087620183,0.00983844241922121,0.00983844241922121
19,LogisticRegression,gender_blind,14,0.4,8842,3790,0,0.9548812664907652,0.9465504711594338,0.97564449508617,0.8348705480797576,0.989399081276182,0.9993094046210881,0.0353857013039004,0.018356938826299962,0.003558993408019906,0.00983844241922121,0.00983844241922121
19,LogisticRegression,gender_blind,14,0.425,8842,3790,0,0.9519788918205805,0.9450154446453395,0.974037089871612,0.8273694221287884,0.989399081276182,0.9993094046210881,0.0353857013039004,0.017949203687845694,0.0031850504424513204,0.00983844241922121,0.00983844241922121
19,LogisticRegression,gender_blind,14,0.45,8842,3790,0,0.9488126649076517,0.9478926924108882,0.9722619388046897,0.820601959163437,0.989399081276182,0.9993094046210881,0.0353857013039004,0.0187343867014913,0.003124479970620153,0.004867439933719971,0.004867439933719971
19,LogisticRegression,gender_blind,14,0.475,8842,3790,0,0.9456464379947229,0.9484940291041566,0.970487106017192,0.8135768863419293,0.989399081276182,0.9993094046210881,0.0353857013039004,0.019692149969955608,0.004863171304133274,0.009217067108533553,0.009217067108533553
19,LogisticRegression,gender_blind,14,0.5,8842,3790,0,0.9448548812664908,0.950351296581684,0.9700358422939068,0.8122906484196807,0.989399081276182,0.9993094046210881,0.0353857013039004,0.020885068122055372,0.005661745156434361,0.0018641259320629697,0.005661745156434361
19,LogisticRegression,gender_blind,14,0.525,8842,3790,0,0.941952506596306,0.9488162700675897,0.9684089603676048,0.8056330516123739,0.989399081276182,0.9993094046210881,0.0353857013039004,0.023726070561894463,0.0087144969367281,0.0018641259320629697,0.0087144969367281
19,LogisticRegression,gender_blind,14,0.55,8842,3790,0,0.9393139841688655,0.9474207914184131,0.9669255104975554,0.7997566849612378,0.989399081276182,0.9993094046210881,0.0353857013039004,0.026111906866093992,0.011282047358457947,0.0018641259320629697,0.011282047358457947
19,LogisticRegression,gender_blind,14,0.575,8842,3790,0,0.9353562005277045,0.9498793955892089,0.9646719538572458,0.7924134963084679,0.989399081276182,0.9993094046210881,0.0353857013039004,0.0304284133388536,0.016103775708180446,0.0085956917978459,0.016103775708180446
19,LogisticRegression,gender_blind,14,0.6,8842,3790,0,0.9353562005277045,0.9521553066614892,0.9646617625847397,0.7929954871656311,0.989399081276182,0.9993094046210881,0.0353857013039004,0.03133874561013261,0.016588977066744226,0.0012427506213753096,0.016588977066744226
19,LogisticRegression,gender_blind,14,0.625,8842,3790,0,0.9340369393139841,0.9514575673369009,0.9639145496535797,0.7902394834157469,0.989399081276182,0.9993094046210881,0.0353857013039004,0.03253166376223238,0.017872752277609094,0.0012427506213753096,0.017872752277609094
19,LogisticRegression,gender_blind,14,0.65,8842,3790,0,0.9327176781002638,0.9507598280123126,0.96316625740286,0.7875192017607907,0.989399081276182,0.9993094046210881,0.0353857013039004,0.031558756862136605,0.016872064324566005,0.0012427506213753096,0.016872064324566005
19,LogisticRegression,gender_blind,14,0.675,8842,3790,0,0.9319261213720317,0.9548930065621204,0.9626951995373048,0.7870704913349175,0.989399081276182,0.9993094046210881,0.0353857013039004,0.03257909475941778,0.018155839535430873,0.007974316487158245,0.018155839535430873
19,LogisticRegression,gender_blind,14,0.7,8842,3790,0,0.9300791556728232,0.9539161715076967,0.9616442321609495,0.7833556481222035,0.989399081276182,0.9993094046210881,0.0353857013039004,0.033599432656698736,0.019267785881469268,0.007974316487158245,0.019267785881469268
19,RandomForestClassifier,gender_blind,14,0.3,8842,3790,0,0.9812664907651715,0.8626410815431432,0.9901484667684196,0.8998999706496253,0.9732095065129077,0.997283291776262,0.014947915936571429,0.024660689789563595,0.0049935572145489715,0.14560894780447392,0.14560894780447392
19,RandomForestClassifier,gender_blind,14,0.325,8842,3790,0,0.9807387862796834,0.8623619858133078,0.9898681471200556,0.8976007402266944,0.9732095065129077,0.997283291776262,0.014947915936571429,0.024488109534744784,0.004821728349722387,0.14560894780447392,0.14560894780447392
19,RandomForestClassifier,gender_blind,14,0.35,8842,3790,0,0.9810026385224274,0.8716051779673472,0.9899972214504029,0.9007577730288664,0.9732095065129077,0.997283291776262,0.014947915936571429,0.02550844743202585,0.0051351008434596945,0.15358326429163213,0.15358326429163213
19,RandomForestClassifier,gender_blind,14,0.375,8842,3790,0,0.9810026385224274,0.8761570001119079,0.9899916597164303,0.901731581153552,0.9732095065129077,0.997283291776262,0.014947915936571429,0.02624619944848605,0.006105503560587366,0.14685169842584922,0.14685169842584922
19,RandomForestClassifier,gender_blind,14,0.4,8842,3790,0,0.9804749340369393,0.878153815454353,0.9897079276773296,0.8999821689668699,0.9732095065129077,0.997283291776262,0.014947915936571429,0.028066863991044078,0.007561107636278708,0.15420463960231978,0.15420463960231978
19,RandomForestClassifier,gender_blind,14,0.425,8842,3790,0,0.9812664907651715,0.889952014410508,0.9901155506055965,0.9056371203909594,0.9732095065129077,0.997283291776262,0.014947915936571429,0.02800428936222732,0.0062470471894982005,0.16953189726594864,0.16953189726594864
19,RandomForestClassifier,gender_blind,14,0.45,8842,3790,0,0.9817941952506596,0.8947829322849041,0.9903913104024509,0.9087294897876916,0.9732095065129077,0.997283291776262,0.014947915936571429,0.026748796581310796,0.0062470471894982005,0.14136288318144158,0.14136288318144158
19,RandomForestClassifier,gender_blind,14,0.475,8842,3790,0,0.9817941952506596,0.8947829322849041,0.9903913104024509,0.9087294897876916,0.9732095065129077,0.997283291776262,0.014947915936571429,0.026748796581310796,0.0062470471894982005,0.14136288318144158,0.14136288318144158
19,RandomForestClassifier,gender_blind,14,0.5,8842,3790,0,0.9815303430079155,0.8946433844199865,0.9902506963788301,0.907625348189415,0.9732095065129077,0.997283291776262,0.014947915936571429,0.026121050190852535,0.005590016966107947,0.14136288318144158,0.14136288318144158
19,RandomForestClassifier,gender_blind,14,0.525,8842,3790,0,0.9812664907651715,0.8990556586996297,0.9901045296167248,0.907397943820708,0.9732095065129077,0.997283291776262,0.014947915936571429,0.0273139683429523,0.005903389459845254,0.15606876553438276,0.15606876553438276
19,RandomForestClassifier,gender_blind,14,0.55,8842,3790,0,0.9810026385224274,0.8989161108347119,0.9899637580150543,0.906311928268611,0.9732095065129077,0.997283291776262,0.014947915936571429,0.026686221952494038,0.0052463592364550005,0.15606876553438276,0.15606876553438276
19,RandomForestClassifier,gender_blind,14,0.575,8842,3790,0,0.9804749340369393,0.9009129261771571,0.9896792189679219,0.9045957070449365,0.9732095065129077,0.997283291776262,0.014947915936571429,0.02634106144285664,0.005559731730192308,0.14198425849212926,0.14198425849212926
19,RandomForestClassifier,gender_blind,14,0.6,8842,3790,0,0.9799472295514512,0.9006338304473217,0.9893973214285714,0.9024656510055478,0.9732095065129077,0.997283291776262,0.014947915936571429,0.027251393714135763,0.00653013444731998,0.14198425849212926,0.14198425849212926
19,RandomForestClassifier,gender_blind,14,0.625,8842,3790,0,0.9796833773087071,0.9027701936546844,0.9892533147243545,0.9018555730248279,0.9732095065129077,0.997283291776262,0.014947915936571429,0.02645106706885869,0.006358305582493506,0.1278997514498757,0.1278997514498757
19,RandomForestClassifier,gender_blind,14,0.65,8842,3790,0,0.978891820580475,0.9046274611322118,0.9888268156424581,0.8991753125831339,0.9732095065129077,0.997283291776262,0.014947915936571429,0.024395247642665208,0.004872416270886415,0.1138152444076222,0.1138152444076222
19,RandomForestClassifier,gender_blind,14,0.675,8842,3790,0,0.9783641160949869,0.9089001875469374,0.988537880905787,0.8980248089974945,0.9732095065129077,0.997283291776262,0.014947915936571429,0.027126244456502246,0.006813221705141648,0.12852112676056338,0.12852112676056338
19,RandomForestClassifier,gender_blind,14,0.7,8842,3790,0,0.9775725593667546,0.9084815439521843,0.9881135505523703,0.8949891762085861,0.9732095065129077,0.997283291776262,0.014947915936571429,0.027408830337322998,0.007126594198878955,0.12852112676056338,0.12852112676056338
20,LogisticRegression,gender_aware,15,0.3,8842,3790,0,0.9583113456464379,0.9483645934033635,0.9775376741541086,0.8440801923884096,0.9924785723242202,0.9995595290002861,0.041681540103904416,0.028887879880212908,0.013121373429049732,0.03623188405797101,0.03623188405797101
20,LogisticRegression,gender_aware,15,0.325,8842,3790,0,0.9569920844327177,0.9499427651510555,0.9768037569375266,0.8410239399515843,0.9924785723242202,0.9995595290002861,0.041681540103904416,0.029804075162673693,0.01480265913100176,0.021739130434782608,0.021739130434782608
20,LogisticRegression,gender_aware,15,0.35,8842,3790,0,0.9532981530343008,0.9525409171867689,0.9747467541732059,0.8323821336540285,0.9924785723242202,0.9995595290002861,0.041681540103904416,0.02684290428127778,0.010821565299861002,0.036231884057971016,0.036231884057971016
20,LogisticRegression,gender_aware,15,0.375,8842,3790,0,0.9514511873350924,0.9561159042769061,0.9737067733638183,0.8287777853073387,0.9924785723242202,0.9995595290002861,0.041681540103904416,0.026249630286897307,0.011612114277172791,0.0072463768115942,0.011612114277172791
20,LogisticRegression,gender_aware,15,0.4,8842,3790,0,0.9490765171503958,0.9548599734926471,0.9723851767062527,0.8229100164411127,0.9924785723242202,0.9995595290002861,0.041681540103904416,0.023674347456373868,0.008939904103252072,0.0072463768115942,0.008939904103252072
20,LogisticRegression,gender_aware,15,0.425,8842,3790,0,0.9469656992084433,0.9537435905733058,0.9712075633863343,0.8178241489719651,0.9924785723242202,0.9995595290002861,0.041681540103904416,0.023939501072167912,0.00925786328850331,0.0072463768115942,0.00925786328850331
20,LogisticRegression,gender_aware,15,0.45,8842,3790,0,0.9437994722955145,0.9543449272665742,0.9694273001291804,0.8109779241265804,0.9924785723242202,0.9995595290002861,0.041681540103904416,0.021393102077787662,0.006167506182002791,0.014492753623188404,0.014492753623188404
20,LogisticRegression,gender_aware,15,0.475,8842,3790,0,0.9398416886543536,0.9545276203650896,0.9671942446043166,0.8026447413497773,0.9924785723242202,0.9995595290002861,0.041681540103904416,0.021272367642709233,0.006803424552505488,0.0,0.006803424552505488
20,LogisticRegression,gender_aware,15,0.5,8842,3790,0,0.9379947229551451,0.953550785310666,0.9661529598156416,0.7986180811637078,0.9924785723242202,0.9995595290002861,0.041681540103904416,0.02218856292517013,0.007803046996107121,0.0,0.007803046996107121
20,LogisticRegression,gender_aware,15,0.525,8842,3790,0,0.9356200527704486,0.9522948545264069,0.9648110758580906,0.7935510487649586,0.9924785723242202,0.9995595290002861,0.041681540103904416,0.02618146443359959,0.01205635512465153,0.0,0.01205635512465153
20,LogisticRegression,gender_aware,15,0.55,8842,3790,0,0.9321899736147757,0.9527566433547576,0.9628559040323746,0.7870255314413008,0.9924785723242202,0.9995595290002861,0.041681540103904416,0.026268115942029047,0.011747093911033235,0.007246376811594204,0.011747093911033235
20,LogisticRegression,gender_aware,15,0.575,8842,3790,0,0.9295514511873351,0.951361164705581,0.9613547546678246,0.7817205964099183,0.9924785723242202,0.9995595290002861,0.041681540103904416,0.027420581004140798,0.013010232680405576,0.007246376811594204,0.013010232680405576
20,LogisticRegression,gender_aware,15,0.6,8842,3790,0,0.9266490765171504,0.9521020492637671,0.9596867749419954,0.7766270132019919,0.9924785723242202,0.9995595290002861,0.041681540103904416,0.025525223676427067,0.010601538832255453,0.014492753623188406,0.014492753623188406
20,LogisticRegression,gender_aware,15,0.625,8842,3790,0,0.9240105540897098,0.9529824816868708,0.9581638582219639,0.772185377386844,0.9924785723242202,0.9995595290002861,0.041681540103904416,0.02537560540520556,0.01002876129286645,0.021739130434782608,0.021739130434782608
20,LogisticRegression,gender_aware,15,0.65,8842,3790,0,0.9216358839050132,0.9540024619748921,0.956787429070275,0.7683512817204274,0.9924785723242202,0.9995595290002861,0.041681540103904416,0.028066423580301647,0.013600406163060463,0.007246376811594203,0.013600406163060463
20,LogisticRegression,gender_aware,15,0.675,8842,3790,0,0.9184696569920844,0.9546037986681606,0.9549497011226126,0.763189136275592,0.9924785723242202,0.9995595290002861,0.041681540103904416,0.030993511535048812,0.016281314308614347,0.014492753623188406,0.016281314308614347
20,LogisticRegression,gender_aware,15,0.7,8842,3790,0,0.9158311345646438,0.9532083200189838,0.9534238574974448,0.758517674302758,0.9924785723242202,0.9995595290002861,0.041681540103904416,0.029956581817509598,0.015235946977164905,0.014492753623188406,0.015235946977164905
20,RandomForestClassifier,gender_aware,15,0.3,8842,3790,0,0.9815303430079155,0.8718842736971825,0.9902777777777778,0.9030336257309941,0.9891415581631455,0.999170254226456,0.01389197137551364,0.02311226800502808,0.0038896040554453615,0.14492753623188404,0.14492753623188404
20,RandomForestClassifier,gender_aware,15,0.325,8842,3790,0,0.9810026385224274,0.8716051779673472,0.9899972214504029,0.9007577730288664,0.9891415581631455,0.999170254226456,0.01389197137551364,0.022904882061520193,0.0036805305891555173,0.14492753623188404,0.14492753623188404
20,RandomForestClassifier,gender_aware,15,0.35,8842,3790,0,0.9817941952506596,0.8811274658512218,0.9904073404699013,0.9060563834132452,0.9891415581631455,0.999170254226456,0.01389197137551364,0.024028463287488866,0.0029988673308051217,0.17391304347826086,0.17391304347826086
20,RandomForestClassifier,gender_aware,15,0.375,8842,3790,0,0.9825857519788919,0.888373842662816,0.9908205841446454,0.9107949074569381,0.9891415581631455,0.999170254226456,0.01389197137551364,0.024264733067139943,0.0029988673308051217,0.17391304347826086,0.17391304347826086
20,RandomForestClassifier,gender_aware,15,0.4,8842,3790,0,0.98311345646438,0.9045843158986141,0.9910838673725272,0.9159399436365123,0.9891415581631455,0.999170254226456,0.01389197137551364,0.024115114795918324,0.00420756324069671,0.13768115942028986,0.13768115942028986
20,RandomForestClassifier,gender_aware,15,0.425,8842,3790,0,0.9817941952506596,0.910714309790867,0.9903725408120553,0.9116511614471898,0.9891415581631455,0.999170254226456,0.01389197137551364,0.023521840801537963,0.0022170163251262753,0.15942028985507245,0.15942028985507245
20,RandomForestClassifier,gender_aware,15,0.45,8842,3790,0,0.9817941952506596,0.9129902208631474,0.9903698534542917,0.9120523966066639,0.9891415581631455,0.999170254226456,0.01389197137551364,0.02440915224785567,0.002689606117186827,0.16666666666666669,0.16666666666666669
20,RandomForestClassifier,gender_aware,15,0.475,8842,3790,0,0.9812664907651715,0.912711125133312,0.9900879519754293,0.9099120815033022,0.9891415581631455,0.999170254226456,0.01389197137551364,0.025296463694173266,0.003634785701307708,0.16666666666666669,0.16666666666666669
20,RandomForestClassifier,gender_aware,15,0.5,8842,3790,0,0.9815303430079155,0.9151265840705101,0.9902261938006144,0.9113810394840393,0.9891415581631455,0.999170254226456,0.01389197137551364,0.024645422027506636,0.003634785701307708,0.15217391304347827,0.15217391304347827
20,RandomForestClassifier,gender_aware,15,0.525,8842,3790,0,0.9807387862796834,0.9169838515480375,0.9898001956126868,0.9086116817306933,0.9891415581631455,0.999170254226456,0.01389197137551364,0.026863700643300792,0.005525144869549692,0.15942028985507245,0.15942028985507245
20,RandomForestClassifier,gender_aware,15,0.55,8842,3790,0,0.9802110817941952,0.9167047558182022,0.989517819706499,0.9065236157356025,0.9891415581631455,0.999170254226456,0.01389197137551364,0.026656314699793016,0.005316071403259848,0.15942028985507245,0.15942028985507245
20,RandomForestClassifier,gender_aware,15,0.575,8842,3790,0,0.9794195250659631,0.9162861122234491,0.9890939597315436,0.903425484538669,0.9891415581631455,0.999170254226456,0.01389197137551364,0.02689258447944387,0.005579587729030555,0.15942028985507245,0.15942028985507245
20,RandomForestClassifier,gender_aware,15,0.6,8842,3790,0,0.9794195250659631,0.92083793436801,0.9890878567431449,0.9042661505937947,0.9891415581631455,0.999170254226456,0.01389197137551364,0.0275725099822538,0.0053705142627406,0.17391304347826086,0.17391304347826086
20,RandomForestClassifier,gender_aware,15,0.625,8842,3790,0,0.979155672823219,0.9206983865030923,0.9889464110815727,0.9032491870650358,0.9891415581631455,0.999170254226456,0.01389197137551364,0.02692146831558717,0.004688851004390204,0.17391304347826086,0.17391304347826086
20,RandomForestClassifier,gender_aware,15,0.65,8842,3790,0,0.979155672823219,0.9229742975753727,0.9889433170048986,0.9036670608012999,0.9891415581631455,0.999170254226456,0.01389197137551364,0.027808779761904767,0.005161440796450756,0.18115942028985507,0.18115942028985507
20,RandomForestClassifier,gender_aware,15,0.675,8842,3790,0,0.9794195250659631,0.932217489729412,0.989072569347156,0.9063009905559309,0.9891415581631455,0.999170254226456,0.01389197137551364,0.026535580264714587,0.005424957122221352,0.14492753623188404,0.14492753623188404
20,RandomForestClassifier,gender_aware,15,0.7,8842,3790,0,0.9794195250659631,0.9367693118739727,0.9890664423885618,0.90708927500594,0.9891415581631455,0.999170254226456,0.01389197137551364,0.027215505767524406,0.006370136706342233,0.13768115942028986,0.13768115942028986
20,LogisticRegression,gender_blind,14,0.3,8842,3790,0,0.9591029023746702,0.9510591480703968,0.9779673063255153,0.8467818183003724,0.9925041898066689,0.9995609207886295,0.04167927150069002,0.02625482937740309,0.011021940794517793,0.021739130434782608,0.021739130434782608
20,LogisticRegression,gender_blind,14,0.325,8842,3790,0,0.9567282321899736,0.9498032172861378,0.9766581269570168,0.8403146230452954,0.9925041898066689,0.9995609207886295,0.04167927150069002,0.023679546546879537,0.008349730620597073,0.021739130434782608,0.021739130434782608
20,LogisticRegression,gender_blind,14,0.35,8842,3790,0,0.954353562005277,0.9553750197187201,0.9753244900870062,0.8356411554125716,0.9925041898066689,0.9995609207886295,0.04167927150069002,0.022671500665483624,0.008249542873268623,0.0,0.008249542873268623
20,LogisticRegression,gender_blind,14,0.375,8842,3790,0,0.9517150395778364,0.9562554521418238,0.9738534076296613,0.8294396125927996,0.9925041898066689,0.9995609207886295,0.04167927150069002,0.021427185004436522,0.006522512283468784,0.0072463768115942,0.0072463768115942
20,LogisticRegression,gender_blind,14,0.4,8842,3790,0,0.9485488126649076,0.9545808777628118,0.9720910261914985,0.8216273006168284,0.9925041898066689,0.9995609207886295,0.04167927150069002,0.02018286934338953,0.0052680714857294975,0.0072463768115942,0.0072463768115942
20,LogisticRegression,gender_blind,14,0.425,8842,3790,0,0.9453825857519789,0.9529063033837998,0.9703225806451613,0.8140869101572914,0.9925041898066689,0.9995609207886295,0.04167927150069002,0.016749158902691463,0.0017051245871685383,0.0072463768115942,0.0072463768115942
20,LogisticRegression,gender_blind,14,0.45,8842,3790,0,0.9435356200527705,0.9542053794016565,0.9692793568762561,0.8103725774609294,0.9925041898066689,0.9995609207886295,0.04167927150069002,0.01636327085181899,0.002023083772419887,0.007246376811594204,0.007246376811594204
20,LogisticRegression,gender_blind,14,0.475,8842,3790,0,0.9411609498680739,0.9552253596896779,0.9679367361610353,0.8055683680805177,0.9925041898066689,0.9995609207886295,0.04167927150069002,0.017959391637089595,0.0032862225417921165,0.0,0.0032862225417921165
20,LogisticRegression,gender_blind,14,0.5,8842,3790,0,0.9390501319261214,0.9541089767703366,0.9667482366489132,0.8009096633481533,0.9925041898066689,0.9995609207886295,0.04167927150069002,0.020413940032534827,0.005912687827865137,0.0,0.005912687827865137
20,LogisticRegression,gender_blind,14,0.525,8842,3790,0,0.9358839050131926,0.9524344023913245,0.9649603460706561,0.7941080800120722,0.9925041898066689,0.9995609207886295,0.04167927150069002,0.021359019151138692,0.006966753130947634,0.0,0.006966753130947634
20,LogisticRegression,gender_blind,14,0.55,8842,3790,0,0.9327176781002638,0.9507598280123126,0.96316625740286,0.7875192017607907,0.9925041898066689,0.9995609207886295,0.04167927150069002,0.021209400879917184,0.006866565383619183,0.0,0.006866565383619183
20,LogisticRegression,gender_blind,14,0.575,8842,3790,0,0.9287598944591029,0.950942521110828,0.9609035621198957,0.7801550451549033,0.9925041898066689,0.9995609207886295,0.04167927150069002,0.019993969055013272,0.005193977653300097,0.007246376811594204,0.007246376811594204
20,LogisticRegression,gender_blind,14,0.6,8842,3790,0,0.9261213720316622,0.9495470424616512,0.9593967517401392,0.7750200132969702,0.9925041898066689,0.9995609207886295,0.04167927150069002,0.021146434117125135,0.006457116422672438,0.007246376811594204,0.007246376811594204
20,LogisticRegression,gender_blind,14,0.625,8842,3790,0,0.925065963060686,0.9558165842188218,0.9587568980540226,0.7747674980183659,0.9925041898066689,0.9995609207886295,0.04167927150069002,0.022298899179236886,0.007456738866274071,0.007246376811594203,0.007456738866274071
20,LogisticRegression,gender_blind,14,0.65,8842,3790,0,0.9221635883905013,0.9565574687770079,0.9570784228139095,0.7699112057492461,0.9925041898066689,0.9995609207886295,0.04167927150069002,0.023687634020999715,0.008510804169356567,0.014492753623188406,0.014492753623188406
20,LogisticRegression,gender_blind,14,0.675,8842,3790,0,0.9187335092348285,0.9547433465330782,0.9551020408163265,0.7636621315192744,0.9925041898066689,0.9995609207886295,0.04167927150069002,0.025076368862762433,0.010037459264499504,0.014492753623188406,0.014492753623188406
20,LogisticRegression,gender_blind,14,0.7,8842,3790,0,0.916622691292876,0.9536269636137369,0.9538820782253357,0.7599080720797008,0.9925041898066689,0.9995609207886295,0.04167927150069002,0.026436219868382183,0.011509671500161689,0.014492753623188406,0.014492753623188406
20,RandomForestClassifier,gender_blind,14,0.3,8842,3790,0,0.9799472295514512,0.8824265418690784,0.9894209354120267,0.8987508717464174,0.9843888410246453,0.9985785883020408,0.015187956452518898,0.021453180456965426,0.0033168265160564703,0.11594202898550726,0.11594202898550726
20,RandomForestClassifier,gender_blind,14,0.325,8842,3790,0,0.9802110817941952,0.8893938229508374,0.9895528625156708,0.9012602217815262,0.9843888410246453,0.9985785883020408,0.015187956452518898,0.0225767616829341,0.004262006100177462,0.11594202898550726,0.11594202898550726
20,RandomForestClassifier,gender_blind,14,0.35,8842,3790,0,0.9799472295514512,0.8892542750859197,0.989412092504876,0.9001786830683585,0.9843888410246453,0.9985785883020408,0.015187956452518898,0.023020417406092952,0.004734595892238014,0.11594202898550726,0.11594202898550726
20,RandomForestClassifier,gender_blind,14,0.375,8842,3790,0,0.9810026385224274,0.8989161108347119,0.9899637580150543,0.906311928268611,0.9843888410246453,0.9985785883020408,0.015187956452518898,0.02370034290890266,0.004734595892238014,0.12318840579710144,0.12318840579710144
20,RandomForestClassifier,gender_blind,14,0.4,8842,3790,0,0.9802110817941952,0.9053252004568002,0.9895324494068388,0.9044047789202869,0.9843888410246453,0.9985785883020408,0.015187956452518898,0.02112506007837911,0.002953122442957312,0.10144927536231885,0.10144927536231885
20,RandomForestClassifier,gender_blind,14,0.425,8842,3790,0,0.9796833773087071,0.9095979268715256,0.9892443078642269,0.9031732228157239,0.9843888410246453,0.9985785883020408,0.015187956452518898,0.019408204858030187,0.0013807224599667878,0.09420289855072464,0.09420289855072464
20,RandomForestClassifier,gender_blind,14,0.45,8842,3790,0,0.9799472295514512,0.918841119025565,0.9893736017897091,0.9059017541658826,0.9843888410246453,0.9985785883020408,0.015187956452518898,0.020324400140490972,0.0016442387857373841,0.10144927536231883,0.10144927536231883
20,RandomForestClassifier,gender_blind,14,0.475,8842,3790,0,0.9796833773087071,0.9232533933052081,0.9892262487757101,0.9056985747342754,0.9843888410246453,0.9985785883020408,0.015187956452518898,0.02254267875628513,0.0030620081619188166,0.11594202898550723,0.11594202898550723
20,RandomForestClassifier,gender_blind,14,0.5,8842,3790,0,0.979155672823219,0.9229742975753727,0.9889433170048986,0.9036670608012999,0.9843888410246453,0.9985785883020408,0.015187956452518898,0.02124059542295187,0.0016986816452181364,0.11594202898550723,0.11594202898550723
20,RandomForestClassifier,gender_blind,14,0.525,8842,3790,0,0.978891820580475,0.922834749710455,0.9888017917133258,0.9026577765906079,0.9843888410246453,0.9985785883020408,0.015187956452518898,0.02058955375628513,0.0010170183868677407,0.11594202898550723,0.11594202898550723
20,RandomForestClassifier,gender_blind,14,0.55,8842,3790,0,0.9783641160949869,0.9248315650529001,0.988515406162465,0.9010758848994143,0.9843888410246453,0.9985785883020408,0.015187956452518898,0.020174781869269465,0.001280534712638337,0.10144927536231885,0.10144927536231885
20,RandomForestClassifier,gender_blind,14,0.575,8842,3790,0,0.9783641160949869,0.9271074761251805,0.9885121882880359,0.9014959131485428,0.9843888410246453,0.9985785883020408,0.015187956452518898,0.02106209331558717,0.0017531245046988886,0.10869565217391305,0.10869565217391305
20,RandomForestClassifier,gender_blind,14,0.6,8842,3790,0,0.9786279683377309,0.9295229350623786,0.9886506935687264,0.9029032248882006,0.9843888410246453,0.9985785883020408,0.015187956452518898,0.021505749038746025,0.0017531245046988886,0.11594202898550726,0.11594202898550726
20,RandomForestClassifier,gender_blind,14,0.625,8842,3790,0,0.9778364116094986,0.9291042914676255,0.9882253994953742,0.8999422961602432,0.9843888410246453,0.9985785883020408,0.015187956452518898,0.020647321428571397,0.0008623877800585378,0.11594202898550726,0.11594202898550726
20,RandomForestClassifier,gender_blind,14,0.65,8842,3790,0,0.9781002638522427,0.9315197504048236,0.9883639422402916,0.9013408078091838,0.9843888410246453,0.9985785883020408,0.015187956452518898,0.019996279761904767,0.0008623877800585378,0.10144927536231885,0.10144927536231885
20,RandomForestClassifier,gender_blind,14,0.675,8842,3790,0,0.9775725593667546,0.9335165657472687,0.9880768691261046,0.8998034013036288,0.9843888410246453,0.9985785883020408,0.015187956452518898,0.020676205264714587,0.0011259041058291341,0.10869565217391305,0.10869565217391305
20,RandomForestClassifier,gender_blind,14,0.7,8842,3790,0,0.9770448548812665,0.9332374700174334,0.9877929002385295,0.8978699600530395,0.9843888410246453,0.9985785883020408,0.015187956452518898,0.0204688193212067,0.00091683063953929,0.10869565217391305,0.10869565217391305
21,LogisticRegression,gender_aware,15,0.3,8842,3790,0,0.9596306068601583,0.9399586884388302,0.9782886334610472,0.8456171122277094,0.9916291505377648,0.999501385224491,0.038899998209212375,0.027698441318718903,0.004376590825189042,0.0056699838000462965,0.0056699838000462965
21,LogisticRegression,gender_aware,15,0.325,8842,3790,0,0.9564643799472295,0.9451118472766593,0.9765258215962441,0.8385351431030222,0.9916291505377648,0.999501385224491,0.038899998209212375,0.02784047565202641,0.005584484556447111,0.02210136542467022,0.02210136542467022
21,LogisticRegression,gender_aware,15,0.35,8842,3790,0,0.9530343007915567,0.9432977250327297,0.9746294184720639,0.8295132907963156,0.9916291505377648,0.999501385224491,0.038899998209212375,0.02690124451763487,0.00469750843582617,0.02210136542467022,0.02210136542467022
21,LogisticRegression,gender_aware,15,0.375,8842,3790,0,0.9517150395778364,0.9494277189249826,0.9738758029978587,0.8278074667163207,0.9916291505377648,0.999501385224491,0.038899998209212375,0.02508826939023323,0.0014740837170743593,0.0019671372367507517,0.0019671372367507517
21,LogisticRegression,gender_aware,15,0.4,8842,3790,0,0.950131926121372,0.9508663428077571,0.9729884236101186,0.824401587448284,0.9916291505377648,0.999501385224491,0.038899998209212375,0.025273961817794954,0.001264240516577031,0.0047442721592224,0.0047442721592224
21,LogisticRegression,gender_aware,15,0.425,8842,3790,0,0.9474934036939314,0.9494708641585803,0.9715185344210677,0.8179683734499943,0.9916291505377648,0.999501385224491,0.038899998209212375,0.02633339823836678,0.002456266474958002,0.0047442721592224,0.0047442721592224
21,LogisticRegression,gender_aware,15,0.45,8842,3790,0,0.9456464379947229,0.9507699401764371,0.9704786471768415,0.8141429780734706,0.9916291505377648,0.999501385224491,0.038899998209212375,0.026955962662433608,0.0027137129940868476,0.011455681555195558,0.011455681555195558
21,LogisticRegression,gender_aware,15,0.475,8842,3790,0,0.9424802110817943,0.949095365797425,0.9687051392477749,0.8068281396564607,0.9916291505377648,0.999501385224491,0.038899998209212375,0.026682954046363228,0.0025197375664666177,0.011455681555195558,0.011455681555195558
21,LogisticRegression,gender_aware,15,0.5,8842,3790,0,0.9414248021108179,0.9485371743377544,0.9681126113185866,0.8044446551738564,0.9916291505377648,0.999501385224491,0.038899998209212375,0.02512115848790486,0.0009080252070906569,0.011455681555195558,0.011455681555195558
21,LogisticRegression,gender_aware,15,0.525,8842,3790,0,0.9398416886543536,0.9499757982205288,0.9672131147540983,0.8014979311789661,0.9916291505377648,0.999501385224491,0.038899998209212375,0.023100661885814278,0.00046210840603366776,0.005785697755149269,0.005785697755149269
21,LogisticRegression,gender_aware,15,0.55,8842,3790,0,0.9364116094986807,0.9504375870488795,0.9652687707162415,0.7946468658573407,0.9916291505377648,0.999501385224491,0.038899998209212375,0.02744755280373734,0.003759366843478995,0.0009257116408238827,0.003759366843478995
21,LogisticRegression,gender_aware,15,0.575,8842,3790,0,0.9343007915567282,0.9493212041295381,0.9640744481315827,0.7902036339271165,0.9916291505377648,0.999501385224491,0.038899998209212375,0.028736339746125328,0.005177103775234615,0.0009257116408238827,0.005177103775234615
21,LogisticRegression,gender_aware,15,0.6,8842,3790,0,0.9311345646437995,0.9544743629673673,0.9622450455663243,0.7854703488701187,0.9916291505377648,0.999501385224491,0.038899998209212375,0.028878374079432723,0.004064416681239136,0.021059939828743345,0.021059939828743345
21,LogisticRegression,gender_aware,15,0.625,8842,3790,0,0.9287598944591029,0.9532184321831083,0.9608922363847046,0.7807419761805179,0.9916291505377648,0.999501385224491,0.038899998209212375,0.02950093850349944,0.004789152919994044,0.021059939828743345,0.021059939828743345
21,LogisticRegression,gender_aware,15,0.65,8842,3790,0,0.9277044854881267,0.9526602407234377,0.9602898550724638,0.7786743393009378,0.9916291505377648,0.999501385224491,0.038899998209212375,0.03014533197469349,0.005498021385871854,0.021059939828743345,0.021059939828743345
21,LogisticRegression,gender_aware,15,0.675,8842,3790,0,0.9226912928759895,0.9500088312900021,0.9574189797994478,0.7691243682974349,0.9916291505377648,0.999501385224491,0.038899998209212375,0.032930427334158185,0.00857507399563473,0.021059939828743345,0.021059939828743345
21,LogisticRegression,gender_aware,15,0.7,8842,3790,0,0.9200527704485488,0.9486133526408254,0.9559016154853733,0.7642695665579193,0.9916291505377648,0.999501385224491,0.038899998209212375,0.03509295826955616,0.010927390366642808,0.021059939828743345,0.021059939828743345
21,RandomForestClassifier,gender_aware,15,0.3,8842,3790,0,0.983377308707124,0.8774129308961669,0.9912536443148688,0.9120724454996094,0.9900590685213725,0.9993883984071017,0.014894694415484445,0.024628986238677708,0.0025938951172596036,0.047674149502429986,0.047674149502429986
21,RandomForestClassifier,gender_aware,15,0.325,8842,3790,0,0.98311345646438,0.8795492941035297,0.9911111111111112,0.9113450292397661,0.9900590685213725,0.9993883984071017,0.014894694415484445,0.02483650771336654,0.002368184143885066,0.05438555889840313,0.05438555889840313
21,RandomForestClassifier,gender_aware,15,0.35,8842,3790,0,0.9823218997361478,0.8836824726533374,0.990685388572223,0.9087793867925714,0.9900590685213725,0.9993883984071017,0.014894694415484445,0.025688422659249532,0.0023840519167621643,0.06780837769034945,0.06780837769034945
21,RandomForestClassifier,gender_aware,15,0.375,8842,3790,0,0.9823218997361478,0.8905102058701787,0.9906776123556421,0.9100970758979228,0.9900590685213725,0.9993883984071017,0.014894694415484445,0.02720656012345346,0.0026256306630138004,0.08794260587826891,0.08794260587826891
21,RandomForestClassifier,gender_aware,15,0.4,8842,3790,0,0.9820580474934036,0.8926465690775414,0.9905345211581291,0.9094086747204787,0.9900590685213725,0.9993883984071017,0.014894694415484445,0.028517176112968556,0.003560210102266148,0.09465401527424208,0.09465401527424208
21,RandomForestClassifier,gender_aware,15,0.425,8842,3790,0,0.9807387862796834,0.8942247408252335,0.9898286192002229,0.9043435899971337,0.9900590685213725,0.9993883984071017,0.014894694415484445,0.029369091058851438,0.005203658007396306,0.07741263596389727,0.07741263596389727
21,RandomForestClassifier,gender_aware,15,0.45,8842,3790,0,0.9799472295514512,0.8983579193750413,0.9894002789400279,0.9020172126407456,0.9900590685213725,0.9993883984071017,0.014894694415484445,0.032427195034386624,0.007540106605527175,0.09083545475584356,0.09083545475584356
21,RandomForestClassifier,gender_aware,15,0.475,8842,3790,0,0.9794195250659631,0.9026306457897668,0.9891122278056952,0.9008061139028476,0.9900590685213725,0.9993883984071017,0.014894694415484445,0.0328422379837644,0.008248975071404985,0.0803054848414719,0.0803054848414719
21,RandomForestClassifier,gender_aware,15,0.5,8842,3790,0,0.9794195250659631,0.9026306457897668,0.9891122278056952,0.9008061139028476,0.9900590685213725,0.9993883984071017,0.014894694415484445,0.0328422379837644,0.008248975071404985,0.0803054848414719,0.0803054848414719
21,RandomForestClassifier,gender_aware,15,0.525,8842,3790,0,0.978891820580475,0.9046274611322118,0.9888268156424581,0.8991753125831339,0.9900590685213725,0.9993883984071017,0.014894694415484445,0.03128044242530603,0.00616997299240285,0.08701689423744505,0.08701689423744505
21,RandomForestClassifier,gender_aware,15,0.55,8842,3790,0,0.9778364116094986,0.908621091817102,0.988255033557047,0.8959966756570281,0.9900590685213725,0.9993883984071017,0.014894694415484445,0.030363040338041714,0.004332549659652463,0.10043971302939136,0.10043971302939136
21,RandomForestClassifier,gender_aware,15,0.575,8842,3790,0,0.9770448548812665,0.9104783592946294,0.9878270603050231,0.8934516363880773,0.9900590685213725,0.9993883984071017,0.014894694415484445,0.03144430580574065,0.006201708538157158,0.08319833371904653,0.08319833371904653
21,RandomForestClassifier,gender_aware,15,0.6,8842,3790,0,0.9770448548812665,0.9150301814391901,0.9878202435951281,0.8943677877014542,0.9900590685213725,0.9993883984071017,0.014894694415484445,0.028779415732456237,0.004815707152155735,0.04871557509835686,0.04871557509835686
21,RandomForestClassifier,gender_aware,15,0.625,8842,3790,0,0.9770448548812665,0.9150301814391901,0.9878202435951281,0.8943677877014542,0.9900590685213725,0.9993883984071017,0.014894694415484445,0.028779415732456237,0.004815707152155735,0.04871557509835686,0.04871557509835686
21,RandomForestClassifier,gender_aware,15,0.65,8842,3790,0,0.9762532981530343,0.9146115378444372,0.9873949579831933,0.8914247517188694,0.9900590685213725,0.9993883984071017,0.014894694415484445,0.027883842692318916,0.0038969954857804856,0.04871557509835686,0.04871557509835686
21,RandomForestClassifier,gender_aware,15,0.675,8842,3790,0,0.974934036939314,0.9139137985198489,0.9866853538892782,0.8866011039109313,0.9900590685213725,0.9993883984071017,0.014894694415484445,0.02896510816001796,0.00507315367128458,0.04871557509835686,0.04871557509835686
21,RandomForestClassifier,gender_aware,15,0.7,8842,3790,0,0.9751978891820581,0.9208810796016077,0.9868162692847124,0.8889636901979118,0.9900590685213725,0.9993883984071017,0.014894694415484445,0.030046373627717005,0.004847442697910043,0.06884980328627631,0.06884980328627631
21,LogisticRegression,gender_blind,14,0.3,8842,3790,0,0.9609498680738786,0.9452082499079792,0.9790011350737798,0.8504028231759877,0.9916642060400631,0.9995037108360647,0.03897140342588395,0.02395228577773545,0.001814431253683635,0.028812774820643365,0.028812774820643365
21,LogisticRegression,gender_blind,14,0.325,8842,3790,0,0.9577836411609498,0.9458095866012477,0.977253340915553,0.84210652393763,0.9916642060400631,0.9995037108360647,0.03897140342588395,0.02455302115467506,0.002087745545689579,0.02210136542467022,0.02210136542467022
21,LogisticRegression,gender_blind,14,0.35,8842,3790,0,0.9530343007915567,0.9432977250327297,0.9746294184720639,0.8295132907963156,0.9916642060400631,0.9995037108360647,0.03897140342588395,0.02359196097315641,0.0012166371979456247,0.02210136542467022,0.02210136542467022
21,LogisticRegression,gender_blind,14,0.375,8842,3790,0,0.9511873350923483,0.9468727121228668,0.9735902926481085,0.8259255811066629,0.9916642060400631,0.9995037108360647,0.03897140342588395,0.023985174875407078,0.0007810830240737587,0.00867854663272391,0.00867854663272391
21,LogisticRegression,gender_blind,14,0.4,8842,3790,0,0.950131926121372,0.9508663428077571,0.9729884236101186,0.824401587448284,0.9916642060400631,0.9995037108360647,0.03897140342588395,0.0241708673029688,0.00010395010395014559,0.0047442721592224,0.0047442721592224
21,LogisticRegression,gender_blind,14,0.425,8842,3790,0,0.9477572559366755,0.949610412023498,0.9716657126502576,0.818603126595399,0.9916642060400631,0.9995037108360647,0.03897140342588395,0.02479343172703563,0.0008286863427050539,0.0047442721592224,0.0047442721592224
21,LogisticRegression,gender_blind,14,0.45,8842,3790,0,0.9445910290237467,0.9502117487167664,0.9698881560080298,0.8116767512713416,0.9916642060400631,0.9995037108360647,0.03897140342588395,0.024291072589149088,5.828977791588752e-05,0.011455681555195558,0.011455681555195558
21,LogisticRegression,gender_blind,14,0.475,8842,3790,0,0.9427440633245383,0.9492349136623427,0.9688531649203388,0.8074282137815397,0.9916642060400631,0.9995037108360647,0.03897140342588395,0.024039893020205816,0.00026813297841332684,0.011455681555195558,0.011455681555195558
21,LogisticRegression,gender_blind,14,0.5,8842,3790,0,0.9408970976253298,0.9505339896801994,0.9678068410462777,0.8038391118414668,0.9916642060400631,0.9995037108360647,0.03897140342588395,0.021353173899794187,0.002331267284538252,0.005785697755149269,0.005785697755149269
21,LogisticRegression,gender_blind,14,0.525,8842,3790,0,0.9395778364116095,0.9498362503556111,0.9670645764418236,0.8009166582368608,0.9916642060400631,0.9995037108360647,0.03897140342588395,0.021331344852666967,0.0023153995116612647,0.005785697755149269,0.005785697755149269
21,LogisticRegression,gender_blind,14,0.55,8842,3790,0,0.9361477572559367,0.9502980391839618,0.9651196310175844,0.794086295259571,0.9916642060400631,0.9995037108360647,0.03897140342588395,0.02567823577059014,0.0019060757378515092,0.0009257116408238827,0.0019060757378515092
21,LogisticRegression,gender_blind,14,0.575,8842,3790,0,0.9329815303430079,0.9486234648049499,0.963326595437482,0.7874736952722579,0.9916642060400631,0.9995037108360647,0.03897140342588395,0.02540522715451976,0.0017121003102310572,0.0009257116408238827,0.0017121003102310572
21,LogisticRegression,gender_blind,14,0.6,8842,3790,0,0.9306068601583114,0.954195267237532,0.9619447257994501,0.7844103300148222,0.9916642060400631,0.9995037108360647,0.03897140342588395,0.027545929042790518,0.0026784152952377127,0.021059939828743345,0.021059939828743345
21,LogisticRegression,gender_blind,14,0.625,8842,3790,0,0.929023746701847,0.9533579800480261,0.9610427226647357,0.7812621020731085,0.9916642060400631,0.9995037108360647,0.03897140342588395,0.027960971992168404,0.003161572787740985,0.021059939828743345,0.021059939828743345
21,LogisticRegression,gender_blind,14,0.65,8842,3790,0,0.9261213720316622,0.9518229535339318,0.9593849724398027,0.7756108535668401,0.9916642060400631,0.9995037108360647,0.03897140342588395,0.027251091379592807,0.002500307640494581,0.021059939828743345,0.021059939828743345
21,LogisticRegression,gender_blind,14,0.675,8842,3790,0,0.9226912928759895,0.9500088312900021,0.9574189797994478,0.7691243682974349,0.9916642060400631,0.9995037108360647,0.03897140342588395,0.03072423830450588,0.00625449317038107,0.021059939828743345,0.021059939828743345
21,LogisticRegression,gender_blind,14,0.7,8842,3790,0,0.9203166226912929,0.9487529005057431,0.9560535506402794,0.7647499391619477,0.9916642060400631,0.9995037108360647,0.03897140342588395,0.033552991758224904,0.00929981023438975,0.021059939828743345,0.021059939828743345
21,RandomForestClassifier,gender_blind,14,0.3,8842,3790,0,0.9817941952506596,0.8788515547789413,0.9904100069492703,0.9055946138642456,0.9890842558997739,0.9993375965441014,0.015943048064961354,0.027020867695891737,0.001223761504135279,0.1262439250173571,0.1262439250173571
21,RandomForestClassifier,gender_blind,14,0.325,8842,3790,0,0.9820580474934036,0.8812670137161394,0.9905476786210731,0.9071909377561325,0.9890842558997739,0.9993375965441014,0.015943048064961354,0.027457739692396732,0.001223761504135279,0.13295533441333024,0.13295533441333024
21,RandomForestClassifier,gender_blind,14,0.35,8842,3790,0,0.9817941952506596,0.887955199068063,0.9903993321274523,0.9074134065217414,0.9890842558997739,0.9993375965441014,0.015943048064961354,0.02720656012345346,0.001932629970013089,0.10518398518861372,0.10518398518861372
21,RandomForestClassifier,gender_blind,14,0.375,8842,3790,0,0.9812664907651715,0.8922279254827884,0.990112797660493,0.9060839677525523,0.9890842558997739,0.9993375965441014,0.015943048064961354,0.02872469758765739,0.003801788848517784,0.09465401527424208,0.09465401527424208
21,RandomForestClassifier,gender_blind,14,0.4,8842,3790,0,0.9804749340369393,0.8986370151048766,0.9896820970440602,0.9041547740122262,0.9890842558997739,0.9993375965441014,0.015943048064961354,0.029347262011724218,0.0042849463410211674,0.09083545475584356,0.09083545475584356
21,RandomForestClassifier,gender_blind,14,0.425,8842,3790,0,0.9799472295514512,0.9006338304473217,0.9893973214285714,0.9024656510055478,0.9890842558997739,0.9993375965441014,0.015943048064961354,0.029991655482918267,0.0045265250872728036,0.09754686415181674,0.09754686415181674
21,RandomForestClassifier,gender_blind,14,0.45,8842,3790,0,0.979155672823219,0.902491097924849,0.9889711014937875,0.8997613301233925,0.9890842558997739,0.9993375965441014,0.015943048064961354,0.029969826435790936,0.004075103140523728,0.10425827354778988,0.10425827354778988
21,RandomForestClassifier,gender_blind,14,0.475,8842,3790,0,0.9786279683377309,0.9067638243395746,0.9886824088305156,0.898596523564194,0.9890842558997739,0.9993375965441014,0.015943048064961354,0.030384869385168822,0.004783971606401427,0.09372830363341819,0.09372830363341819
21,RandomForestClassifier,gender_blind,14,0.5,8842,3790,0,0.9783641160949869,0.9089001875469374,0.988537880905787,0.8980248089974945,0.9890842558997739,0.9993375965441014,0.015943048064961354,0.030592390859857876,0.004558260633027,0.10043971302939136,0.10043971302939136
21,RandomForestClassifier,gender_blind,14,0.525,8842,3790,0,0.9786279683377309,0.9135915575564157,0.9886729128793176,0.8999308620340644,0.9890842558997739,0.9993375965441014,0.015943048064961354,0.03079991233454671,0.005025550352653174,0.08990974311501967,0.08990974311501967
21,RandomForestClassifier,gender_blind,14,0.55,8842,3790,0,0.9775725593667546,0.9130333660967451,0.9881068979991605,0.895901024057317,0.9890842558997739,0.9993375965441014,0.015943048064961354,0.03144430580574065,0.005734418818530984,0.08990974311501967,0.08990974311501967
21,RandomForestClassifier,gender_blind,14,0.575,8842,3790,0,0.9775725593667546,0.9130333660967451,0.9881068979991605,0.895901024057317,0.9890842558997739,0.9993375965441014,0.015943048064961354,0.03144430580574065,0.005734418818530984,0.08990974311501967,0.08990974311501967
21,RandomForestClassifier,gender_blind,14,0.6,8842,3790,0,0.9770448548812665,0.9127542703669098,0.9878236529041288,0.8939118264520645,0.9890842558997739,0.9993375965441014,0.015943048064961354,0.031214955283924595,0.005508707845156446,0.08990974311501967,0.08990974311501967
21,RandomForestClassifier,gender_blind,14,0.625,8842,3790,0,0.9770448548812665,0.9173060925114705,0.9878168323764178,0.8948195779194161,0.9890842558997739,0.9993375965441014,0.015943048064961354,0.03075625424029238,0.005282996871781909,0.07937977320064799,0.07937977320064799
21,RandomForestClassifier,gender_blind,14,0.65,8842,3790,0,0.9765171503957784,0.9170269967816352,0.987533267964701,0.8928596045038925,0.9890842558997739,0.9993375965441014,0.015943048064961354,0.030526903718476328,0.005057285898407371,0.07937977320064799,0.07937977320064799
21,RandomForestClassifier,gender_blind,14,0.675,8842,3790,0,0.9757255936675462,0.9188842642591626,0.9871040089711242,0.8904129910326473,0.9890842558997739,0.9993375965441014,0.015943048064961354,0.029401980156523067,0.003445573539031521,0.08609118259662114,0.08609118259662114
21,RandomForestClassifier,gender_blind,14,0.7,8842,3790,0,0.974934036939314,0.9184656206644096,0.9866778852895807,0.8875482967650576,0.9890842558997739,0.9993375965441014,0.015943048064961354,0.0296095016312119,0.0036871522852831573,0.08609118259662114,0.08609118259662114
22,LogisticRegression,gender_aware,15,0.3,8842,3790,0,0.9643799472295514,0.9219873503568246,0.9809402795425667,0.8546552504352672,0.9889332475821816,0.999337153209317,0.03518892385784136,0.033835909136601394,0.005205866280969973,0.10131578947368422,0.10131578947368422
22,LogisticRegression,gender_aware,15,0.325,8842,3790,0,0.9620052770448548,0.9252832417171264,0.9796322489391797,0.8486396538813545,0.9889332475821816,0.999337153209317,0.03518892385784136,0.036150859237474964,0.007984559135509106,0.08971291866028709,0.08971291866028709
22,LogisticRegression,gender_aware,15,0.35,8842,3790,0,0.9604221635883905,0.9289977766721811,0.9787535410764873,0.8451460013074744,0.9889332475821816,0.999337153209317,0.03518892385784136,0.0382723610971496,0.00937049432988124,0.1028708133971292,0.1028708133971292
22,LogisticRegression,gender_aware,15,0.375,8842,3790,0,0.9593667546174143,0.9352673184293517,0.9781560283687943,0.8437949953164726,0.9889332475821816,0.999337153209317,0.03518892385784136,0.03928635716506568,0.010292176970864153,0.09784688995215311,0.09784688995215311
22,LogisticRegression,gender_aware,15,0.4,8842,3790,0,0.9564643799472295,0.942835936204379,0.9765324989332954,0.8379930254229319,0.9889332475821816,0.999337153209317,0.03518892385784136,0.03866568637306167,0.009107666957108851,0.09940191387559807,0.09940191387559807
22,LogisticRegression,gender_aware,15,0.425,8842,3790,0,0.9525065963060686,0.9452945403751748,0.9743297204791785,0.8287141560142371,0.9889332475821816,0.999337153209317,0.03518892385784136,0.040260027164574774,0.012343789899241897,0.06303827751196173,0.06303827751196173
22,LogisticRegression,gender_aware,15,0.45,8842,3790,0,0.9498680738786279,0.9461749727982784,0.9728571428571429,0.8226354679802956,0.9889332475821816,0.999337153209317,0.03518892385784136,0.03881880854585362,0.010466312288300528,0.06961722488038277,0.06961722488038277
22,LogisticRegression,gender_aware,15,0.475,8842,3790,0,0.9482849604221636,0.9476135966810528,0.9719679633867276,0.8193173150266971,0.9889332475821816,0.999337153209317,0.03518892385784136,0.038965501925131485,0.010223952312913398,0.07619617224880382,0.07619617224880382
22,LogisticRegression,gender_aware,15,0.5,8842,3790,0,0.9464379947229552,0.9466367616266292,0.9709377236936292,0.8148806265526969,0.9889332475821816,0.999337153209317,0.03518892385784136,0.03978604975184852,0.011145634953896422,0.07619617224880382,0.07619617224880382
22,LogisticRegression,gender_aware,15,0.525,8842,3790,0,0.9432717678100264,0.9449621872476173,0.9691667861752474,0.8074828988536863,0.9889332475821816,0.999337153209317,0.03518892385784136,0.04277485430016159,0.014388580361824665,0.07619617224880382,0.07619617224880382
22,LogisticRegression,gender_aware,15,0.55,8842,3790,0,0.9406332453825857,0.9481185307430013,0.9676677683575227,0.8026744638889063,0.9889332475821816,0.999337153209317,0.03518892385784136,0.045523455745354324,0.0176315257697528,0.0645933014354067,0.0645933014354067
22,LogisticRegression,gender_aware,15,0.575,8842,3790,0,0.9382585751978891,0.9468625999587423,0.9663309352517986,0.7974511819116136,0.9889332475821816,0.999337153209317,0.03518892385784136,0.04610380046895124,0.01831767090114378,0.0645933014354067,0.0645933014354067
22,LogisticRegression,gender_aware,15,0.6,8842,3790,0,0.937730870712401,0.946583504228907,0.9660333909038572,0.7963078346924349,0.9889332475821816,0.999337153209317,0.03518892385784136,0.04697110315758957,0.01924617600792189,0.0645933014354067,0.0645933014354067
22,LogisticRegression,gender_aware,15,0.625,8842,3790,0,0.9358839050131926,0.9456066691744833,0.9649906353551362,0.7923544726071455,0.9889332475821816,0.999337153209317,0.03518892385784136,0.05000666256782371,0.02249594388164511,0.0645933014354067,0.0645933014354067
22,LogisticRegression,gender_aware,15,0.65,8842,3790,0,0.9340369393139841,0.9446298341200597,0.9639457744447649,0.7884744352099986,0.9889332475821816,0.999337153209317,0.03518892385784136,0.05082721039454097,0.023417626522628132,0.0645933014354067,0.0645933014354067
22,LogisticRegression,gender_aware,15,0.675,8842,3790,0,0.9319261213720317,0.9480652733452791,0.9627275353943947,0.7853151354783523,0.9889332475821816,0.999337153209317,0.03518892385784136,0.049385991775819815,0.022239938974667806,0.05299043062200957,0.05299043062200957
22,LogisticRegression,gender_aware,15,0.7,8842,3790,0,0.9306068601583114,0.9496434450929712,0.9619667389732466,0.7832390085843677,0.9889332475821816,0.999337153209317,0.03518892385784136,0.045776516435502845,0.01920524121315137,0.034808612440191386,0.034808612440191386
22,RandomForestClassifier,gender_aware,15,0.3,8842,3790,0,0.9812664907651715,0.8603651704708628,0.9901511998890276,0.8993882684081256,0.9814954137964974,0.9983852042483541,0.016806725435238524,0.029033600381519697,0.004171450514706354,0.09545454545454546,0.09545454545454546
22,RandomForestClassifier,gender_aware,15,0.325,8842,3790,0,0.9812664907651715,0.8626410815431432,0.9901484667684196,0.8998999706496253,0.9814954137964974,0.9983852042483541,0.016806725435238524,0.027685891486640912,0.0034716604517252003,0.07727272727272727,0.07727272727272727
22,RandomForestClassifier,gender_aware,15,0.35,8842,3790,0,0.9807387862796834,0.8691897190301491,0.9898597027364912,0.8991293264338625,0.9814954137964974,0.9983852042483541,0.016806725435238524,0.02894009065767722,0.004628880602300267,0.0722488038277512,0.0722488038277512
22,RandomForestClassifier,gender_aware,15,0.375,8842,3790,0,0.9804749340369393,0.8736019933097923,0.989713650264109,0.8990019028522618,0.9814954137964974,0.9983852042483541,0.016806725435238524,0.030000841587514593,0.004857595646097224,0.08540669856459329,0.08540669856459329
22,RandomForestClassifier,gender_aware,15,0.4,8842,3790,0,0.978891820580475,0.8727647061202862,0.9888703394546466,0.8923943534007928,0.9814954137964974,0.9983852042483541,0.016806725435238524,0.029280232278154017,0.004150983117320983,0.08540669856459329,0.08540669856459329
22,RandomForestClassifier,gender_aware,15,0.425,8842,3790,0,0.9778364116094986,0.874482425732896,0.9883040935672515,0.8886244085926709,0.9814954137964974,0.9983852042483541,0.016806725435238524,0.029667128760551997,0.004144160651526008,0.09198564593301434,0.09198564593301434
22,RandomForestClassifier,gender_aware,15,0.45,8842,3790,0,0.9770448548812665,0.874063782138143,0.987881320518178,0.8854618572665702,0.9814954137964974,0.9983852042483541,0.016806725435238524,0.028753071209992487,0.0032088330789528108,0.09198564593301434,0.09198564593301434
22,RandomForestClassifier,gender_aware,15,0.475,8842,3790,0,0.9765171503957784,0.876060597480588,0.987595818815331,0.8839213661977889,0.9814954137964974,0.9983852042483541,0.016806725435238524,0.029380170795510585,0.004601590739119921,0.07380382775119615,0.07380382775119615
22,RandomForestClassifier,gender_aware,15,0.5,8842,3790,0,0.9762532981530343,0.8759210496156703,0.987454697518818,0.8828899103357637,0.9814954137964974,0.9983852042483541,0.016806725435238524,0.028706316348071304,0.003901800676138878,0.07380382775119615,0.07380382775119615
22,RandomForestClassifier,gender_aware,15,0.525,8842,3790,0,0.9762532981530343,0.8759210496156703,0.987454697518818,0.8828899103357637,0.9814954137964974,0.9983852042483541,0.016806725435238524,0.028706316348071304,0.003901800676138878,0.07380382775119615,0.07380382775119615
22,RandomForestClassifier,gender_aware,15,0.55,8842,3790,0,0.9762532981530343,0.8804728717602311,0.9874476987447699,0.8839677518114093,0.9814954137964974,0.9983852042483541,0.016806725435238524,0.030440921725347958,0.004830305782916988,0.08696172248803827,0.08696172248803827
22,RandomForestClassifier,gender_aware,15,0.575,8842,3790,0,0.9762532981530343,0.8827487828325116,0.9874441964285714,0.884498797243412,0.9814954137964974,0.9983852042483541,0.016806725435238524,0.031308224413986285,0.005294558336305988,0.09354066985645931,0.09354066985645931
22,RandomForestClassifier,gender_aware,15,0.6,8842,3790,0,0.9757255936675462,0.8824696871026763,0.9871615964275746,0.8824696871026763,0.9814954137964974,0.9983852042483541,0.016806725435238524,0.03217552710262461,0.006223063443084098,0.09354066985645931,0.09354066985645931
22,RandomForestClassifier,gender_aware,15,0.625,8842,3790,0,0.9759894459102902,0.8871610571121546,0.9872958257713249,0.8845352030535282,0.9814954137964974,0.9983852042483541,0.016806725435238524,0.03236897534382355,0.006687315996473098,0.08193779904306217,0.08193779904306217
22,RandomForestClassifier,gender_aware,15,0.65,8842,3790,0,0.9762532981530343,0.8918524271216332,0.9874301675977654,0.8865722266560255,0.9814954137964974,0.9983852042483541,0.016806725435238524,0.03256242358502248,0.007151568549862208,0.07033492822966506,0.07033492822966506
22,RandomForestClassifier,gender_aware,15,0.675,8842,3790,0,0.9754617414248021,0.8937096945991605,0.9870020964360587,0.884089283512147,0.9814954137964974,0.9983852042483541,0.016806725435238524,0.03473068030661841,0.009008578763418318,0.0769138755980861,0.0769138755980861
22,RandomForestClassifier,gender_aware,15,0.7,8842,3790,0,0.97467018469657,0.9023946952935291,0.986562150055991,0.8831893319087294,0.9814954137964974,0.9983852042483541,0.016806725435238524,0.03728583351061221,0.00993026140440123,0.10322966507177031,0.10322966507177031
22,LogisticRegression,gender_blind,14,0.3,8842,3790,0,0.9656992084432717,0.9226850896814129,0.9816591422121896,0.8587157499678835,0.98896290993028,0.9993388086464637,0.03509080721909577,0.027237629247971462,0.0006075243350857074,0.07655502392344499,0.07655502392344499
22,LogisticRegression,gender_blind,14,0.325,8842,3790,0,0.9630606860158312,0.925841433176797,0.9802092168504383,0.8517646874766025,0.98896290993028,0.9993388086464637,0.03509080721909577,0.029986230693164195,0.0026354210728425365,0.06495215311004784,0.06495215311004784
22,LogisticRegression,gender_blind,14,0.35,8842,3790,0,0.9598944591029024,0.9309945920146263,0.9784580498866213,0.8441908570043793,0.98896290993028,0.9993388086464637,0.03509080721909577,0.028931908556841024,0.0014509110590871233,0.05992822966507176,0.05992822966507176
22,LogisticRegression,gender_blind,14,0.375,8842,3790,0,0.9580474934036939,0.9413973123216046,0.9774115641426339,0.8417556896498752,0.98896290993028,0.9993388086464637,0.03509080721909577,0.028551440867957245,0.001201728617904796,0.04330143540669856,0.04330143540669856
22,LogisticRegression,gender_blind,14,0.4,8842,3790,0,0.9551451187335093,0.9398622858075103,0.9758110415480934,0.8339200135276699,0.98896290993028,0.9993388086464637,0.03509080721909577,0.027784076696675486,0.00048829362333358,0.04330143540669856,0.04330143540669856
22,LogisticRegression,gender_blind,14,0.425,8842,3790,0,0.9525065963060686,0.940742718230614,0.9743443557582668,0.827597709794027,0.98896290993028,0.9993388086464637,0.03509080721909577,0.030772881244988448,0.003266986477872713,0.049880382775119615,0.049880382775119615
22,LogisticRegression,gender_blind,14,0.45,8842,3790,0,0.9493403693931398,0.9436199659961628,0.9725714285714285,0.820768472906404,0.98896290993028,0.9993388086464637,0.03509080721909577,0.03217377379530262,0.003946309143468607,0.06303827751196173,0.06303827751196173
22,LogisticRegression,gender_blind,14,0.475,8842,3790,0,0.9472295514511874,0.9447794941491019,0.9713876967095851,0.8162023229310638,0.98896290993028,0.9993388086464637,0.03509080721909577,0.0354027814467357,0.006960539507599894,0.06961722488038277,0.06961722488038277
22,LogisticRegression,gender_blind,14,0.5,8842,3790,0,0.9469656992084433,0.949191768428745,0.9712240515390121,0.816704462744296,0.98896290993028,0.9993388086464637,0.03509080721909577,0.035356026584814515,0.007189254551396851,0.05801435406698565,0.05801435406698565
22,LogisticRegression,gender_blind,14,0.525,8842,3790,0,0.9448548812664908,0.9480753855094036,0.9700444317041709,0.8117220500146062,0.98896290993028,0.9993388086464637,0.03509080721909577,0.03661022575585071,0.008575189745768874,0.05801435406698565,0.05801435406698565
22,LogisticRegression,gender_blind,14,0.55,8842,3790,0,0.941688654353562,0.9486767222026721,0.9682608071233664,0.8050380210657351,0.98896290993028,0.9993388086464637,0.03509080721909577,0.04046633299280211,0.012282387707086229,0.0645933014354067,0.0645933014354067
22,LogisticRegression,gender_blind,14,0.575,8842,3790,0,0.9398416886543536,0.9476998871482484,0.9672225416906268,0.8009189631530057,0.98896290993028,0.9993388086464637,0.03509080721909577,0.04350189240303626,0.015532155580809448,0.0645933014354067,0.0645933014354067
22,LogisticRegression,gender_blind,14,0.6,8842,3790,0,0.9379947229551451,0.9467230520938248,0.9661821844869766,0.796878730912268,0.98896290993028,0.9993388086464637,0.03509080721909577,0.0443224402297534,0.01645383822179247,0.0645933014354067,0.0645933014354067
22,LogisticRegression,gender_blind,14,0.625,8842,3790,0,0.9358839050131926,0.9478825802467639,0.9649805447470817,0.7929426904702648,0.98896290993028,0.9993388086464637,0.03509080721909577,0.044228930505910924,0.017139983353183452,0.046411483253588515,0.046411483253588515
22,LogisticRegression,gender_blind,14,0.65,8842,3790,0,0.9337730870712401,0.9490421083997028,0.9637754365709338,0.7891073803438386,0.98896290993028,0.9993388086464637,0.03509080721909577,0.04302791499031,0.01666208586820428,0.028229665071770334,0.028229665071770334
22,LogisticRegression,gender_blind,14,0.675,8842,3790,0,0.9319261213720317,0.9503411844175595,0.9627167630057804,0.7859038360483448,0.98896290993028,0.9993388086464637,0.03509080721909577,0.04360825971390703,0.01688397844620615,0.034808612440191386,0.034808612440191386
22,LogisticRegression,gender_blind,14,0.7,8842,3790,0,0.9295514511873351,0.9490852536333005,0.9613659383591376,0.7811313996728424,0.98896290993028,0.9993388086464637,0.03509080721909577,0.040866087062228384,0.01407799572848667,0.034808612440191386,0.034808612440191386
22,RandomForestClassifier,gender_blind,14,0.3,8842,3790,0,0.9810026385224274,0.8602256226059452,0.9900110987791343,0.8982313558411801,0.9704819187764012,0.9969432104429451,0.016679739638028334,0.028359745934080305,0.004635703068095354,0.0706937799043062,0.0706937799043062
22,RandomForestClassifier,gender_blind,14,0.325,8842,3790,0,0.9804749340369393,0.866774260092951,0.9897222222222222,0.8974926900584794,0.9704819187764012,0.9969432104429451,0.016679739638028334,0.028506439313358056,0.004628880602300267,0.06566985645933013,0.06566985645933013
22,RandomForestClassifier,gender_blind,14,0.35,8842,3790,0,0.9812664907651715,0.8808483701213864,0.9901265470727298,0.9038036334335371,0.9704819187764012,0.9969432104429451,0.016679739638028334,0.029086784036955082,0.006021638262467488,0.03086124401913873,0.03086124401913873
22,RandomForestClassifier,gender_blind,14,0.375,8842,3790,0,0.9796833773087071,0.8800110829318804,0.9892832289491997,0.8971732600442202,0.9704819187764012,0.9969432104429451,0.016679739638028334,0.028366174727594506,0.005315025733691248,0.03086124401913873,0.03086124401913873
22,RandomForestClassifier,gender_blind,14,0.4,8842,3790,0,0.9794195250659631,0.8889751793560844,0.9891304347826086,0.8980305639259578,0.9704819187764012,0.9969432104429451,0.016679739638028334,0.02673150786767442,0.004144160651526008,0.007655502392344499,0.007655502392344499
22,RandomForestClassifier,gender_blind,14,0.425,8842,3790,0,0.9773087071240105,0.887858796436743,0.9880022321428571,0.8896321840325936,0.9704819187764012,0.9969432104429451,0.016679739638028334,0.027985707038710728,0.005530095845898031,0.007655502392344499,0.007655502392344499
22,RandomForestClassifier,gender_blind,14,0.45,8842,3790,0,0.9767810026385224,0.889855611779188,0.9877163595756561,0.8880889490185973,0.9704819187764012,0.9969432104429451,0.016679739638028334,0.028612806624228826,0.0057588108896950985,0.014234449760765544,0.014234449760765544
22,RandomForestClassifier,gender_blind,14,0.475,8842,3790,0,0.9767810026385224,0.8944074339237489,0.9877094972067039,0.8890928438414472,0.9704819187764012,0.9969432104429451,0.016679739638028334,0.02813240041798848,0.005523273380102944,0.0026315789473684292,0.005523273380102944
22,RandomForestClassifier,gender_blind,14,0.5,8842,3790,0,0.9765171503957784,0.8942678860588312,0.9875680961028076,0.8880833354623301,0.9704819187764012,0.9969432104429451,0.016679739638028334,0.028566051762307643,0.005987525933491944,0.0026315789473684292,0.005987525933491944
22,RandomForestClassifier,gender_blind,14,0.525,8842,3790,0,0.9762532981530343,0.896404249266194,0.9874231414197876,0.8875794952381957,0.9704819187764012,0.9969432104429451,0.016679739638028334,0.02765199421174802,0.0045879458075297475,0.009210526315789475,0.009210526315789475
22,RandomForestClassifier,gender_blind,14,0.55,8842,3790,0,0.9759894459102902,0.8962647014012763,0.9872816212438854,0.8865819870925309,0.9704819187764012,0.9969432104429451,0.016679739638028334,0.028085645556067185,0.005052198360918858,0.009210526315789475,0.009210526315789475
22,RandomForestClassifier,gender_blind,14,0.575,8842,3790,0,0.9757255936675462,0.8984010646086391,0.9871364653243848,0.8860915971481738,0.9704819187764012,0.9969432104429451,0.016679739638028334,0.02827909379726623,0.004816660851326704,0.015789473684210548,0.015789473684210548
22,RandomForestClassifier,gender_blind,14,0.6,8842,3790,0,0.9754617414248021,0.8982615167437213,0.9869948258984758,0.8851058045576294,0.9704819187764012,0.9969432104429451,0.016679739638028334,0.027605239349826838,0.004116870788345661,0.015789473684210548,0.015789473684210548
22,RandomForestClassifier,gender_blind,14,0.625,8842,3790,0,0.97467018469657,0.8978428731489684,0.9865696698377169,0.8821737238077474,0.9704819187764012,0.9969432104429451,0.016679739638028334,0.02890619338278444,0.005509628448512771,0.015789473684210548,0.015789473684210548
22,RandomForestClassifier,gender_blind,14,0.65,8842,3790,0,0.9744063324538259,0.8977033252840507,0.9864278718343361,0.8812046980418794,0.9704819187764012,0.9969432104429451,0.016679739638028334,0.029339844727103603,0.005973881001901882,0.015789473684210548,0.015789473684210548
22,RandomForestClassifier,gender_blind,14,0.675,8842,3790,0,0.9741424802110817,0.8998396884914134,0.9862821948488242,0.8807557763234947,0.9704819187764012,0.9969432104429451,0.016679739638028334,0.030640798760061094,0.006902386108679992,0.022368421052631593,0.022368421052631593
22,RandomForestClassifier,gender_blind,14,0.7,8842,3790,0,0.9736147757255936,0.9041124149061389,0.985990473521995,0.8798730648152961,0.9704819187764012,0.9969432104429451,0.016679739638028334,0.02992018945070052,0.006431311089495795,0.01076555023923445,0.01076555023923445
23,LogisticRegression,gender_aware,15,0.3,8842,3790,0,0.9627968337730871,0.9234259742395989,0.9800706713780919,0.8504313752930064,0.9885098849775037,0.999308352391372,0.03958102740654152,0.03135869828295612,0.0015341129417344446,0.0583732057416268,0.0583732057416268
23,LogisticRegression,gender_aware,15,0.325,8842,3790,0,0.9609498680738786,0.9292768724020165,0.9790427640894931,0.8466642391876037,0.9885098849775037,0.999308352391372,0.03958102740654152,0.0338810170874565,0.004022279409172658,0.053349282296650716,0.053349282296650716
23,LogisticRegression,gender_aware,15,0.35,8842,3790,0,0.9591029023746702,0.9328518594921537,0.9780173025102822,0.8425058157163887,0.9885098849775037,0.999308352391372,0.03958102740654152,0.034419250069728236,0.004883715713200676,0.04174641148325357,0.04174641148325357
23,LogisticRegression,gender_aware,15,0.375,8842,3790,0,0.9530343007915567,0.9364699918158885,0.9746510965536884,0.8278273403915395,0.9885098849775037,0.999308352391372,0.03958102740654152,0.0342498276962937,0.0058412944618747575,0.011961722488038284,0.011961722488038284
23,LogisticRegression,gender_aware,15,0.4,8842,3790,0,0.9477572559366755,0.9405067677343764,0.9716981132075472,0.8163285086585681,0.9885098849775037,0.999308352391372,0.03958102740654152,0.033834339494775545,0.005363466511984161,0.006937799043062201,0.006937799043062201
23,LogisticRegression,gender_aware,15,0.425,8842,3790,0,0.9448548812664908,0.9412476522925625,0.9700701704138622,0.8099932091600299,0.9885098849775037,0.999308352391372,0.03958102740654152,0.03198855765086084,0.0030672644590225007,0.013516746411483253,0.013516746411483253
23,LogisticRegression,gender_aware,15,0.45,8842,3790,0,0.9424802110817943,0.9399917215083035,0.968741038141669,0.8045025322721546,0.9885098849775037,0.999308352391372,0.03958102740654152,0.03054270481090382,0.001632178235273285,0.013516746411483253,0.013516746411483253
23,LogisticRegression,gender_aware,15,0.475,8842,3790,0,0.9414248021108179,0.9439853521931936,0.9681309216192937,0.803283701851992,0.9885098849775037,0.999308352391372,0.03958102740654152,0.03301892228929959,0.004502991632402531,0.0019138755980861247,0.004502991632402531
23,LogisticRegression,gender_aware,15,0.5,8842,3790,0,0.9385224274406333,0.9492780588959404,0.9664699956828321,0.7986074225640785,0.9885098849775037,0.999308352391372,0.03958102740654152,0.03623333725194611,0.006608511170149711,0.02165071770334928,0.02165071770334928
23,LogisticRegression,gender_aware,15,0.525,8842,3790,0,0.9361477572559367,0.9502980391839618,0.9651196310175844,0.794086295259571,0.9885098849775037,0.999308352391372,0.03958102740654152,0.035679545072114016,0.0068001551098106905,0.0034688995215311005,0.0068001551098106905
23,LogisticRegression,gender_aware,15,0.55,8842,3790,0,0.9337730870712401,0.9490421083997028,0.9637754365709338,0.7891073803438386,0.9885098849775037,0.999308352391372,0.03958102740654152,0.03641774255636465,0.00766159141383882,0.0034688995215311005,0.00766159141383882
23,LogisticRegression,gender_aware,15,0.575,8842,3790,0,0.9327176781002638,0.9507598280123126,0.96316625740286,0.7875192017607907,0.9885098849775037,0.999308352391372,0.03958102740654152,0.038001899374635495,0.00890567464755787,0.010047846889952153,0.010047846889952153
23,LogisticRegression,gender_aware,15,0.6,8842,3790,0,0.9298153034300791,0.9492248014982183,0.9615162037037037,0.7816563054446662,0.9885098849775037,0.999308352391372,0.03958102740654152,0.03963215751901106,0.010724048750628934,0.010047846889952153,0.010724048750628934
23,LogisticRegression,gender_aware,15,0.625,8842,3790,0,0.9269129287598945,0.9476897749841239,0.9598608897261266,0.7759540089278645,0.9885098849775037,0.999308352391372,0.03958102740654152,0.04344646598759416,0.01483894538147712,0.010047846889952153,0.01483894538147712
23,LogisticRegression,gender_aware,15,0.65,8842,3790,0,0.9245382585751979,0.9464338441998649,0.9585026117237376,0.7714024686525665,0.9885098849775037,0.999308352391372,0.03958102740654152,0.0441846634718448,0.01570038168550525,0.010047846889952153,0.01570038168550525
23,LogisticRegression,gender_aware,15,0.675,8842,3790,0,0.9205804749340369,0.9443406262260998,0.9562309146430129,0.7640329537653188,0.9885098849775037,0.999308352391372,0.03958102740654152,0.04323094228805491,0.014839586331108157,0.010047846889952153,0.014839586331108157
23,LogisticRegression,gender_aware,15,0.7,8842,3790,0,0.9174142480211082,0.942666051847088,0.9544064093226511,0.7583220857802067,0.9885098849775037,0.999308352391372,0.03958102740654152,0.04421520560038905,0.015988168069812292,0.010047846889952153,0.015988168069812292
23,RandomForestClassifier,gender_aware,15,0.3,8842,3790,0,0.9810026385224274,0.8602256226059452,0.9900110987791343,0.8982313558411801,0.9642750724368023,0.9963386631895946,0.016778838997676432,0.031006023138255512,0.0014357271733801413,0.14497607655502395,0.14497607655502395
23,RandomForestClassifier,gender_aware,15,0.325,8842,3790,0,0.9820580474934036,0.8767151915715786,0.9905529313698249,0.9062712300828182,0.9642750724368023,0.9963386631895946,0.016778838997676432,0.032190250952568555,0.000574611344167586,0.16626794258373206,0.16626794258373206
23,RandomForestClassifier,gender_aware,15,0.35,8842,3790,0,0.9815303430079155,0.8764360958417433,0.9902723735408561,0.9039903534370948,0.9642750724368023,0.9963386631895946,0.016778838997676432,0.03199028645058977,0.0003832878793219585,0.16626794258373206,0.16626794258373206
23,RandomForestClassifier,gender_aware,15,0.375,8842,3790,0,0.9815303430079155,0.8832638290585845,0.9902642559109874,0.905388538211904,0.9642750724368023,0.9963386631895946,0.016778838997676432,0.03139039294465307,0.0016260892137791583,0.18600478468899523,0.18600478468899523
23,RandomForestClassifier,gender_aware,15,0.4,8842,3790,0,0.9817941952506596,0.887955199068063,0.9903993321274523,0.9074134065217414,0.9642750724368023,0.9963386631895946,0.016778838997676432,0.031636458772736575,0.002295881578146197,0.19916267942583732,0.19916267942583732
23,RandomForestClassifier,gender_aware,15,0.425,8842,3790,0,0.9799472295514512,0.8869783640136393,0.9894150417827298,0.899707520891365,0.9642750724368023,0.9963386631895946,0.016778838997676432,0.031482595596862395,0.002391383073161224,0.19916267942583732,0.19916267942583732
23,RandomForestClassifier,gender_aware,15,0.45,8842,3790,0,0.9786279683377309,0.8862806246890509,0.9887108013937282,0.8943554006968641,0.9642750724368023,0.9963386631895946,0.016778838997676432,0.03262072208507083,0.001147299839442062,0.19916267942583732,0.19916267942583732
23,RandomForestClassifier,gender_aware,15,0.475,8842,3790,0,0.9783641160949869,0.8884169878964137,0.9885666480758505,0.893793127959494,0.9642750724368023,0.9963386631895946,0.016778838997676432,0.03177476275105051,0.0013386233042875784,0.18098086124401913,0.18098086124401913
23,RandomForestClassifier,gender_aware,15,0.5,8842,3790,0,0.9778364116094986,0.8904138032388587,0.98828125,0.8921988774271845,0.9642750724368023,0.9963386631895946,0.016778838997676432,0.030282808584988996,0.0021997391335001337,0.16279904306220094,0.16279904306220094
23,RandomForestClassifier,gender_aware,15,0.525,8842,3790,0,0.9775725593667546,0.8902742553739411,0.9881400865076043,0.8911644742465382,0.9642750724368023,0.9963386631895946,0.016778838997676432,0.02963681375294769,0.0028695314978671727,0.16279904306220094,0.16279904306220094
23,RandomForestClassifier,gender_aware,15,0.55,8842,3790,0,0.9773087071240105,0.8946865296535842,0.9879921809550405,0.891125277080391,0.9642750724368023,0.9963386631895946,0.016778838997676432,0.027498864754844643,0.003730647327079728,0.12643540669856457,0.12643540669856457
23,RandomForestClassifier,gender_aware,15,0.575,8842,3790,0,0.9770448548812665,0.8945469817886665,0.9878508588186008,0.8901068136575104,0.9642750724368023,0.9963386631895946,0.016778838997676432,0.026852869922803335,0.004400439691446878,0.12643540669856457,0.12643540669856457
23,RandomForestClassifier,gender_aware,15,0.6,8842,3790,0,0.9762532981530343,0.896404249266194,0.9874231414197876,0.8875794952381957,0.9642750724368023,0.9963386631895946,0.016778838997676432,0.026898971248907944,0.0036348253572493494,0.10825358851674638,0.10825358851674638
23,RandomForestClassifier,gender_aware,15,0.625,8842,3790,0,0.9762532981530343,0.8986801603384744,0.9874196253844003,0.8880760098752987,0.9642750724368023,0.9963386631895946,0.016778838997676432,0.026699006746929044,0.004304617721616388,0.11483253588516745,0.11483253588516745
23,RandomForestClassifier,gender_aware,15,0.65,8842,3790,0,0.9762532981530343,0.9009560714107547,0.9874161073825504,0.8885678667753873,0.9642750724368023,0.9963386631895946,0.016778838997676432,0.026499042244950255,0.003826148822094866,0.09665071770334926,0.09665071770334926
23,RandomForestClassifier,gender_aware,15,0.675,8842,3790,0,0.9751978891820581,0.9026737910233644,0.9868457878533445,0.8851279630510962,0.9642750724368023,0.9963386631895946,0.016778838997676432,0.025899148739013556,0.004878588116152938,0.10322966507177031,0.10322966507177031
23,RandomForestClassifier,gender_aware,15,0.7,8842,3790,0,0.9736147757255936,0.9041124149061389,0.985990473521995,0.8798730648152961,0.9642750724368023,0.9963386631895946,0.016778838997676432,0.025099290731097845,0.006122350875056526,0.10980861244019136,0.10980861244019136
23,LogisticRegression,gender_blind,14,0.3,8842,3790,0,0.9630606860158312,0.9235655221045167,0.9802148106274732,0.8512185164248477,0.9884094374805341,0.9993008522384521,0.03957268058091201,0.030912667952893713,0.001055644042212922,0.0583732057416268,0.0583732057416268
23,LogisticRegression,gender_blind,14,0.325,8842,3790,0,0.9612137203166227,0.9271405091946537,0.9791932059447983,0.8468781563704574,0.9884094374805341,0.9993008522384521,0.03957268058091201,0.03145090093516545,0.0019170803462410513,0.04677033492822966,0.04677033492822966
23,LogisticRegression,gender_blind,14,0.35,8842,3790,0,0.9583113456464379,0.9324332158974007,0.9775822928490352,0.8402949058230138,0.9884094374805341,0.9993008522384521,0.03957268058091201,0.03357329073570803,0.0040225998839881205,0.04174641148325357,0.04174641148325357
23,LogisticRegression,gender_blind,14,0.375,8842,3790,0,0.9519788918205805,0.9359118003562178,0.9740666856654318,0.8251116346476626,0.9884094374805341,0.9993008522384521,0.03957268058091201,0.03166584836812836,0.003162125004406602,0.011961722488038284,0.011961722488038284
23,LogisticRegression,gender_blind,14,0.4,8842,3790,0,0.9477572559366755,0.938230856662096,0.9717062017719348,0.8157500081024622,0.9884094374805341,0.9993008522384521,0.03957268058091201,0.03294227883465062,0.0037367363485740768,0.02511961722488039,0.02511961722488039
23,LogisticRegression,gender_blind,14,0.425,8842,3790,0,0.9451187335092348,0.9413872001574801,0.9702176403207331,0.8106121758650645,0.9884094374805341,0.9993008522384521,0.03957268058091201,0.030450502158694603,0.0014405342956124167,0.013516746411483253,0.013516746411483253
23,LogisticRegression,gender_blind,14,0.45,8842,3790,0,0.9427440633245383,0.9401312693732211,0.9688888888888889,0.8051056014692378,0.9884094374805341,0.9993008522384521,0.03957268058091201,0.030096674480841412,0.0011537093357517625,0.013516746411483253,0.013516746411483253
23,LogisticRegression,gender_blind,14,0.475,8842,3790,0,0.941688654353562,0.9464008111303917,0.9682699210337401,0.8044601637689026,0.9884094374805341,0.9993008522384521,0.03957268058091201,0.03237292745725828,0.0033547303685139696,0.008492822966507177,0.008492822966507177
23,LogisticRegression,gender_blind,14,0.5,8842,3790,0,0.9385224274406333,0.9492780588959404,0.9664699956828321,0.7986074225640785,0.9884094374805341,0.9993008522384521,0.03957268058091201,0.034049286927738454,0.00546024990626115,0.0031100478468899517,0.00546024990626115
23,LogisticRegression,gender_blind,14,0.525,8842,3790,0,0.9361477572559367,0.9502980391839618,0.9651196310175844,0.794086295259571,0.9884094374805341,0.9993008522384521,0.03957268058091201,0.035679545072114016,0.0068001551098106905,0.0034688995215311005,0.0068001551098106905
23,LogisticRegression,gender_blind,14,0.55,8842,3790,0,0.9345646437994723,0.9494607519944558,0.9642238892094633,0.7907539199133736,0.9884094374805341,0.9993008522384521,0.03957268058091201,0.03507965156617732,0.006226184715274141,0.0034688995215311005,0.006226184715274141
23,LogisticRegression,gender_blind,14,0.575,8842,3790,0,0.933245382585752,0.9510389237421479,0.9634657039711191,0.7886030809931932,0.9884094374805341,0.9993008522384521,0.03957268058091201,0.03710983871451068,0.007948736848514826,0.010047846889952153,0.010047846889952153
23,LogisticRegression,gender_blind,14,0.6,8842,3790,0,0.9300791556728232,0.9493643493631359,0.9616664255750036,0.7821825381248331,0.9884094374805341,0.9993008522384521,0.03957268058091201,0.03809410202684482,0.009097318587218739,0.010047846889952153,0.010047846889952153
23,LogisticRegression,gender_blind,14,0.625,8842,3790,0,0.9271767810026386,0.9478293228490415,0.9600115908432338,0.7764659724127674,0.9884094374805341,0.9993008522384521,0.03957268058091201,0.043000435657531755,0.014360476481955597,0.010047846889952153,0.014360476481955597
23,LogisticRegression,gender_blind,14,0.65,8842,3790,0,0.924802110817942,0.9465733920647825,0.9586537066589293,0.7719032725434385,0.9884094374805341,0.9993008522384521,0.03957268058091201,0.04373863314178239,0.015221912785983727,0.010047846889952153,0.015221912785983727
23,LogisticRegression,gender_blind,14,0.675,8842,3790,0,0.9213720316622691,0.9447592698208529,0.9566860465116279,0.765485880398671,0.9884094374805341,0.9993008522384521,0.03957268058091201,0.0429848764599714,0.01455244089643215,0.010047846889952153,0.01455244089643215
23,LogisticRegression,gender_blind,14,0.7,8842,3790,0,0.9179419525065963,0.9429451475769233,0.9547109363623125,0.7592629015612404,0.9884094374805341,0.9993008522384521,0.03957268058091201,0.04113909461605658,0.012734707742992013,0.010047846889952153,0.012734707742992013
23,RandomForestClassifier,gender_blind,14,0.3,8842,3790,0,0.9807387862796834,0.8691897190301491,0.9898597027364912,0.8991293264338625,0.9574938551749337,0.9954794516693294,0.01783780969750921,0.024100044487779693,0.0030614959123437258,0.0722488038277512,0.0722488038277512
23,RandomForestClassifier,gender_blind,14,0.325,8842,3790,0,0.9796833773087071,0.8777351718596,0.9892862112146932,0.8966787290170157,0.9574938551749337,0.9954794516693294,0.01783780969750921,0.026176332962217663,0.0015302672439486686,0.07380382775119615,0.07380382775119615
23,RandomForestClassifier,gender_blind,14,0.35,8842,3790,0,0.9807387862796834,0.8873970076083924,0.989837115411388,0.9029790111061977,0.9574938551749337,0.9954794516693294,0.01783780969750921,0.027960454282467406,0.0015302672439486686,0.10011961722488036,0.10011961722488036
23,RandomForestClassifier,gender_blind,14,0.375,8842,3790,0,0.979155672823219,0.8888356314911667,0.9889895470383275,0.8969639093216328,0.9574938551749337,0.9954794516693294,0.01783780969750921,0.028252621436655634,0.0016257687389636954,0.10669856459330143,0.10669856459330143
23,RandomForestClassifier,gender_blind,14,0.4,8842,3790,0,0.9781002638522427,0.8928292621760567,0.9884191432956607,0.8937253101466197,0.9574938551749337,0.9954794516693294,0.01783780969750921,0.02854478859084375,0.0021997391335001337,0.11985645933014352,0.11985645933014352
23,RandomForestClassifier,gender_blind,14,0.425,8842,3790,0,0.9775725593667546,0.8993778996630627,0.988126833356614,0.8931132979134614,0.9574938551749337,0.9954794516693294,0.01783780969750921,0.027744930582928262,0.0032521784275582055,0.11483253588516745,0.11483253588516745
23,RandomForestClassifier,gender_blind,14,0.45,8842,3790,0,0.9770448548812665,0.9013747150055078,0.9878406708595387,0.8915673942532988,0.9574938551749337,0.9954794516693294,0.01783780969750921,0.02734500157897035,0.004113294256770872,0.1214114832535885,0.1214114832535885
23,RandomForestClassifier,gender_blind,14,0.475,8842,3790,0,0.9767810026385224,0.9035110782128705,0.9876957494407159,0.8910441364026009,0.9574938551749337,0.9954794516693294,0.01783780969750921,0.025407017082846317,0.00545287898550495,0.10322966507177031,0.10322966507177031
23,RandomForestClassifier,gender_blind,14,0.5,8842,3790,0,0.9762532981530343,0.9032319824830352,0.9874125874125874,0.8890551309155961,0.9574938551749337,0.9954794516693294,0.01783780969750921,0.02520705258086753,0.005644202450350466,0.10322966507177031,0.10322966507177031
23,RandomForestClassifier,gender_blind,14,0.525,8842,3790,0,0.9757255936675462,0.9029528867531997,0.987129266927812,0.8870831519824245,0.9574938551749337,0.9954794516693294,0.01783780969750921,0.0239150629167848,0.006983787179084544,0.10322966507177031,0.10322966507177031
23,RandomForestClassifier,gender_blind,14,0.55,8842,3790,0,0.9757255936675462,0.9052287978254803,0.9871256647075287,0.8875720489436261,0.9574938551749337,0.9954794516693294,0.01783780969750921,0.023715098414805902,0.0065053182795630216,0.08504784688995215,0.08504784688995215
23,RandomForestClassifier,gender_blind,14,0.575,8842,3790,0,0.974934036939314,0.9048101542307272,0.9867002659946801,0.884654480823427,0.9574938551749337,0.9954794516693294,0.01783780969750921,0.021777113918681867,0.008514695372664138,0.08504784688995215,0.08504784688995215
23,RandomForestClassifier,gender_blind,14,0.6,8842,3790,0,0.974934036939314,0.9048101542307272,0.9867002659946801,0.884654480823427,0.9574938551749337,0.9954794516693294,0.01783780969750921,0.021777113918681867,0.008514695372664138,0.08504784688995215,0.08504784688995215
23,RandomForestClassifier,gender_blind,14,0.625,8842,3790,0,0.97467018469657,0.9046706063658095,0.9865583870064407,0.88369015240733,0.9574938551749337,0.9954794516693294,0.01783780969750921,0.022223144248744275,0.008036226473142616,0.08504784688995215,0.08504784688995215
23,RandomForestClassifier,gender_blind,14,0.65,8842,3790,0,0.9738786279683377,0.9042519627710566,0.9861325115562404,0.8808213578189366,0.9574938551749337,0.9954794516693294,0.01783780969750921,0.022469210076827895,0.00774908103846661,0.08504784688995215,0.08504784688995215
23,RandomForestClassifier,gender_blind,14,0.675,8842,3790,0,0.9741424802110817,0.9089433327805351,0.9862668161434978,0.8827730477113885,0.9574938551749337,0.9954794516693294,0.01783780969750921,0.022715275904911403,0.007270612138945087,0.07344497607655501,0.07344497607655501
23,RandomForestClassifier,gender_blind,14,0.7,8842,3790,0,0.9741424802110817,0.9089433327805351,0.9862668161434978,0.8827730477113885,0.9574938551749337,0.9954794516693294,0.01783780969750921,0.022715275904911403,0.007270612138945087,0.07344497607655501,0.07344497607655501
24,LogisticRegression,gender_aware,15,0.3,8842,3790,0,0.9562005277044855,0.9586277658454241,0.9763397947548461,0.8410067768100471,0.9941342706635333,0.999656656804554,0.04342987573108978,0.03534372826338972,0.0174503778809586,0.053198294243070356,0.053198294243070356
24,LogisticRegression,gender_aware,15,0.325,8842,3790,0,0.9535620052770448,0.9595081982685278,0.9748715019988577,0.834657973221651,0.9941342706635333,0.999656656804554,0.04342987573108978,0.035137955019707845,0.017983837874690156,0.038272921108742,0.038272921108742
24,LogisticRegression,gender_aware,15,0.35,8842,3790,0,0.9498680738786279,0.9575545281596805,0.9728183118741058,0.8253922067845105,0.9941342706635333,0.999656656804554,0.04342987573108978,0.035813239044748424,0.01876803375887348,0.038272921108742,0.038272921108742
24,LogisticRegression,gender_aware,15,0.375,8842,3790,0,0.9496042216358839,0.9642427135116041,0.9726478590863525,0.8263574303806972,0.9941342706635333,0.999656656804554,0.04342987573108978,0.03450324600046373,0.01948825321740022,0.006503198294243071,0.01948825321740022
24,LogisticRegression,gender_aware,15,0.4,8842,3790,0,0.9448548812664908,0.961730851943086,0.9699928212491027,0.8150777114375595,0.9941342706635333,0.999656656804554,0.04342987573108978,0.03694064456294921,0.022150383373884086,0.006503198294243071,0.022150383373884086
24,LogisticRegression,gender_aware,15,0.425,8842,3790,0,0.9424802110817943,0.960474921158827,0.9686601495112134,0.8096505875761195,0.9941342706635333,0.999656656804554,0.04342987573108978,0.038708555529793576,0.024060305859012754,0.006503198294243071,0.024060305859012754
24,LogisticRegression,gender_aware,15,0.45,8842,3790,0,0.9401055408970976,0.959218990374568,0.9673240247588887,0.8043571150650684,0.9941342706635333,0.999656656804554,0.04342987573108978,0.04047646649663805,0.025970228344141533,0.006503198294243071,0.025970228344141533
24,LogisticRegression,gender_aware,15,0.475,8842,3790,0,0.937467018469657,0.9578235117253914,0.9658353755225602,0.7986253082900514,0.9941342706635333,0.999656656804554,0.04342987573108978,0.04048805935543709,0.02603420476979801,0.006503198294243071,0.02603420476979801
24,LogisticRegression,gender_aware,15,0.5,8842,3790,0,0.9356200527704486,0.9568466766709678,0.9647907647907648,0.7947030747030747,0.9941342706635333,0.999656656804554,0.04342987573108978,0.043571759795965725,0.02932058974632379,0.006503198294243071,0.02932058974632379
24,LogisticRegression,gender_aware,15,0.525,8842,3790,0,0.9321899736147757,0.9573084654993185,0.9628344179320318,0.788184126259249,0.9941342706635333,0.999656656804554,0.04342987573108978,0.045785995826570836,0.031262500444280694,0.0006396588486140727,0.031262500444280694
24,LogisticRegression,gender_aware,15,0.55,8842,3790,0,0.9284960422163588,0.9553547953904711,0.960730328937835,0.7808069906839397,0.9941342706635333,0.999656656804554,0.04342987573108978,0.046461279851611414,0.03204669632846402,0.0006396588486140727,0.03204669632846402
24,LogisticRegression,gender_aware,15,0.575,8842,3790,0,0.924802110817942,0.9534011252816238,0.9586176854944097,0.7736811371194993,0.9941342706635333,0.999656656804554,0.04342987573108978,0.05262868073266869,0.03861946628151569,0.0006396588486140727,0.03861946628151569
24,LogisticRegression,gender_aware,15,0.6,8842,3790,0,0.921108179419525,0.9514474551727765,0.9564964353266405,0.7667913576916088,0.9941342706635333,0.999656656804554,0.04342987573108978,0.055500811500115876,0.04171909179324629,0.0006396588486140727,0.04171909179324629
24,LogisticRegression,gender_aware,15,0.625,8842,3790,0,0.9187335092348285,0.9501915243885175,0.9551282051282052,0.762480303681421,0.9941342706635333,0.999656656804554,0.04342987573108978,0.05726872246696035,0.043629014278374956,0.0006396588486140727,0.043629014278374956
24,LogisticRegression,gender_aware,15,0.65,8842,3790,0,0.9176781002638522,0.9519092440011272,0.9545056867891514,0.7611863614001159,0.9941342706635333,0.999656656804554,0.04342987573108978,0.055518200788314376,0.04134557286365592,0.007782515991471215,0.04134557286365592
24,LogisticRegression,gender_aware,15,0.675,8842,3790,0,0.9158311345646438,0.9532083200189838,0.9534238574974448,0.758517674302758,0.9941342706635333,0.999656656804554,0.04342987573108978,0.05289241827034541,0.039312867339388546,0.007142857142857143,0.039312867339388546
24,LogisticRegression,gender_aware,15,0.7,8842,3790,0,0.9134564643799472,0.9519523892347249,0.952046783625731,0.7544017701912439,0.9941342706635333,0.999656656804554,0.04342987573108978,0.053561905865986525,0.04006507501074352,0.007142857142857143,0.04006507501074352
24,RandomForestClassifier,gender_aware,15,0.3,8842,3790,0,0.983377308707124,0.8774129308961669,0.9912536443148688,0.9120724454996094,0.991474097354523,0.9993150078421574,0.011535328237500635,0.017771852538836064,0.003787856757429209,0.01801705756929639,0.01801705756929639
24,RandomForestClassifier,gender_aware,15,0.325,8842,3790,0,0.9839050131926121,0.8890715819874043,0.9915218902015288,0.9165401658799852,0.991474097354523,0.9993150078421574,0.011535328237500635,0.02129608161372598,0.005196307461654559,0.05373134328358209,0.05373134328358209
24,RandomForestClassifier,gender_aware,15,0.35,8842,3790,0,0.9852242744063324,0.9057006988179555,0.9922070693014194,0.9250375448029939,0.991474097354523,0.9993150078421574,0.011535328237500635,0.021965569209366986,0.004977559784031138,0.059594882729211096,0.059594882729211096
24,RandomForestClassifier,gender_aware,15,0.375,8842,3790,0,0.9846965699208443,0.9168011584495221,0.9919152495121272,0.9245290533274921,0.991474097354523,0.9993150078421574,0.011535328237500635,0.022858219336888475,0.005948515133009646,0.05117270788912581,0.05117270788912581
24,RandomForestClassifier,gender_aware,15,0.4,8842,3790,0,0.9841688654353562,0.9187979737919671,0.9916317991631799,0.9226451678742729,0.991474097354523,0.9993150078421574,0.011535328237500635,0.023521910503130017,0.007356965837234997,0.03624733475479744,0.03624733475479744
24,RandomForestClassifier,gender_aware,15,0.425,8842,3790,0,0.9841688654353562,0.923349795936528,0.99162712810494,0.923349795936528,0.991474097354523,0.9993150078421574,0.011535328237500635,0.02198875492696495,0.005980503345837884,0.02846481876332624,0.02846481876332624
24,RandomForestClassifier,gender_aware,15,0.45,8842,3790,0,0.9841688654353562,0.9324534402256496,0.991617770326907,0.9247188377700886,0.991474097354523,0.9993150078421574,0.011535328237500635,0.025512984001854866,0.007858437618138314,0.057036247334754805,0.057036247334754805
24,RandomForestClassifier,gender_aware,15,0.475,8842,3790,0,0.9846965699208443,0.9372843581000457,0.9918949133594187,0.927551230264615,0.991474097354523,0.9993150078421574,0.011535328237500635,0.026394041270577318,0.007858437618138314,0.07132196162046908,0.07132196162046908
24,RandomForestClassifier,gender_aware,15,0.5,8842,3790,0,0.9846965699208443,0.9395602691723262,0.9918926474699469,0.9278712063640815,0.991474097354523,0.9993150078421574,0.011535328237500635,0.02727509853929977,0.008327921186213394,0.07846481876332623,0.07846481876332623
24,RandomForestClassifier,gender_aware,15,0.525,8842,3790,0,0.9839050131926121,0.9414175366498535,0.9914673380892433,0.9249680077917214,0.991474097354523,0.9993150078421574,0.011535328237500635,0.028379318339902593,0.009048140644740243,0.08560767590618337,0.08560767590618337
24,RandomForestClassifier,gender_aware,15,0.55,8842,3790,0,0.98311345646438,0.9409988930551005,0.9910439406661069,0.9217892514390442,0.991474097354523,0.9993150078421574,0.011535328237500635,0.027504057500579715,0.00814116172141821,0.08560767590618337,0.08560767590618337
24,RandomForestClassifier,gender_aware,15,0.575,8842,3790,0,0.9836411609498681,0.9458298109294967,0.9913213885778276,0.9245597768577212,0.991474097354523,0.9993150078421574,0.011535328237500635,0.027286691398098695,0.00814116172141821,0.07782515991471214,0.07782515991471214
24,RandomForestClassifier,gender_aware,15,0.6,8842,3790,0,0.9836411609498681,0.9458298109294967,0.9913213885778276,0.9245597768577212,0.991474097354523,0.9993150078421574,0.011535328237500635,0.027286691398098695,0.00814116172141821,0.07782515991471214,0.07782515991471214
24,RandomForestClassifier,gender_aware,15,0.625,8842,3790,0,0.9836411609498681,0.948105722001777,0.991318958274993,0.924883223429734,0.991474097354523,0.9993150078421574,0.011535328237500635,0.028167748666821146,0.00861064528949329,0.08496801705756929,0.08496801705756929
24,RandomForestClassifier,gender_aware,15,0.65,8842,3790,0,0.98311345646438,0.9478266262719417,0.9910364145658264,0.9227909345556404,0.991474097354523,0.9993150078421574,0.011535328237500635,0.029048805935543598,0.009549612425643561,0.08496801705756929,0.08496801705756929
24,RandomForestClassifier,gender_aware,15,0.675,8842,3790,0,0.9825857519788919,0.9475475305421064,0.9907537125245167,0.9207162227780954,0.991474097354523,0.9993150078421574,0.011535328237500635,0.02773301646185944,0.008173149934246449,0.08496801705756929,0.08496801705756929
24,RandomForestClassifier,gender_aware,15,0.7,8842,3790,0,0.98311345646438,0.9546543594887829,0.9910288758059994,0.9237655589792328,0.991474097354523,0.9993150078421574,0.011535328237500635,0.028396707628101092,0.008642633502321528,0.08432835820895522,0.08432835820895522
24,LogisticRegression,gender_blind,14,0.3,8842,3790,0,0.9575197889182058,0.957049594097732,0.97707532393564,0.8440134249839779,0.9941780900414059,0.9996591028218567,0.043065949392977,0.02896475770925111,0.012318046844960517,0.02398720682302772,0.02398720682302772
24,LogisticRegression,gender_blind,14,0.325,8842,3790,0,0.9538258575197889,0.9596477461334455,0.9750178443968593,0.8353350091549514,0.9941780900414059,0.9996591028218567,0.043065949392977,0.02920530952932998,0.01172578023774673,0.038272921108742,0.038272921108742
24,LogisticRegression,gender_blind,14,0.35,8842,3790,0,0.9517150395778364,0.963083185358665,0.9738309738309738,0.8310381444964068,0.9941780900414059,0.9996591028218567,0.043065949392977,0.03009795965685136,0.014105186290950589,0.008422174840085287,0.014105186290950589
24,LogisticRegression,gender_blind,14,0.375,8842,3790,0,0.9490765171503958,0.9639636177817688,0.9723535310127489,0.8250749291123844,0.9941780900414059,0.9996591028218567,0.043065949392977,0.029892186413169486,0.014638646284682144,0.006503198294243071,0.014638646284682144
24,LogisticRegression,gender_blind,14,0.4,8842,3790,0,0.946174142480211,0.9624285912676744,0.9707317073170731,0.8181527389044383,0.9941780900414059,0.9996591028218567,0.043065949392977,0.032541154648736303,0.017487535905961082,0.006503198294243071,0.017487535905961082
24,LogisticRegression,gender_blind,14,0.425,8842,3790,0,0.9435356200527705,0.9610331126184977,0.9692528735632184,0.8120457916203189,0.9941780900414059,0.9996591028218567,0.043065949392977,0.0336511708787387,0.01870922714539125,0.006503198294243071,0.01870922714539125
24,LogisticRegression,gender_blind,14,0.45,8842,3790,0,0.9398416886543536,0.9590794425096504,0.9671753527209905,0.8037769508084448,0.9941780900414059,0.9996591028218567,0.043065949392977,0.03652330164618589,0.021808852657121958,0.006503198294243071,0.021808852657121958
24,LogisticRegression,gender_blind,14,0.475,8842,3790,0,0.937730870712401,0.957963059590309,0.9659844335543384,0.7991915937242097,0.9941780900414059,0.9996591028218567,0.043065949392977,0.03894910734987245,0.024407006387949126,0.006503198294243071,0.024407006387949126
24,LogisticRegression,gender_blind,14,0.5,8842,3790,0,0.9353562005277045,0.95670712880605,0.9646413623899552,0.7941486381842249,0.9941780900414059,0.9996591028218567,0.043065949392977,0.0385201715743102,0.024001499245530633,0.006503198294243071,0.024001499245530633
24,LogisticRegression,gender_blind,14,0.525,8842,3790,0,0.9324538258575198,0.9551721022919557,0.9629950852847644,0.7881440683221406,0.9941780900414059,0.9996591028218567,0.043065949392977,0.04007071643867377,0.02569267405303577,0.006503198294243071,0.02569267405303577
24,LogisticRegression,gender_blind,14,0.55,8842,3790,0,0.9298153034300791,0.9560525347150595,0.9614827686070084,0.7834120074489048,0.9941780900414059,0.9996591028218567,0.043065949392977,0.04535706005100859,0.03085699330186209,0.0006396588486140727,0.03085699330186209
24,LogisticRegression,gender_blind,14,0.575,8842,3790,0,0.9274406332453826,0.9547966039308005,0.960127591706539,0.7787460798942651,0.9941780900414059,0.9996591028218567,0.043065949392977,0.04822339438905632,0.03392463060076456,0.0006396588486140727,0.03392463060076456
24,LogisticRegression,gender_blind,14,0.6,8842,3790,0,0.9226912928759895,0.9522847423622824,0.957406599796482,0.7697161386999529,0.9941780900414059,0.9996591028218567,0.043065949392977,0.05066079295154191,0.036586760757248205,0.0006396588486140727,0.036586760757248205
24,LogisticRegression,gender_blind,14,0.625,8842,3790,0,0.9182058047493403,0.9544642508032428,0.9547973170020414,0.7627172180578075,0.9941780900414059,0.9996591028218567,0.043065949392977,0.05112450730350104,0.03740294485425977,0.007142857142857143,0.03740294485425977
24,LogisticRegression,gender_blind,14,0.65,8842,3790,0,0.916622691292876,0.9536269636137369,0.9538820782253357,0.7599080720797008,0.9941780900414059,0.9996591028218567,0.043065949392977,0.051570832367261676,0.037904416635163196,0.007142857142857143,0.037904416635163196
24,LogisticRegression,gender_blind,14,0.675,8842,3790,0,0.9153034300791557,0.9529292242891485,0.9531181539360304,0.7575959118929811,0.9941780900414059,0.9996591028218567,0.043065949392977,0.04937978205425464,0.03562097522044405,0.007142857142857143,0.03562097522044405
24,LogisticRegression,gender_blind,14,0.7,8842,3790,0,0.9139841688654353,0.9522314849645602,0.9523531131248173,0.7553093478903219,0.9941780900414059,0.9996591028218567,0.043065949392977,0.05048400185485735,0.03681067824704587,0.007142857142857143,0.03681067824704587
24,RandomForestClassifier,gender_blind,14,0.3,8842,3790,0,0.9839050131926121,0.9027270484210868,0.9915077265766393,0.918927666814768,0.9895325618426252,0.9990522869131406,0.013113992327530124,0.02109030837004411,0.005697779242557877,0.030383795309168432,0.030383795309168432
24,RandomForestClassifier,gender_blind,14,0.325,8842,3790,0,0.98311345646438,0.9045843158986141,0.9910838673725272,0.9159399436365123,0.9895325618426252,0.9990522869131406,0.013113992327530124,0.022194528170646932,0.006417998701084726,0.03752665245202558,0.03752665245202558
24,RandomForestClassifier,gender_blind,14,0.35,8842,3790,0,0.9828496042216359,0.9044447680336964,0.9909432910686916,0.9148264842440232,0.9895325618426252,0.9990522869131406,0.013113992327530124,0.02153663343380474,0.005729767455386114,0.03752665245202558,0.03752665245202558
24,RandomForestClassifier,gender_blind,14,0.375,8842,3790,0,0.9815303430079155,0.9105747619259493,0.9902316494557634,0.9105747619259493,0.9895325618426252,0.9990522869131406,0.013113992327530124,0.02308717829816842,0.006012491558666122,0.05895522388059701,0.05895522388059701
24,RandomForestClassifier,gender_blind,14,0.4,8842,3790,0,0.9812664907651715,0.912711125133312,0.9900879519754293,0.9099120815033022,0.9895325618426252,0.9990522869131406,0.013113992327530124,0.024408764201252042,0.0069514586948162815,0.06609808102345416,0.06609808102345416
24,RandomForestClassifier,gender_blind,14,0.425,8842,3790,0,0.9812664907651715,0.9195388583501533,0.9900796423082298,0.9111154712723182,0.9895325618426252,0.9990522869131406,0.013113992327530124,0.023756665893809426,0.00720219458526794,0.043390191897654584,0.043390191897654584
24,RandomForestClassifier,gender_blind,14,0.45,8842,3790,0,0.9815303430079155,0.9242302283596318,0.9902152641878669,0.9129480076807879,0.9895325618426252,0.9990522869131406,0.013113992327530124,0.023979828425689798,0.007671678153343131,0.035607675906183384,0.035607675906183384
24,RandomForestClassifier,gender_blind,14,0.475,8842,3790,0,0.9812664907651715,0.9309184137115553,0.9900657618581223,0.9130467377419942,0.9895325618426252,0.9990522869131406,0.013113992327530124,0.025965105495014962,0.00839189761186998,0.057036247334754805,0.057036247334754805
24,RandomForestClassifier,gender_blind,14,0.5,8842,3790,0,0.9810026385224274,0.9353306879911985,0.9899187902548305,0.9127676143054975,0.9895325618426252,0.9990522869131406,0.013113992327530124,0.025970901924414536,0.007484918688547948,0.07132196162046908,0.07132196162046908
24,RandomForestClassifier,gender_blind,14,0.525,8842,3790,0,0.9802110817941952,0.9371879554687257,0.9894913829340058,0.9100955786001858,0.9895325618426252,0.9990522869131406,0.013113992327530124,0.024878274982610638,0.0058897085195273036,0.07846481876332623,0.07846481876332623
24,RandomForestClassifier,gender_blind,14,0.55,8842,3790,0,0.9799472295514512,0.9370484076038081,0.9893497757847534,0.9090893023067911,0.9895325618426252,0.9990522869131406,0.013113992327530124,0.024220380245768558,0.005201477273828803,0.07846481876332623,0.07846481876332623
24,RandomForestClassifier,gender_blind,14,0.575,8842,3790,0,0.9796833773087071,0.9369088597388904,0.9892081289418361,0.9080872105383337,0.9895325618426252,0.9990522869131406,0.013113992327530124,0.02356248550892648,0.004513246028130191,0.07846481876332623,0.07846481876332623
24,RandomForestClassifier,gender_blind,14,0.6,8842,3790,0,0.9794195250659631,0.9367693118739727,0.9890664423885618,0.90708927500594,0.9895325618426252,0.9990522869131406,0.013113992327530124,0.0229045907720844,0.0038250147824316905,0.07846481876332623,0.07846481876332623
24,RandomForestClassifier,gender_blind,14,0.625,8842,3790,0,0.978891820580475,0.9364902161441374,0.9887829500841279,0.9051057607563496,0.9895325618426252,0.9990522869131406,0.013113992327530124,0.02378564804080685,0.004763981918581961,0.07846481876332623,0.07846481876332623
24,RandomForestClassifier,gender_blind,14,0.65,8842,3790,0,0.978891820580475,0.9364902161441374,0.9887829500841279,0.9051057607563496,0.9895325618426252,0.9990522869131406,0.013113992327530124,0.02378564804080685,0.004763981918581961,0.07846481876332623,0.07846481876332623
24,RandomForestClassifier,gender_blind,14,0.675,8842,3790,0,0.9783641160949869,0.9430388536311434,0.9884896125772038,0.9043325255868475,0.9895325618426252,0.9990522869131406,0.013113992327530124,0.026211453744493296,0.007111399758957582,0.07782515991471214,0.07782515991471214
24,RandomForestClassifier,gender_blind,14,0.7,8842,3790,0,0.978891820580475,0.9478697715055394,0.988767200224656,0.9070473555708434,0.9895325618426252,0.9990522869131406,0.013113992327530124,0.025994087642012498,0.007111399758957582,0.07004264392324094,0.07004264392324094
25,LogisticRegression,gender_aware,15,0.3,8842,3790,0,0.9651715039577836,0.9428891936021011,0.9813242784380306,0.8617558892190154,0.9910864643964183,0.9994674763270115,0.036313394754563404,0.03464739021520047,0.005869197969700202,0.05877483443708609,0.05877483443708609
25,LogisticRegression,gender_aware,15,0.325,8842,3790,0,0.9622691292875989,0.9459059892325676,0.9797249397419537,0.8541888455825518,0.9910864643964183,0.9994674763270115,0.036313394754563404,0.03577551213694097,0.007395853064843139,0.04754020813623462,0.04754020813623462
25,LogisticRegression,gender_aware,15,0.35,8842,3790,0,0.9580474934036939,0.9459491344661655,0.9773987206823028,0.8428278007081239,0.9910864643964183,0.9994674763270115,0.036313394754563404,0.03493383760431512,0.006195855126584493,0.05416272469252601,0.05416272469252601
25,LogisticRegression,gender_aware,15,0.375,8842,3790,0,0.9564643799472295,0.9519395804935006,0.9765057667663392,0.8401379821264371,0.9910864643964183,0.9994674763270115,0.036313394754563404,0.03254320388363574,0.0035236449526636626,0.04955061494796594,0.04955061494796594
25,LogisticRegression,gender_aware,15,0.4,8842,3790,0,0.954353562005277,0.9530991086464397,0.9753315271638386,0.8351084443579334,0.9910864643964183,0.9994674763270115,0.036313394754563404,0.03146576779920074,0.0020056878291537794,0.05617313150425733,0.05617313150425733
25,LogisticRegression,gender_aware,15,0.425,8842,3790,0,0.9519788918205805,0.9563950000067415,0.974,0.830103448275862,0.9910864643964183,0.9994674763270115,0.036313394754563404,0.029516245679756525,0.00027865723935394104,0.044938505203405865,0.044938505203405865
25,LogisticRegression,gender_aware,15,0.45,8842,3790,0,0.9485488126649076,0.9545808777628118,0.9720910261914985,0.8216273006168284,0.9910864643964183,0.9994674763270115,0.036313394754563404,0.027566723560312312,0.0016574468167356304,0.044938505203405865,0.044938505203405865
25,LogisticRegression,gender_aware,15,0.475,8842,3790,0,0.9472295514511874,0.9538831384382235,0.9713549126324835,0.8184533760486832,0.9910864643964183,0.9994674763270115,0.036313394754563404,0.029772281566487813,0.0007055021435667941,0.044938505203405865,0.044938505203405865
25,LogisticRegression,gender_aware,15,0.5,8842,3790,0,0.945910290237467,0.9531853991136352,0.9706177440160527,0.8153254557559534,0.9910864643964183,0.9994674763270115,0.036313394754563404,0.031977839572663425,0.0030684511038693296,0.044938505203405865,0.044938505203405865
25,LogisticRegression,gender_aware,15,0.525,8842,3790,0,0.9414248021108179,0.9508130854100347,0.968103448275862,0.8050194660734149,0.9910864643964183,0.9994674763270115,0.036313394754563404,0.036183605535588526,0.007639718417664976,0.044938505203405865,0.044938505203405865
25,LogisticRegression,gender_aware,15,0.55,8842,3790,0,0.9379947229551451,0.9489989631661051,0.9661724485389377,0.7974622116312382,0.9910864643964183,0.9994674763270115,0.036313394754563404,0.03752721467421605,0.009166373512807913,0.044938505203405865,0.044938505203405865
25,LogisticRegression,gender_aware,15,0.575,8842,3790,0,0.9369393139841689,0.9529925938509952,0.9655569966854014,0.7963510412444168,0.9910864643964183,0.9994674763270115,0.036313394754563404,0.03666526580666807,0.00853915311393827,0.0337038789025544,0.0337038789025544
25,LogisticRegression,gender_aware,15,0.6,8842,3790,0,0.9343007915567282,0.953873026274099,0.964053702901689,0.7913683522165413,0.9910864643964183,0.9994674763270115,0.036313394754563404,0.03647005292470307,0.007966375574549267,0.04032639545884579,0.04032639545884579
25,LogisticRegression,gender_aware,15,0.625,8842,3790,0,0.9311345646437995,0.952198451895087,0.9622559652928416,0.7848873811426614,0.9910864643964183,0.9994674763270115,0.036313394754563404,0.03627484004273829,0.007866187827220927,0.04032639545884579,0.04032639545884579
25,LogisticRegression,gender_aware,15,0.65,8842,3790,0,0.9282321899736148,0.9506634253809927,0.9606025492468134,0.779117842670744,0.9910864643964183,0.9994674763270115,0.036313394754563404,0.03783393639825283,0.009601916388653708,0.04032639545884579,0.04032639545884579
25,LogisticRegression,gender_aware,15,0.675,8842,3790,0,0.924802110817942,0.948849303137063,0.9586417065737919,0.7724993728805098,0.9910864643964183,0.9994674763270115,0.036313394754563404,0.03588441427880862,0.007665812332564026,0.04032639545884579,0.04032639545884579
25,LogisticRegression,gender_aware,15,0.7,8842,3790,0,0.9216358839050132,0.947174728758051,0.9568251199302225,0.7665723317197475,0.9910864643964183,0.9994674763270115,0.036313394754563404,0.03678691181620097,0.008719877635646522,0.04032639545884579,0.04032639545884579
25,RandomForestClassifier,gender_aware,15,0.3,8842,3790,0,0.9815303430079155,0.8536769851189393,0.99029933481153,0.8989958212519189,0.9827378616952571,0.9985913379013386,0.014927299351279608,0.02424839420026581,0.0024173918197831767,0.018803216650898735,0.018803216650898735
25,RandomForestClassifier,gender_aware,15,0.325,8842,3790,0,0.9817941952506596,0.8583683551284178,0.9904339387217523,0.9012115197695956,0.9827378616952571,0.9985913379013386,0.014927299351279608,0.0255717290039712,0.0028899816118436172,0.03204824976348153,0.03204824976348153
25,RandomForestClassifier,gender_aware,15,0.35,8842,3790,0,0.9815303430079155,0.8605047183357805,0.9902912621359223,0.9005510364733667,0.9827378616952571,0.9985913379013386,0.014927299351279608,0.026895063807676478,0.0038351611959646092,0.0386707663197729,0.0386707663197729
25,RandomForestClassifier,gender_aware,15,0.375,8842,3790,0,0.9810026385224274,0.8625015336782256,0.9900083263946711,0.8987474787053569,0.9827378616952571,0.9985913379013386,0.014927299351279608,0.028659510212616923,0.005252930572146042,0.04529328287606432,0.04529328287606432
25,RandomForestClassifier,gender_aware,15,0.4,8842,3790,0,0.9807387862796834,0.8691897190301491,0.9898597027364912,0.8991293264338625,0.9827378616952571,0.9985913379013386,0.014927299351279608,0.029551870582548267,0.005989036689977301,0.04068117313150424,0.04068117313150424
25,RandomForestClassifier,gender_aware,15,0.425,8842,3790,0,0.9810026385224274,0.8761570001119079,0.9899916597164303,0.901731581153552,0.9827378616952571,0.9985913379013386,0.014927299351279608,0.03175742858872377,0.006934216274098293,0.0605487228003784,0.0605487228003784
25,RandomForestClassifier,gender_aware,15,0.45,8842,3790,0,0.9812664907651715,0.878572459049106,0.9901292923675796,0.9033333800339189,0.9827378616952571,0.9985913379013386,0.014927299351279608,0.032198540189958935,0.006934216274098293,0.0671712393566698,0.0671712393566698
25,RandomForestClassifier,gender_aware,15,0.475,8842,3790,0,0.9812664907651715,0.8831242811936668,0.9901238002503825,0.9042690612505109,0.9827378616952571,0.9985913379013386,0.014927299351279608,0.032865276175542246,0.0067251428078083375,0.08041627246925259,0.08041627246925259
25,RandomForestClassifier,gender_aware,15,0.5,8842,3790,0,0.9802110817941952,0.8848420008062765,0.9895586802171794,0.900320901821436,0.9827378616952571,0.9985913379013386,0.014927299351279608,0.031121104105523933,0.005625332616878143,0.06255912961210974,0.06255912961210974
25,RandomForestClassifier,gender_aware,15,0.525,8842,3790,0,0.9799472295514512,0.8869783640136393,0.9894150417827298,0.899707520891365,0.9827378616952571,0.9985913379013386,0.014927299351279608,0.03134672848987197,0.005416259150588298,0.06918164616840114,0.06918164616840114
25,RandomForestClassifier,gender_aware,15,0.55,8842,3790,0,0.9799472295514512,0.8915301861582001,0.9894091415830546,0.9006451648509333,0.9827378616952571,0.9985913379013386,0.014927299351279608,0.03311117489481241,0.006361438734709179,0.0824266792809839,0.0824266792809839
25,RandomForestClassifier,gender_aware,15,0.575,8842,3790,0,0.9799472295514512,0.8938060972304804,0.9894061890158907,0.9011070353946449,0.9827378616952571,0.9985913379013386,0.014927299351279608,0.031797977258568144,0.005679775476358895,0.06456953642384106,0.06456953642384106
25,RandomForestClassifier,gender_aware,15,0.6,8842,3790,0,0.9799472295514512,0.8983579193750413,0.9894002789400279,0.9020172126407456,0.9827378616952571,0.9985913379013386,0.014927299351279608,0.032464713244151344,0.006624955060479887,0.053334910122989604,0.053334910122989604
25,RandomForestClassifier,gender_aware,15,0.625,8842,3790,0,0.9799472295514512,0.8983579193750413,0.9894002789400279,0.9020172126407456,0.9827378616952571,0.9985913379013386,0.014927299351279608,0.032464713244151344,0.006624955060479887,0.053334910122989604,0.053334910122989604
25,RandomForestClassifier,gender_aware,15,0.65,8842,3790,0,0.9804749340369393,0.9031888372494374,0.9896763392857143,0.9050323444001387,0.9827378616952571,0.9985913379013386,0.014927299351279608,0.03334693644662157,0.006624955060479887,0.06657994323557237,0.06657994323557237
25,RandomForestClassifier,gender_aware,15,0.675,8842,3790,0,0.9794195250659631,0.9049065568620471,0.9891091873778274,0.9012531582822152,0.9827378616952571,0.9985913379013386,0.014927299351279608,0.033798185215317744,0.006679397919960639,0.07320245979186377,0.07320245979186377
25,RandomForestClassifier,gender_aware,15,0.7,8842,3790,0,0.9794195250659631,0.9117342900788884,0.9891000558971492,0.9025688958731028,0.9827378616952571,0.9985913379013386,0.014927299351279608,0.03315172356465679,0.006942914245731235,0.04411069063386944,0.04411069063386944
25,LogisticRegression,gender_blind,14,0.3,8842,3790,0,0.9651715039577836,0.9428891936021011,0.9813242784380306,0.8617558892190154,0.9911154526002419,0.9994690336973698,0.03634369775745178,0.030256548537771488,0.002406438818467471,0.03429517502365184,0.03429517502365184
25,LogisticRegression,gender_blind,14,0.325,8842,3790,0,0.9620052770448548,0.9434905302953696,0.9795860504678197,0.8529108959563433,0.9911154526002419,0.9994690336973698,0.03634369775745178,0.02874813801956244,0.00047033476237789973,0.040917691579943224,0.040917691579943224
25,LogisticRegression,gender_blind,14,0.35,8842,3790,0,0.9583113456464379,0.946088682331083,0.9775440591245026,0.8435514413269571,0.9911154526002419,0.9994690336973698,0.03634369775745178,0.02680875306757924,0.0012022529679411864,0.029683065279091772,0.029683065279091772
25,LogisticRegression,gender_blind,14,0.375,8842,3790,0,0.9559366754617414,0.9516604847636652,0.9762142144993591,0.838733225317658,0.9911154526002419,0.9994690336973698,0.03634369775745178,0.029034585408676983,0.00014818766485880097,0.04955061494796594,0.04955061494796594
25,LogisticRegression,gender_blind,14,0.4,8842,3790,0,0.9538258575197889,0.9550959239888848,0.9750321015836781,0.8342761208443785,0.9911154526002419,0.9994690336973698,0.03634369775745178,0.026643951687997713,0.00234780804671908,0.03831598864711447,0.03831598864711447
25,LogisticRegression,gender_blind,14,0.425,8842,3790,0,0.9511873350923483,0.9559763564119885,0.9735600971845076,0.8281179559678971,0.9911154526002419,0.9994690336973698,0.03634369775745178,0.024253317967318333,0.005229091686929754,0.044938505203405865,0.044938505203405865
25,LogisticRegression,gender_blind,14,0.45,8842,3790,0,0.9493403693931398,0.9549995213575648,0.9725321888412017,0.8235542300138212,0.9911154526002419,0.9994690336973698,0.03634369775745178,0.026243388756606922,0.003075216192917063,0.044938505203405865,0.044938505203405865
25,LogisticRegression,gender_blind,14,0.475,8842,3790,0,0.9477572559366755,0.9541622341680588,0.9716494845360825,0.8197173597177057,0.9911154526002419,0.9994690336973698,0.03634369775745178,0.02889005836401759,0.00023967744055419793,0.044938505203405865,0.044938505203405865
25,LogisticRegression,gender_blind,14,0.5,8842,3790,0,0.9456464379947229,0.9530458512487174,0.9704701834862385,0.814705290418616,0.9911154526002419,0.9994690336973698,0.03634369775745178,0.029125819915826745,7.828174469715066e-05,0.044938505203405865,0.044938505203405865
25,LogisticRegression,gender_blind,14,0.525,8842,3790,0,0.9408970976253298,0.9505339896801994,0.9678068410462777,0.8038391118414668,0.9911154526002419,0.9994690336973698,0.03634369775745178,0.03157727664127252,0.002813632749731676,0.044938505203405865,0.044938505203405865
25,LogisticRegression,gender_blind,14,0.55,8842,3790,0,0.9390501319261214,0.9518330656980561,0.9667578068786876,0.8003361142158889,0.9911154526002419,0.9994690336973698,0.03634369775745178,0.032254149794316955,0.00428584498539375,0.027081362346263006,0.027081362346263006
25,LogisticRegression,gender_blind,14,0.575,8842,3790,0,0.9356200527704486,0.9522948545264069,0.9648110758580906,0.7935510487649586,0.9911154526002419,0.9994690336973698,0.03634369775745178,0.031186850877342964,0.0028223307213647297,0.0337038789025544,0.0337038789025544
25,LogisticRegression,gender_blind,14,0.6,8842,3790,0,0.933245382585752,0.9533148348144282,0.9634551495016611,0.789185717825412,0.9911154526002419,0.9994690336973698,0.03634369775745178,0.0327459472328574,0.004085469490736959,0.04032639545884579,0.04032639545884579
25,LogisticRegression,gender_blind,14,0.625,8842,3790,0,0.9306068601583114,0.9519193561652517,0.9619557355706639,0.7838264434974759,0.9911154526002419,0.9994690336973698,0.03634369775745178,0.031668511148422285,0.0030401021592875166,0.04032639545884579,0.04032639545884579
25,LogisticRegression,gender_blind,14,0.65,8842,3790,0,0.9274406332453826,0.9502447817862396,0.9601507027966961,0.7775716695132229,0.9911154526002419,0.9994690336973698,0.03634369775745178,0.03257100868581464,0.004094167462370013,0.04032639545884579,0.04032639545884579
25,LogisticRegression,gender_blind,14,0.675,8842,3790,0,0.924802110817942,0.948849303137063,0.9586417065737919,0.7724993728805098,0.9911154526002419,0.9994690336973698,0.03634369775745178,0.03259128302073688,0.0042030531813315175,0.04032639545884579,0.04032639545884579
25,LogisticRegression,gender_blind,14,0.7,8842,3790,0,0.9221635883905013,0.9474538244878863,0.9571283243714577,0.7675484254189191,0.9911154526002419,0.9994690336973698,0.03634369775745178,0.03370926777501626,0.005466191950703747,0.04032639545884579,0.04032639545884579
25,RandomForestClassifier,gender_blind,14,0.3,8842,3790,0,0.9812664907651715,0.8535374372540216,0.9901593901593901,0.8978194211070923,0.9778220016422154,0.9980104362908591,0.016052087297759785,0.02578721622085811,0.004044234662254564,0.018803216650898735,0.018803216650898735
25,RandomForestClassifier,gender_blind,14,0.325,8842,3790,0,0.9817941952506596,0.8606442662006981,0.9904312855359867,0.9017197078086437,0.9778220016422154,0.9980104362908591,0.016052087297759785,0.027551662625798556,0.004516824454315005,0.0386707663197729,0.0386707663197729
25,RandomForestClassifier,gender_blind,14,0.35,8842,3790,0,0.9810026385224274,0.8647774447505059,0.9900055524708495,0.899258095384361,0.9778220016422154,0.9980104362908591,0.016052087297759785,0.027346312576372656,0.003417014263384921,0.05191579943235569,0.05191579943235569
25,RandomForestClassifier,gender_blind,14,0.375,8842,3790,0,0.9804749340369393,0.8713260822375117,0.9897165091717621,0.8985040879192143,0.9778220016422154,0.9980104362908591,0.016052087297759785,0.02758207412818192,0.003471457122865562,0.047303689687795636,0.047303689687795636
25,RandomForestClassifier,gender_blind,14,0.4,8842,3790,0,0.9799472295514512,0.8710469865076764,0.9894356408117876,0.8962722245509716,0.9778220016422154,0.9980104362908591,0.016052087297759785,0.028464297330652144,0.004416636706986554,0.047303689687795636,0.047303689687795636
25,RandomForestClassifier,gender_blind,14,0.425,8842,3790,0,0.9796833773087071,0.8777351718596,0.9892862112146932,0.8966787290170157,0.9778220016422154,0.9980104362908591,0.016052087297759785,0.030454368119940622,0.005152742824817702,0.0671712393566698,0.0671712393566698
25,RandomForestClassifier,gender_blind,14,0.45,8842,3790,0,0.9783641160949869,0.8793133436072921,0.9885793871866295,0.8917896935933147,0.9778220016422154,0.9980104362908591,0.016052087297759785,0.03024901807051472,0.004525522425948059,0.0737937559129612,0.0737937559129612
25,RandomForestClassifier,gender_blind,14,0.475,8842,3790,0,0.9786279683377309,0.8817288025444902,0.9887170915169243,0.8933610395240482,0.9778220016422154,0.9980104362908591,0.016052087297759785,0.03069012967174989,0.004525522425948059,0.08041627246925259,0.08041627246925259
25,RandomForestClassifier,gender_blind,14,0.5,8842,3790,0,0.9786279683377309,0.8840047136167706,0.9887139473317542,0.8938606957502444,0.9778220016422154,0.9980104362908591,0.016052087297759785,0.030474642454862755,0.003843859167597663,0.08703878902554399,0.08703878902554399
25,RandomForestClassifier,gender_blind,14,0.525,8842,3790,0,0.9773087071240105,0.8855828853644626,0.9880055788005578,0.8891247406197911,0.9778220016422154,0.9980104362908591,0.016052087297759785,0.028073871566722364,0.0009081326679062363,0.09366130558183536,0.09366130558183536
25,RandomForestClassifier,gender_blind,14,0.55,8842,3790,0,0.9767810026385224,0.8875797007069077,0.9877197878872453,0.8875797007069077,0.9778220016422154,0.9980104362908591,0.016052087297759785,0.028740607552305675,0.00232590204408778,0.07580416272469251,0.07580416272469251
25,RandomForestClassifier,gender_blind,14,0.575,8842,3790,0,0.9767810026385224,0.8875797007069077,0.9877197878872453,0.8875797007069077,0.9778220016422154,0.9980104362908591,0.016052087297759785,0.028740607552305675,0.00232590204408778,0.07580416272469251,0.07580416272469251
25,RandomForestClassifier,gender_blind,14,0.6,8842,3790,0,0.9762532981530343,0.8895765160493527,0.987433677743647,0.8860613364794789,0.9778220016422154,0.9980104362908591,0.016052087297759785,0.02830963311853163,0.002589418369858376,0.05794701986754966,0.05794701986754966
25,RandomForestClassifier,gender_blind,14,0.625,8842,3790,0,0.9762532981530343,0.8895765160493527,0.987433677743647,0.8860613364794789,0.9778220016422154,0.9980104362908591,0.016052087297759785,0.02830963311853163,0.002589418369858376,0.05794701986754966,0.05794701986754966
25,RandomForestClassifier,gender_blind,14,0.65,8842,3790,0,0.9765171503957784,0.8988197082033921,0.9875611460517121,0.8890746906729148,0.9778220016422154,0.9980104362908591,0.016052087297759785,0.027006572649748373,0.0016986816452181364,0.03547776726584673,0.03547776726584673
25,RandomForestClassifier,gender_blind,14,0.675,8842,3790,0,0.9762532981530343,0.9055078935553156,0.9874090654728596,0.889537866069763,0.9778220016422154,0.9980104362908591,0.016052087297759785,0.026801222600322472,0.00012628166222750092,0.05534531693472089,0.05534531693472089
25,RandomForestClassifier,gender_blind,14,0.7,8842,3790,0,0.9759894459102902,0.9053683456903978,0.9872673849167483,0.8885528610495981,0.9778220016422154,0.9980104362908591,0.016052087297759785,0.02724233420155764,0.0005988714542879414,0.05534531693472089,0.05534531693472089
26,LogisticRegression,gender_aware,15,0.3,8842,3790,0,0.9649076517150396,0.9427496457371836,0.9811801330125938,0.8609604368766672,0.9917309463232845,0.9995076950550773,0.03672980263935409,0.04441106496699043,0.02039254208934327,0.15253496503496503,0.15253496503496503
26,LogisticRegression,gender_aware,15,0.325,8842,3790,0,0.9630606860158312,0.9440487217550402,0.9801643525077925,0.8559825593956587,0.9917309463232845,0.9995076950550773,0.03672980263935409,0.04503610570521355,0.02179892430240138,0.13690996503496503,0.13690996503496503
26,LogisticRegression,gender_aware,15,0.35,8842,3790,0,0.9596306068601583,0.944510510583391,0.9782763027119126,0.8466800507972971,0.9917309463232845,0.9995076950550773,0.03672980263935409,0.04276931457357558,0.020194455521298282,0.12128496503496503,0.12128496503496503
26,LogisticRegression,gender_aware,15,0.375,8842,3790,0,0.9588390501319262,0.9486436891331989,0.9778283115406481,0.8455318028291476,0.9917309463232845,0.9995076950550773,0.03672980263935409,0.043623071336120645,0.021363847094027832,0.11265297202797203,0.11265297202797203
26,LogisticRegression,gender_aware,15,0.4,8842,3790,0,0.9562005277044855,0.9495241215563025,0.9763667425968109,0.8389027957588371,0.9917309463232845,0.9995076950550773,0.03672980263935409,0.0411479332917416,0.019522387672596286,0.09702797202797203,0.09702797202797203
26,LogisticRegression,gender_aware,15,0.425,8842,3790,0,0.9525065963060686,0.9498463625197355,0.9743150684931506,0.829814876903918,0.9917309463232845,0.9995076950550773,0.03672980263935409,0.04042104699561422,0.01954573011596661,0.08140297202797203,0.08140297202797203
26,LogisticRegression,gender_aware,15,0.45,8842,3790,0,0.9488126649076517,0.9478926924108882,0.9722619388046897,0.820601959163437,0.9917309463232845,0.9995076950550773,0.03672980263935409,0.03661435102846555,0.015618039818317997,0.08140297202797203,0.08140297202797203
26,LogisticRegression,gender_aware,15,0.475,8842,3790,0,0.946174142480211,0.9510490359062724,0.9707736389684813,0.8153868194842406,0.9917309463232845,0.9995076950550773,0.03672980263935409,0.03501333885821245,0.014242780863086835,0.07277097902097902,0.07277097902097902
26,LogisticRegression,gender_aware,15,0.5,8842,3790,0,0.9437994722955145,0.9520690161942937,0.9694360740421868,0.8104136180358233,0.9917309463232845,0.9995076950550773,0.03672980263935409,0.03210113787677027,0.011935120975454794,0.057145979020979024,0.057145979020979024
26,LogisticRegression,gender_aware,15,0.525,8842,3790,0,0.941688654353562,0.9509526332749525,0.9682516879758656,0.8056121121624078,0.9917309463232845,0.9995076950550773,0.03672980263935409,0.03339195757637836,0.013341503188512904,0.057145979020979024,0.057145979020979024
26,LogisticRegression,gender_aware,15,0.55,8842,3790,0,0.9393139841688655,0.9496967024906935,0.966915995397008,0.8003369785902237,0.9917309463232845,0.9995076950550773,0.03672980263935409,0.03401699831460159,0.014052475109498808,0.057145979020979024,0.057145979020979024
26,LogisticRegression,gender_aware,15,0.575,8842,3790,0,0.9353562005277045,0.9498793955892089,0.9646719538572458,0.7924134963084679,0.9917309463232845,0.9995076950550773,0.03672980263935409,0.03924138444777592,0.019188461052160655,0.06413898601398602,0.06413898601398602
26,LogisticRegression,gender_aware,15,0.6,8842,3790,0,0.9329815303430079,0.9508993758772302,0.963316002310803,0.7880604401797917,0.9917309463232845,0.9995076950550773,0.03672980263935409,0.040740551060124974,0.021527244197619755,0.048513986013986016,0.048513986013986016
26,LogisticRegression,gender_aware,15,0.625,8842,3790,0,0.9306068601583114,0.9496434450929712,0.9619667389732466,0.7832390085843677,0.9917309463232845,0.9995076950550773,0.03672980263935409,0.04026274989990031,0.021076605360332845,0.048513986013986016,0.048513986013986016
26,LogisticRegression,gender_aware,15,0.65,8842,3790,0,0.929023746701847,0.9533579800480261,0.9610427226647357,0.7812621020731085,0.9917309463232845,0.9995076950550773,0.03672980263935409,0.04242769547363423,0.02364459833166377,0.03988199300699301,0.03988199300699301
26,LogisticRegression,gender_aware,15,0.675,8842,3790,0,0.9266490765171504,0.9543779603360474,0.9596750797795184,0.7772136331842199,0.9917309463232845,0.9995076950550773,0.03672980263935409,0.042824020187535505,0.024821770718849945,0.024256993006993008,0.024821770718849945
26,LogisticRegression,gender_aware,15,0.7,8842,3790,0,0.9237467018469657,0.9528429338219531,0.9580124945517943,0.7716891741051655,0.9917309463232845,0.9995076950550773,0.03672980263935409,0.047631712495227796,0.029949975847055055,0.024256993006993008,0.029949975847055055
26,RandomForestClassifier,gender_aware,15,0.3,8842,3790,0,0.9812664907651715,0.8603651704708628,0.9901511998890276,0.8993882684081256,0.9880831516514512,0.9991161717637521,0.015109820624677424,0.0220504362481726,0.004203585010260968,0.07637674825174823,0.07637674825174823
26,RandomForestClassifier,gender_aware,15,0.325,8842,3790,0,0.9810026385224274,0.8647774447505059,0.9900055524708495,0.899258095384361,0.9880831516514512,0.9991161717637521,0.015109820624677424,0.020927225238144054,0.003278964892316827,0.06774475524475523,0.06774475524475523
26,RandomForestClassifier,gender_aware,15,0.35,8842,3790,0,0.9810026385224274,0.8693292668950667,0.99,0.9002631578947369,0.9880831516514512,0.9991161717637521,0.015109820624677424,0.022675476986395715,0.0042113658247177055,0.08173076923076922,0.08173076923076922
26,RandomForestClassifier,gender_aware,15,0.375,8842,3790,0,0.9807387862796834,0.8737415411747098,0.989854065323141,0.9001218378563758,0.9880831516514512,0.9991161717637521,0.015109820624677424,0.02265510787481495,0.004448356465046377,0.07309877622377622,0.07309877622377622
26,RandomForestClassifier,gender_aware,15,0.4,8842,3790,0,0.9786279683377309,0.874901069327649,0.9887265135699373,0.8918316112153484,0.9880831516514512,0.9991161717637521,0.015109820624677424,0.025922895346996544,0.007482549902577795,0.08009178321678323,0.08009178321678323
26,RandomForestClassifier,gender_aware,15,0.425,8842,3790,0,0.9786279683377309,0.8771769803999293,0.9887233746345538,0.892346573967151,0.9880831516514512,0.9991161717637521,0.015109820624677424,0.025694179322674704,0.006787139610505477,0.08708479020979021,0.08708479020979021
26,RandomForestClassifier,gender_aware,15,0.45,8842,3790,0,0.9786279683377309,0.8794528914722097,0.9887202339507033,0.8928563575768553,0.9880831516514512,0.9991161717637521,0.015109820624677424,0.026568305196800535,0.007253340076705861,0.09407779720279721,0.09407779720279721
26,RandomForestClassifier,gender_aware,15,0.475,8842,3790,0,0.978891820580475,0.8841442614816882,0.988854834215659,0.8949249295456405,0.9880831516514512,0.9991161717637521,0.015109820624677424,0.02677665210954161,0.007719540542906356,0.08544580419580419,0.08544580419580419
26,RandomForestClassifier,gender_aware,15,0.5,8842,3790,0,0.9786279683377309,0.8862806246890509,0.9887108013937282,0.8943554006968641,0.9880831516514512,0.9991161717637521,0.015109820624677424,0.025882157123834904,0.006328719958761719,0.0924388111888112,0.0924388111888112
26,RandomForestClassifier,gender_aware,15,0.525,8842,3790,0,0.9781002638522427,0.8973810843206176,0.9884126762529666,0.8946859544334378,0.9880831516514512,0.9991161717637521,0.015109820624677424,0.028921228571694657,0.007268901705619446,0.12740384615384615,0.12740384615384615
26,RandomForestClassifier,gender_aware,15,0.55,8842,3790,0,0.9775725593667546,0.8993778996630627,0.988126833356614,0.8931132979134614,0.9880831516514512,0.9991161717637521,0.015109820624677424,0.029566638421498648,0.0075058923459480065,0.13439685314685315,0.13439685314685315
26,RandomForestClassifier,gender_aware,15,0.575,8842,3790,0,0.9775725593667546,0.9039297218076234,0.9881201956673655,0.8940600978336828,0.9880831516514512,0.9991161717637521,0.015109820624677424,0.03131489016975031,0.008438293278348996,0.14838286713286714,0.14838286713286714
26,RandomForestClassifier,gender_aware,15,0.6,8842,3790,0,0.9778364116094986,0.9108970028893824,0.9882517482517482,0.896451455521223,0.9880831516514512,0.9991161717637521,0.015109820624677424,0.032397362956617326,0.009370694210749875,0.14674388111888112,0.14674388111888112
26,RandomForestClassifier,gender_aware,15,0.625,8842,3790,0,0.9775725593667546,0.9130333660967451,0.9881068979991605,0.895901024057317,0.9880831516514512,0.9991161717637521,0.015109820624677424,0.0326057098693584,0.00914148438487794,0.15373688811188813,0.15373688811188813
26,RandomForestClassifier,gender_aware,15,0.65,8842,3790,0,0.9778364116094986,0.9177247361062235,0.9882418812989922,0.8977906654201383,0.9880831516514512,0.9991161717637521,0.015109820624677424,0.031711214883651695,0.009607684851078435,0.12248688811188811,0.12248688811188811
26,RandomForestClassifier,gender_aware,15,0.675,8842,3790,0,0.9778364116094986,0.920000647178504,0.9882385886306356,0.8982288833564137,0.9880831516514512,0.9991161717637521,0.015109820624677424,0.031482498859329744,0.008912274559006117,0.1294798951048951,0.1294798951048951
26,RandomForestClassifier,gender_aware,15,0.7,8842,3790,0,0.9778364116094986,0.9245524693230647,0.9882319977584758,0.8990933744448488,0.9880831516514512,0.9991161717637521,0.015109820624677424,0.031025066810685953,0.008683064733134183,0.1208479020979021,0.1208479020979021
26,LogisticRegression,gender_blind,14,0.3,8842,3790,0,0.9638522427440633,0.9399155432052324,0.9806086341118189,0.8572946083180454,0.9920498165653427,0.9995269875302808,0.036853547482137816,0.03535961375508645,0.01249825742176236,0.12292395104895104,0.12292395104895104
26,LogisticRegression,gender_blind,14,0.325,8842,3790,0,0.9620052770448548,0.94576644136765,0.9795802609188883,0.8534264940958078,0.9920498165653427,0.9995269875302808,0.036853547482137816,0.03332153864777032,0.011352208292403021,0.09866695804195805,0.09866695804195805
26,LogisticRegression,gender_blind,14,0.35,8842,3790,0,0.9591029023746702,0.9487832369981164,0.9779735682819384,0.8462611856142657,0.9920498165653427,0.9995269875302808,0.036853547482137816,0.033260431313027916,0.011604760561645167,0.09003496503496503,0.09003496503496503
26,LogisticRegression,gender_blind,14,0.375,8842,3790,0,0.9567282321899736,0.9498032172861378,0.9766581269570168,0.8403146230452954,0.9920498165653427,0.9995269875302808,0.036853547482137816,0.029245388433138064,0.008135489915740313,0.07440996503496503,0.07440996503496503
26,LogisticRegression,gender_blind,14,0.4,8842,3790,0,0.9530343007915567,0.9478495471772905,0.9746149458071877,0.8306173320585234,0.9920498165653427,0.9995269875302808,0.036853547482137816,0.0254386924659894,0.00420779961809159,0.07440996503496503,0.07440996503496503
26,LogisticRegression,gender_blind,14,0.425,8842,3790,0,0.9509234828496043,0.9535608974747904,0.9734209774221206,0.8269166742780707,0.9920498165653427,0.9995269875302808,0.036853547482137816,0.023837680295736297,0.003527950954932857,0.05015297202797203,0.05015297202797203
26,LogisticRegression,gender_blind,14,0.45,8842,3790,0,0.9474934036939314,0.9517467752308607,0.9715103793843951,0.8185282989358951,0.9920498165653427,0.9995269875302808,0.036853547482137816,0.02510813088376329,0.0049421139824478155,0.05015297202797203,0.05015297202797203
26,LogisticRegression,gender_blind,14,0.475,8842,3790,0,0.9445910290237467,0.9502117487167664,0.9698881560080298,0.8116767512713416,0.9920498165653427,0.9995269875302808,0.036853547482137816,0.02771013939456013,0.0077470975941072995,0.05015297202797203,0.05015297202797203
26,LogisticRegression,gender_blind,14,0.5,8842,3790,0,0.9424802110817943,0.9536471879419859,0.9686871588623959,0.8079681749004536,0.9920498165653427,0.9995269875302808,0.036853547482137816,0.026337843248628867,0.006601048464748072,0.041520979020979024,0.041520979020979024
26,LogisticRegression,gender_blind,14,0.525,8842,3790,0,0.9411609498680739,0.9529494486173975,0.967945953715682,0.8050002641772631,0.9920498165653427,0.9995269875302808,0.036853547482137816,0.02521463223860032,0.005447218520931996,0.041520979020979024,0.041520979020979024
26,LogisticRegression,gender_blind,14,0.55,8842,3790,0,0.9393139841688655,0.9542485246352542,0.9668969487622338,0.8014864490646612,0.9920498165653427,0.9995269875302808,0.036853547482137816,0.026942514875271217,0.006853600733990217,0.048513986013986016,0.048513986013986016
26,LogisticRegression,gender_blind,14,0.575,8842,3790,0,0.9350923482849605,0.9520157587965716,0.9645124062319677,0.792441388301169,0.9920498165653427,0.9995269875302808,0.036853547482137816,0.03062699617293496,0.010827975918379251,0.048513986013986016,0.048513986013986016
26,LogisticRegression,gender_blind,14,0.6,8842,3790,0,0.933245382585752,0.9555907458867088,0.9634445889322353,0.7897647830852375,0.9920498165653427,0.9995269875302808,0.036853547482137816,0.03212616278528391,0.013862169355910559,0.017263986013986016,0.017263986013986016
26,LogisticRegression,gender_blind,14,0.625,8842,3790,0,0.9316622691292876,0.9547534586972027,0.9625451916124367,0.7865357537009552,0.9920498165653427,0.9995269875302808,0.036853547482137816,0.03254285661076606,0.01433615063656779,0.017263986013986016,0.017263986013986016
26,LogisticRegression,gender_blind,14,0.65,8842,3790,0,0.9282321899736148,0.9552152475255535,0.9605797101449275,0.7802898550724637,0.9920498165653427,0.9995269875302808,0.036853547482137816,0.035790274971366776,0.017378124888556057,0.024256993006993008,0.024256993006993008
26,LogisticRegression,gender_blind,14,0.675,8842,3790,0,0.9261213720316622,0.9563747756784925,0.9593613933236574,0.7767821459371911,0.9920498165653427,0.9995269875302808,0.036853547482137816,0.035749536748205135,0.01808909680954185,0.008631993006993008,0.01808909680954185
26,LogisticRegression,gender_blind,14,0.7,8842,3790,0,0.9234828496042217,0.9549792970293158,0.9578488372093024,0.771781561461794,0.9920498165653427,0.9995269875302808,0.036853547482137816,0.036811640423491276,0.019266269196728136,0.008631993006993008,0.019266269196728136
26,RandomForestClassifier,gender_blind,14,0.3,8842,3790,0,0.9823218997361478,0.8836824726533374,0.990685388572223,0.9087793867925714,0.982264612414232,0.9984306314639282,0.015611241234484752,0.02132354995204533,0.0046775662909182,0.03321678321678323,0.03321678321678323
26,RandomForestClassifier,gender_blind,14,0.325,8842,3790,0,0.9825857519788919,0.8860979315905355,0.9908231368186874,0.9103600220175911,0.982264612414232,0.9984306314639282,0.015611241234484752,0.021760612889108244,0.0046775662909182,0.04020979020979021,0.04020979020979021
26,RandomForestClassifier,gender_blind,14,0.35,8842,3790,0,0.9817941952506596,0.8925070212126238,0.9903939857998051,0.9082952296757212,0.982264612414232,0.9984306314639282,0.015611241234484752,0.02348849552577914,0.006313158329848245,0.03857080419580419,0.03857080419580419
26,RandomForestClassifier,gender_blind,14,0.375,8842,3790,0,0.9815303430079155,0.8969192954922669,0.9902479799387016,0.9080593133524354,0.982264612414232,0.9984306314639282,0.015611241234484752,0.024570968312646047,0.006550148970176806,0.05255681818181818,0.05255681818181818
26,RandomForestClassifier,gender_blind,14,0.4,8842,3790,0,0.9802110817941952,0.898497467239959,0.9895412076418909,0.9030835622561533,0.982264612414232,0.9984306314639282,0.015611241234484752,0.026527566973638894,0.00818574100910685,0.05954982517482518,0.05954982517482518
26,RandomForestClassifier,gender_blind,14,0.425,8842,3790,0,0.9799472295514512,0.9006338304473217,0.9893973214285714,0.9024656510055478,0.982264612414232,0.9984306314639282,0.015611241234484752,0.025633071987932188,0.007956531183235027,0.04392482517482518,0.04392482517482518
26,RandomForestClassifier,gender_blind,14,0.45,8842,3790,0,0.978891820580475,0.9023515500599314,0.9888299357721307,0.8987211879817592,0.982264612414232,0.9984306314639282,0.015611241234484752,0.023844082016518775,0.005641090481146138,0.05091783216783216,0.05091783216783216
26,RandomForestClassifier,gender_blind,14,0.475,8842,3790,0,0.978891820580475,0.9046274611322118,0.9888268156424581,0.8991753125831339,0.982264612414232,0.9984306314639282,0.015611241234484752,0.024718207890644717,0.006107290947346633,0.05791083916083917,0.05791083916083917
26,RandomForestClassifier,gender_blind,14,0.5,8842,3790,0,0.9786279683377309,0.9044879132672942,0.9886855706104204,0.8981432603645927,0.982264612414232,0.9984306314639282,0.015611241234484752,0.025155270827707632,0.006573491413547128,0.05791083916083917,0.05791083916083917
26,RandomForestClassifier,gender_blind,14,0.525,8842,3790,0,0.9778364116094986,0.9040692696725412,0.9882615986584684,0.8950741955556494,0.982264612414232,0.9984306314639282,0.015611241234484752,0.025363617740448596,0.006810482053875577,0.05791083916083917,0.05791083916083917
26,RandomForestClassifier,gender_blind,14,0.55,8842,3790,0,0.9783641160949869,0.9089001875469374,0.988537880905787,0.8980248089974945,0.982264612414232,0.9984306314639282,0.015611241234484752,0.025134901716126756,0.006810482053875577,0.049278846153846145,0.049278846153846145
26,RandomForestClassifier,gender_blind,14,0.575,8842,3790,0,0.9781002638522427,0.9087606396820196,0.9883964770026562,0.8970085429509769,0.982264612414232,0.9984306314639282,0.015611241234484752,0.025571964653189783,0.007276682520076072,0.049278846153846145,0.049278846153846145
26,RandomForestClassifier,gender_blind,14,0.6,8842,3790,0,0.9781002638522427,0.9087606396820196,0.9883964770026562,0.8970085429509769,0.982264612414232,0.9984306314639282,0.015611241234484752,0.025571964653189783,0.007276682520076072,0.049278846153846145,0.049278846153846145
26,RandomForestClassifier,gender_blind,14,0.625,8842,3790,0,0.9773087071240105,0.9083419960872666,0.987972027972028,0.8939860139860141,0.982264612414232,0.9984306314639282,0.015611241234484752,0.02688315346437853,0.008675283918677446,0.049278846153846145,0.049278846153846145
26,RandomForestClassifier,gender_blind,14,0.65,8842,3790,0,0.9773087071240105,0.9083419960872666,0.987972027972028,0.8939860139860141,0.982264612414232,0.9984306314639282,0.015611241234484752,0.02688315346437853,0.008675283918677446,0.049278846153846145,0.049278846153846145
26,RandomForestClassifier,gender_blind,14,0.675,8842,3790,0,0.9773087071240105,0.9128938182318274,0.9879652952700811,0.8949043066212157,0.982264612414232,0.9984306314639282,0.015611241234484752,0.02752856331418252,0.008446074092805622,0.06326486013986013,0.06326486013986013
26,RandomForestClassifier,gender_blind,14,0.7,8842,3790,0,0.9765171503957784,0.9124751746370744,0.9875402491950162,0.8919394609819474,0.982264612414232,0.9984306314639282,0.015611241234484752,0.027736910226923484,0.008683064733134183,0.06326486013986013,0.06326486013986013
27,LogisticRegression,gender_aware,15,0.3,8842,3790,0,0.9585751978891821,0.9507800523405615,0.9776766671406227,0.8453282787257044,0.9925817163982898,0.9995653172506673,0.042500063005984204,0.010337482973217349,0.01428268066910554,0.009963353183692167,0.01428268066910554
27,LogisticRegression,gender_aware,15,0.325,8842,3790,0,0.9548812664907652,0.9488263822317142,0.9756375552072944,0.8354123604913477,0.9925817163982898,0.9995653172506673,0.042500063005984204,0.013250826189215248,0.011106070404725887,0.009963353183692167,0.011106070404725887
27,LogisticRegression,gender_aware,15,0.35,8842,3790,0,0.9517150395778364,0.9471518078527021,0.9738832595975453,0.8272557659244271,0.9925817163982898,0.9995653172506673,0.042500063005984204,0.013087207191372907,0.011182967989369574,0.009963353183692167,0.011182967989369574
27,LogisticRegression,gender_aware,15,0.375,8842,3790,0,0.9488126649076517,0.9478926924108882,0.9722619388046897,0.820601959163437,0.9925817163982898,0.9995653172506673,0.042500063005984204,0.011175235368530156,0.012412685849235716,0.02691250572606505,0.02691250572606505
27,LogisticRegression,gender_aware,15,0.4,8842,3790,0,0.9464379947229552,0.9489126726989097,0.970929399971359,0.815447949566919,0.9925817163982898,0.9995653172506673,0.042500063005984204,0.00837752395312752,0.015743091282902633,0.020155748969308294,0.020155748969308294
27,LogisticRegression,gender_aware,15,0.425,8842,3790,0,0.9437994722955145,0.9520690161942937,0.9694360740421868,0.8104136180358233,0.9925817163982898,0.9995653172506673,0.042500063005984204,0.0047171993052841366,0.019278449693214128,0.03034814475492442,0.03034814475492442
27,LogisticRegression,gender_aware,15,0.45,8842,3790,0,0.941688654353562,0.9555044554195132,0.9682334339514158,0.8067491407317271,0.9925817163982898,0.9995653172506673,0.042500063005984204,0.003457968996801619,0.02145603485165848,0.016834631241410904,0.02145603485165848
27,LogisticRegression,gender_aware,15,0.475,8842,3790,0,0.9393139841688655,0.9542485246352542,0.9668969487622338,0.8014864490646612,0.9925817163982898,0.9995653172506673,0.042500063005984204,0.000870129299479494,0.024107553659391878,0.016834631241410904,0.024107553659391878
27,LogisticRegression,gender_aware,15,0.5,8842,3790,0,0.9361477572559367,0.9525739502562423,0.9651095732410612,0.7946665878627666,0.9925817163982898,0.9995653172506673,0.042500063005984204,0.0007065103016370422,0.024184451244035565,0.016834631241410904,0.024184451244035565
27,LogisticRegression,gender_aware,15,0.525,8842,3790,0,0.933509234828496,0.9511784716070656,0.9636153624025412,0.789147130742555,0.9925817163982898,0.9995653172506673,0.042500063005984204,0.0014384595994051397,0.026362036402480027,0.016834631241410904,0.026362036402480027
27,LogisticRegression,gender_aware,15,0.55,8842,3790,0,0.9298153034300791,0.9492248014982183,0.9615162037037037,0.7816563054446662,0.9925817163982898,0.9995653172506673,0.042500063005984204,0.004003172936608346,0.028949527514213202,0.016834631241410904,0.028949527514213202
27,LogisticRegression,gender_aware,15,0.575,8842,3790,0,0.9282321899736148,0.9506634253809927,0.9606025492468134,0.779117842670744,0.9925817163982898,0.9995653172506673,0.042500063005984204,0.004842659808930061,0.029090452794857224,0.033783783783783786,0.033783783783783786
27,LogisticRegression,gender_aware,15,0.6,8842,3790,0,0.9242744063324538,0.9508461184795081,0.958327283287353,0.7720929345729695,0.9925817163982898,0.9995653172506673,0.042500063005984204,0.0006007072040924433,0.024965975231899362,0.02702702702702703,0.02702702702702703
27,LogisticRegression,gender_aware,15,0.625,8842,3790,0,0.9229551451187336,0.9547002012994805,0.9575457981971504,0.7707956911213671,0.9925817163982898,0.9995653172506673,0.042500063005984204,0.003385120962426602,0.021648439686875687,0.013513513513513514,0.021648439686875687
27,LogisticRegression,gender_aware,15,0.65,8842,3790,0,0.9216358839050132,0.9562783730471726,0.9567748508222966,0.7689374959330101,0.9925817163982898,0.9995653172506673,0.042500063005984204,0.003198375604465231,0.022263298616808647,0.006756756756756757,0.022263298616808647
27,LogisticRegression,gender_aware,15,0.675,8842,3790,0,0.9197889182058048,0.955301537992749,0.9557109557109557,0.7655649750621818,0.9925817163982898,0.9995653172506673,0.042500063005984204,0.0030116302465038602,0.02240422389745278,0.006756756756756757,0.02240422389745278
27,LogisticRegression,gender_aware,15,0.7,8842,3790,0,0.9158311345646438,0.9532083200189838,0.9534238574974448,0.758517674302758,0.9925817163982898,0.9995653172506673,0.042500063005984204,0.008559065880062056,0.016448039433338835,0.006756756756756757,0.016448039433338835
27,RandomForestClassifier,gender_aware,15,0.3,8842,3790,0,0.98311345646438,0.8818252051758101,0.991108641289247,0.9117846871367701,0.9850117503347126,0.9987533590742758,0.013853851668333837,0.02272164881697103,0.0006660167372902759,0.03126431516262024,0.03126431516262024
27,RandomForestClassifier,gender_aware,15,0.325,8842,3790,0,0.983377308707124,0.8842406641130082,0.9912463526469362,0.9133777455140686,0.9850117503347126,0.9987533590742758,0.013853851668333837,0.023164518613250973,0.0006660167372902759,0.03802107191937698,0.03802107191937698
27,RandomForestClassifier,gender_aware,15,0.35,8842,3790,0,0.9841688654353562,0.8914870409246024,0.9916597164303587,0.9181096509612934,0.9850117503347126,0.9987533590742758,0.013853851668333837,0.023397516691450404,0.0006660167372902759,0.03458543289051763,0.03458543289051763
27,RandomForestClassifier,gender_aware,15,0.375,8842,3790,0,0.98311345646438,0.8932047605372121,0.9910962715637173,0.9139154827206342,0.9850117503347126,0.9987533590742758,0.013853851668333837,0.021672290226568913,0.0015755961171546318,0.0413421896472744,0.0413421896472744
27,RandomForestClassifier,gender_aware,15,0.4,8842,3790,0,0.9828496042216359,0.8953411237445748,0.9909533750869868,0.9131982065308352,0.9850117503347126,0.9987533590742758,0.013853851668333837,0.021905288304768455,0.0017805490937989887,0.048098946404031145,0.048098946404031145
27,RandomForestClassifier,gender_aware,15,0.425,8842,3790,0,0.9825857519788919,0.899753398024218,0.990807799442897,0.9129038997214485,0.9850117503347126,0.9987533590742758,0.013853851668333837,0.021928414664887486,0.0026643886963767516,0.06161245991754466,0.06161245991754466
27,RandomForestClassifier,gender_aware,15,0.45,8842,3790,0,0.9817941952506596,0.899334754429465,0.9903859551344573,0.9095850371205785,0.9850117503347126,0.9987533590742758,0.013853851668333837,0.02106580143244674,0.0035482282989547365,0.06161245991754466,0.06161245991754466
27,RandomForestClassifier,gender_aware,15,0.475,8842,3790,0,0.9823218997361478,0.9064415833761414,0.9906594172591663,0.9130201263200008,0.9850117503347126,0.9987533590742758,0.013853851668333837,0.021741669306926115,0.0030742946496655765,0.05817682088868528,0.05817682088868528
27,RandomForestClassifier,gender_aware,15,0.5,8842,3790,0,0.9817941952506596,0.9084383987185866,0.9903752266703864,0.9112460074957771,0.9850117503347126,0.9987533590742758,0.013853851668333837,0.020226314560125136,0.00395813425224345,0.04122766834631242,0.04122766834631242
27,RandomForestClassifier,gender_aware,15,0.525,8842,3790,0,0.9812664907651715,0.9081593029887512,0.9900934840239989,0.9090903255471083,0.9850117503347126,0.9987533590742758,0.013853851668333837,0.018920831531404447,0.005315907504110373,0.04122766834631242,0.04122766834631242
27,RandomForestClassifier,gender_aware,15,0.55,8842,3790,0,0.9810026385224274,0.9080197551238336,0.9899525537259279,0.9080197551238336,0.9850117503347126,0.9987533590742758,0.013853851668333837,0.018268090017044214,0.005994794130043779,0.04122766834631242,0.04122766834631242
27,RandomForestClassifier,gender_aware,15,0.575,8842,3790,0,0.9812664907651715,0.912711125133312,0.9900879519754293,0.9099120815033022,0.9850117503347126,0.9987533590742758,0.013853851668333837,0.017405476784603358,0.006673680755977296,0.031035272560696298,0.031035272560696298
27,RandomForestClassifier,gender_aware,15,0.6,8842,3790,0,0.9815303430079155,0.9151265840705101,0.9902261938006144,0.9113810394840393,0.9850117503347126,0.9987533590742758,0.013853851668333837,0.0178483465808833,0.006673680755977296,0.03779202931745304,0.03779202931745304
27,RandomForestClassifier,gender_aware,15,0.625,8842,3790,0,0.9817941952506596,0.9175420430077081,0.9903644742354419,0.9128433349697496,0.9850117503347126,0.9987533590742758,0.013853851668333837,0.017195605066523068,0.006673680755977296,0.02084287677508015,0.02084287677508015
27,RandomForestClassifier,gender_aware,15,0.65,8842,3790,0,0.9812664907651715,0.9172629472778728,0.9900824137449364,0.9107181664924207,0.9850117503347126,0.9987533590742758,0.013853851668333837,0.01589012203780238,0.008031454007844219,0.02084287677508015,0.02084287677508015
27,RandomForestClassifier,gender_aware,15,0.675,8842,3790,0,0.9804749340369393,0.9168443036831198,0.9896590273896031,0.9075653627514053,0.9850117503347126,0.9987533590742758,0.013853851668333837,0.017218731426641987,0.00660965305997685,0.02084287677508015,0.02084287677508015
27,RandomForestClassifier,gender_aware,15,0.7,8842,3790,0,0.9796833773087071,0.9232533933052081,0.9892262487757101,0.9056985747342754,0.9850117503347126,0.9987533590742758,0.013853851668333837,0.016822114350600215,0.006071691714687466,0.0062986715529088355,0.0062986715529088355
27,LogisticRegression,gender_blind,14,0.3,8842,3790,0,0.9588390501319262,0.9509196002054792,0.9778220073926642,0.8460538608391892,0.9927617129197054,0.9995754036384938,0.042287541666961026,0.017563892351418975,0.006686872391836629,0.009963353183692167,0.009963353183692167
27,LogisticRegression,gender_blind,14,0.325,8842,3790,0,0.9551451187335093,0.9489659300966318,0.9757834757834758,0.8361060236060236,0.9927617129197054,0.9995754036384938,0.042287541666961026,0.016094790324856056,0.008121543228347239,0.009963353183692167,0.009963353183692167
27,LogisticRegression,gender_blind,14,0.35,8842,3790,0,0.9514511873350924,0.9470122599877845,0.9737367970311162,0.8265896528709588,0.9927617129197054,0.9995754036384938,0.042287541666961026,0.015721299608933204,0.008403393789635172,0.009963353183692167,0.009963353183692167
27,LogisticRegression,gender_blind,14,0.375,8842,3790,0,0.9496042216358839,0.9483113360056412,0.9727025868229241,0.8225434031884775,0.9927617129197054,0.9995754036384938,0.042287541666961026,0.015324682532891543,0.00922320569621271,0.0032065964269354097,0.00922320569621271
27,LogisticRegression,gender_blind,14,0.4,8842,3790,0,0.9467018469656993,0.9513281316361077,0.9710684617588083,0.8166379098091701,0.9927617129197054,0.9995754036384938,0.042287541666961026,0.01320283899196828,0.01113181018201248,0.013398992212551537,0.013398992212551537
27,LogisticRegression,gender_blind,14,0.425,8842,3790,0,0.9453825857519789,0.9551822144560802,0.9703140685501219,0.814646325873084,0.9927617129197054,0.9995754036384938,0.042287541666961026,0.009519387984005867,0.014731196288324089,0.02359138799816766,0.02359138799816766
27,LogisticRegression,gender_blind,14,0.45,8842,3790,0,0.9427440633245383,0.956062646879184,0.9688263180577503,0.8091304449739478,0.9927617129197054,0.9995754036384938,0.042287541666961026,0.0060689350542428855,0.018740488347924633,0.016834631241410904,0.018740488347924633
27,LogisticRegression,gender_blind,14,0.475,8842,3790,0,0.9401055408970976,0.9546671682300072,0.9673428283700187,0.803226263151623,0.9927617129197054,0.9995754036384938,0.042287541666961026,0.006115187774480946,0.018612432955923852,0.016834631241410904,0.018612432955923852
27,LogisticRegression,gender_blind,14,0.5,8842,3790,0,0.9369393139841689,0.9529925938509952,0.9655569966854014,0.7963510412444168,0.9927617129197054,0.9995754036384938,0.042287541666961026,0.003760346155358252,0.02099497109101267,0.016834631241410904,0.02099497109101267
27,LogisticRegression,gender_blind,14,0.525,8842,3790,0,0.9340369393139841,0.9514575673369009,0.9639145496535797,0.7902394834157469,0.9927617129197054,0.9995754036384938,0.042287541666961026,0.0031538573612359677,0.021545802324945407,0.016834631241410904,0.021545802324945407
27,LogisticRegression,gender_blind,14,0.55,8842,3790,0,0.9319261213720317,0.9503411844175595,0.9627167630057804,0.7859038360483448,0.9927617129197054,0.9995754036384938,0.042287541666961026,0.0023143704889144745,0.022365614231522835,0.016834631241410904,0.022365614231522835
27,LogisticRegression,gender_blind,14,0.575,8842,3790,0,0.9279683377308707,0.9505238775160749,0.96045197740113,0.7786011733386743,0.9927617129197054,0.9995754036384938,0.042287541666961026,1.7344770089300354e-05,0.025158058319900367,0.010077874484654147,0.025158058319900367
27,LogisticRegression,gender_blind,14,0.6,8842,3790,0,0.924802110817942,0.9534011252816238,0.9586176854944097,0.7736811371194993,0.9927617129197054,0.9995754036384938,0.042287541666961026,0.0026861267278281975,0.021981448055520714,0.02027027027027027,0.021981448055520714
27,LogisticRegression,gender_blind,14,0.625,8842,3790,0,0.9226912928759895,0.9568365645068433,0.9573818181818182,0.7708894906511927,0.9927617129197054,0.9995754036384938,0.042287541666961026,0.004713730351266321,0.020700572388297478,0.006756756756756757,0.020700572388297478
27,LogisticRegression,gender_blind,14,0.65,8842,3790,0,0.9218997361477572,0.9564179209120902,0.9569266589057043,0.7694237814302533,0.9927617129197054,0.9995754036384938,0.042287541666961026,0.006042339740105929,0.01927877144043011,0.006756756756756757,0.01927877144043011
27,LogisticRegression,gender_blind,14,0.675,8842,3790,0,0.9189973614775726,0.9548828943979959,0.9552543361026089,0.7641362083851013,0.9927617129197054,0.9995754036384938,0.042287541666961026,0.00762707356726422,0.017523962123917713,0.006756756756756757,0.017523962123917713
27,LogisticRegression,gender_blind,14,0.7,8842,3790,0,0.9155672823218998,0.9530687721540663,0.9532710280373832,0.7580562790460139,0.9927617129197054,0.9995754036384938,0.042287541666961026,0.010097546986982175,0.014821285508827109,0.006756756756756757,0.014821285508827109
27,RandomForestClassifier,gender_blind,14,0.3,8842,3790,0,0.983377308707124,0.8910683973298494,0.9912390488110138,0.9146426606522935,0.9895069443601765,0.9993548035251935,0.015818480205613966,0.021439292148369482,0.000217822865287709,0.010879523591387996,0.010879523591387996
27,RandomForestClassifier,gender_blind,14,0.325,8842,3790,0,0.9823218997361478,0.8905102058701787,0.9906776123556421,0.9100970758979228,0.9895069443601765,0.9993548035251935,0.015818480205613966,0.02101954871220868,0.0006277288185764229,0.010879523591387996,0.010879523591387996
27,RandomForestClassifier,gender_blind,14,0.35,8842,3790,0,0.9820580474934036,0.890370658005261,0.990537155580295,0.9089741615464927,0.9895069443601765,0.9993548035251935,0.015818480205613966,0.020366807197848336,0.0013066154445098288,0.010879523591387996,0.010879523591387996
27,RandomForestClassifier,gender_blind,14,0.375,8842,3790,0,0.9810026385224274,0.8920883776178707,0.9899721448467966,0.9049860724233982,0.9895069443601765,0.9993548035251935,0.015818480205613966,0.019737192043607132,0.0023954080237320596,0.01763628034814474,0.01763628034814474
27,RandomForestClassifier,gender_blind,14,0.4,8842,3790,0,0.9799472295514512,0.896082008302761,0.9894032348020078,0.901564362499043,0.9895069443601765,0.9993548035251935,0.015818480205613966,0.01780209386064513,0.004163087228887696,0.0074438845625286465,0.0074438845625286465
27,RandomForestClassifier,gender_blind,14,0.425,8842,3790,0,0.9794195250659631,0.9026306457897668,0.9891122278056952,0.9008061139028476,0.9895069443601765,0.9993548035251935,0.015818480205613966,0.018058218298963702,0.005251879808109927,0.027714154832798904,0.027714154832798904
27,RandomForestClassifier,gender_blind,14,0.45,8842,3790,0,0.9781002638522427,0.9019329064651784,0.9884062019835173,0.8956282791390271,0.9895069443601765,0.9993548035251935,0.015818480205613966,0.016985733348442555,0.006340672387332158,0.027714154832798904,0.027714154832798904
27,RandomForestClassifier,gender_blind,14,0.475,8842,3790,0,0.9783641160949869,0.9043483654023765,0.9885442861134395,0.8971157449524543,0.9895069443601765,0.9993548035251935,0.015818480205613966,0.0174286031447225,0.006340672387332158,0.034470911589555675,0.034470911589555675
27,RandomForestClassifier,gender_blind,14,0.5,8842,3790,0,0.9781002638522427,0.9064847286097393,0.9883997204751922,0.8965528014140667,0.9895069443601765,0.9993548035251935,0.015818480205613966,0.01766160122292193,0.006545625363976515,0.04122766834631242,0.04122766834631242
27,RandomForestClassifier,gender_blind,14,0.525,8842,3790,0,0.9778364116094986,0.9108970028893824,0.9882517482517482,0.896451455521223,0.9895069443601765,0.9993548035251935,0.015818480205613966,0.016589116272400783,0.007429464966554389,0.031035272560696298,0.031035272560696298
27,RandomForestClassifier,gender_blind,14,0.55,8842,3790,0,0.9773087071240105,0.910617907159547,0.9879686625629547,0.8944472942444404,0.9895069443601765,0.9993548035251935,0.015818480205613966,0.015283633243680206,0.008787238218421423,0.031035272560696298,0.031035272560696298
27,RandomForestClassifier,gender_blind,14,0.575,8842,3790,0,0.9773087071240105,0.9128938182318274,0.9879652952700811,0.8949043066212157,0.9895069443601765,0.9993548035251935,0.015818480205613966,0.015073761525599694,0.009466124844354828,0.03779202931745304,0.03779202931745304
27,RandomForestClassifier,gender_blind,14,0.6,8842,3790,0,0.9770448548812665,0.9127542703669098,0.9878236529041288,0.8939118264520645,0.9895069443601765,0.9993548035251935,0.015818480205613966,0.015516631321879637,0.008992191195065669,0.03779202931745304,0.03779202931745304
27,RandomForestClassifier,gender_blind,14,0.625,8842,3790,0,0.9767810026385224,0.912614722501992,0.9876819708846585,0.8929235542496687,0.9895069443601765,0.9993548035251935,0.015818480205613966,0.014863889807519293,0.009671077820999185,0.03779202931745304,0.03779202931745304
27,RandomForestClassifier,gender_blind,14,0.65,8842,3790,0,0.9765171503957784,0.9124751746370744,0.9875402491950162,0.8919394609819474,0.9895069443601765,0.9993548035251935,0.015818480205613966,0.015306759603799236,0.009197144171710137,0.03779202931745304,0.03779202931745304
27,RandomForestClassifier,gender_blind,14,0.675,8842,3790,0,0.9762532981530343,0.9168874489167176,0.9873914261697955,0.8918857583337665,0.9895069443601765,0.9993548035251935,0.015818480205613966,0.015329885963918266,0.008928163499065334,0.02759963353183692,0.02759963353183692
27,RandomForestClassifier,gender_blind,14,0.7,8842,3790,0,0.97467018469657,0.9160501617272115,0.9865395401009535,0.8861269129076196,0.9895069443601765,0.9993548035251935,0.015818480205613966,0.014700270809676952,0.009543022428998404,0.02759963353183692,0.02759963353183692
28,LogisticRegression,gender_aware,15,0.3,8842,3790,0,0.9572559366754617,0.9273232022931692,0.9770147559591373,0.8362517388818242,0.9892588592669894,0.9993690116290455,0.04131618164197613,0.029069229844563393,0.003123229821492046,0.022807017543859637,0.022807017543859637
28,LogisticRegression,gender_aware,15,0.325,8842,3790,0,0.954353562005277,0.9303399979236356,0.9754016778046353,0.8295655555385151,0.9892588592669894,0.9993690116290455,0.04131618164197613,0.03133755443979025,0.005840423691924501,0.011929824561403499,0.011929824561403499
28,LogisticRegression,gender_aware,15,0.35,8842,3790,0,0.9527704485488127,0.9340545328786904,0.9745123166737861,0.8265739321250438,0.9892588592669894,0.9993690116290455,0.04131618164197613,0.03357987276577257,0.007335330400101259,0.025263157894736835,0.025263157894736835
28,LogisticRegression,gender_aware,15,0.375,8842,3790,0,0.950395778364116,0.9350745131667118,0.9731888191671421,0.8211014518370922,0.9892588592669894,0.9993690116290455,0.04131618164197613,0.034075147715609266,0.008628022846032368,0.0077192982456140286,0.008628022846032368
28,LogisticRegression,gender_aware,15,0.4,8842,3790,0,0.9485488126649076,0.9432013224014097,0.9721309132485351,0.8188270346688644,0.9892588592669894,0.9993690116290455,0.04131618164197613,0.030867707842103798,0.005788021585809822,0.014035087719298248,0.014035087719298248
28,LogisticRegression,gender_aware,15,0.425,8842,3790,0,0.946174142480211,0.9442213026894312,0.9707987403378185,0.8136821984517375,0.9892588592669894,0.9993690116290455,0.04131618164197613,0.0291726770044477,0.0047769502745805825,0.031578947368421054,0.031578947368421054
28,LogisticRegression,gender_aware,15,0.45,8842,3790,0,0.9437994722955145,0.947517194049733,0.969453606768966,0.8092737556085356,0.9892588592669894,0.9993690116290455,0.04131618164197613,0.029459323883233024,0.0042407127715183845,0.018245614035087725,0.018245614035087725
28,LogisticRegression,gender_aware,15,0.475,8842,3790,0,0.9395778364116095,0.9475603392833307,0.9670740474478792,0.8003370237239396,0.9892588592669894,0.9993690116290455,0.04131618164197613,0.02429621256253056,0.0015096950326017877,0.011578947368421057,0.011578947368421057
28,LogisticRegression,gender_aware,15,0.5,8842,3790,0,0.9353562005277045,0.945327573444648,0.9646923187779219,0.7912385150831888,0.9892588592669894,0.9993690116290455,0.04131618164197613,0.02481749378161202,0.0008236453734083993,0.011578947368421057,0.011578947368421057
28,LogisticRegression,gender_aware,15,0.525,8842,3790,0,0.9337730870712401,0.9467661973274224,0.9637858894820373,0.7885185225530371,0.9892588592669894,0.9993690116290455,0.04131618164197613,0.026173287284899205,0.00019642752660131713,0.004912280701754389,0.004912280701754389
28,LogisticRegression,gender_aware,15,0.55,8842,3790,0,0.9303430079155672,0.9495038972280536,0.9618166039919005,0.7827101037977521,0.9892588592669894,0.9993690116290455,0.04131618164197613,0.027137830915328176,0.0015595252562077278,0.015789473684210527,0.015789473684210527
28,LogisticRegression,gender_aware,15,0.575,8842,3790,0,0.9279683377308707,0.9505238775160749,0.96045197740113,0.7786011733386743,0.9892588592669894,0.9993690116290455,0.04131618164197613,0.026537952971418477,0.001700335823558552,0.03333333333333333,0.03333333333333333
28,LogisticRegression,gender_aware,15,0.6,8842,3790,0,0.9258575197889182,0.9494074945967337,0.9592458303118202,0.7745134261048152,0.9892588592669894,0.9993690116290455,0.04131618164197613,0.02898889936845228,0.004347124410315595,0.03333333333333333,0.03333333333333333
28,LogisticRegression,gender_aware,15,0.625,8842,3790,0,0.9234828496042217,0.9481515638124747,0.9578855649143189,0.7700090648779088,0.9892588592669894,0.9993690116290455,0.04131618164197613,0.031883108176833375,0.007468746805239679,0.03333333333333333,0.03333333333333333
28,LogisticRegression,gender_aware,15,0.65,8842,3790,0,0.9218997361477572,0.949590187695249,0.9569642337888922,0.7676559060682353,0.9892588592669894,0.9993690116290455,0.04131618164197613,0.03104859589262754,0.006185055948089158,0.02666666666666667,0.02666666666666667
28,LogisticRegression,gender_aware,15,0.675,8842,3790,0,0.9200527704485488,0.9486133526408254,0.9559016154853733,0.7642695665579193,0.9892588592669894,0.9993690116290455,0.04131618164197613,0.030865974090820925,0.0060532469695187,0.02666666666666667,0.02666666666666667
28,LogisticRegression,gender_aware,15,0.7,8842,3790,0,0.9142480211081794,0.9478192106849171,0.9525339564772893,0.754575300203174,0.9892588592669894,0.9993690116290455,0.04131618164197613,0.034933354600682476,0.010063133285882153,0.02,0.02
28,RandomForestClassifier,gender_aware,15,0.3,8842,3790,0,0.9799472295514512,0.8482878757848724,0.9894649293041309,0.8909073280400436,0.9718207693064809,0.9974106627360645,0.01683097598435309,0.024482301866903367,0.002040145800019433,0.046666666666666634,0.046666666666666634
28,RandomForestClassifier,gender_aware,15,0.325,8842,3790,0,0.9794195250659631,0.8502846911273175,0.9891816920943135,0.8891854406417514,0.9718207693064809,0.9974106627360645,0.01683097598435309,0.026255351512293412,0.0034646472245208892,0.05333333333333329,0.05333333333333329
28,RandomForestClassifier,gender_aware,15,0.35,8842,3790,0,0.9802110817941952,0.8666347122280333,0.9895818863731074,0.8963657463361601,0.9718207693064809,0.9974106627360645,0.01683097598435309,0.031131238037116038,0.005363982457189387,0.09999999999999998,0.09999999999999998
28,RandomForestClassifier,gender_aware,15,0.375,8842,3790,0,0.9796833773087071,0.8686315275704783,0.9892981236970119,0.8946490618485059,0.9718207693064809,0.9974106627360645,0.01683097598435309,0.031809134788759796,0.005636602003110669,0.10666666666666666,0.10666666666666666
28,RandomForestClassifier,gender_aware,15,0.4,8842,3790,0,0.9804749340369393,0.878153815454353,0.9897079276773296,0.8999821689668699,0.9718207693064809,0.9974106627360645,0.01683097598435309,0.034025446845497354,0.006111435811277821,0.1333333333333333,0.1333333333333333
28,RandomForestClassifier,gender_aware,15,0.425,8842,3790,0,0.9799472295514512,0.8824265418690784,0.9894209354120267,0.8987508717464174,0.9718207693064809,0.9974106627360645,0.01683097598435309,0.033399562632343005,0.005707007286786081,0.12245614035087718,0.12245614035087718
28,RandomForestClassifier,gender_aware,15,0.45,8842,3790,0,0.9799472295514512,0.884702452941359,0.9894179894179894,0.8992316077743213,0.9718207693064809,0.9974106627360645,0.01683097598435309,0.03319093456129152,0.006181841094953233,0.10491228070175437,0.10491228070175437
28,RandomForestClassifier,gender_aware,15,0.475,8842,3790,0,0.9796833773087071,0.8845629050764412,0.9892772594346191,0.898147401647134,0.9718207693064809,0.9974106627360645,0.01683097598435309,0.03363419697263903,0.006656674903120385,0.10491228070175437,0.10491228070175437
28,RandomForestClassifier,gender_aware,15,0.5,8842,3790,0,0.9796833773087071,0.8845629050764412,0.9892772594346191,0.898147401647134,0.9718207693064809,0.9974106627360645,0.01683097598435309,0.03363419697263903,0.006656674903120385,0.10491228070175437,0.10491228070175437
28,RandomForestClassifier,gender_aware,15,0.525,8842,3790,0,0.9794195250659631,0.8844233572115235,0.9891364902506964,0.8970682451253482,0.9718207693064809,0.9974106627360645,0.01683097598435309,0.03407745938398654,0.0071315087112875375,0.10491228070175437,0.10491228070175437
28,RandomForestClassifier,gender_aware,15,0.55,8842,3790,0,0.9778364116094986,0.8835860700220175,0.9882910510175634,0.8906972496467127,0.9718207693064809,0.9974106627360645,0.01683097598435309,0.03564188095832532,0.008828629681710276,0.10491228070175437,0.10491228070175437
28,RandomForestClassifier,gender_aware,15,0.575,8842,3790,0,0.9781002638522427,0.8882774400314961,0.9884256031236927,0.8927458088968097,0.9718207693064809,0.9974106627360645,0.01683097598435309,0.03587651529862135,0.009303463489877428,0.09403508771929822,0.09403508771929822
28,RandomForestClassifier,gender_aware,15,0.6,8842,3790,0,0.9775725593667546,0.8902742553739411,0.9881400865076043,0.8911644742465382,0.9718207693064809,0.9974106627360645,0.01683097598435309,0.035459259156518486,0.008424201157218536,0.1007017543859649,0.1007017543859649
28,RandomForestClassifier,gender_aware,15,0.625,8842,3790,0,0.9765171503957784,0.8897160639142704,0.9875750383917353,0.8870728908985055,0.9718207693064809,0.9974106627360645,0.01683097598435309,0.03613715590816202,0.00917165451130697,0.1007017543859649,0.1007017543859649
28,RandomForestClassifier,gender_aware,15,0.65,8842,3790,0,0.9762532981530343,0.8918524271216332,0.9874301675977654,0.8865722266560255,0.9718207693064809,0.9974106627360645,0.01683097598435309,0.03527663735471165,0.0089694402490611,0.0831578947368421,0.0831578947368421
28,RandomForestClassifier,gender_aware,15,0.675,8842,3790,0,0.9757255936675462,0.8961251535363586,0.9871400615040536,0.8855888100947498,0.9718207693064809,0.9974106627360645,0.01683097598435309,0.03684105892905021,0.009716893603149535,0.09649122807017543,0.09649122807017543
28,RandomForestClassifier,gender_aware,15,0.7,8842,3790,0,0.9754617414248021,0.8982615167437213,0.9869948258984758,0.8851058045576294,0.9718207693064809,0.9974106627360645,0.01683097598435309,0.035980540375599834,0.009514679340903665,0.07894736842105263,0.07894736842105263
28,LogisticRegression,gender_blind,14,0.3,8842,3790,0,0.9567282321899736,0.9270441065633338,0.9767243826284416,0.8348041388797639,0.9892736904410387,0.9993693995255691,0.04123734837863131,0.029955754667258527,0.0040728974378263505,0.022807017543859637,0.022807017543859637
28,LogisticRegression,gender_blind,14,0.325,8842,3790,0,0.954353562005277,0.9303399979236356,0.9754016778046353,0.8295655555385151,0.9892736904410387,0.9993693995255691,0.04123734837863131,0.03133755443979025,0.005840423691924501,0.011929824561403499,0.011929824561403499
28,LogisticRegression,gender_blind,14,0.35,8842,3790,0,0.9519788918205805,0.9336358892839374,0.9740740740740741,0.8245370370370371,0.9892736904410387,0.9993693995255691,0.04123734837863131,0.0349096599998151,0.008759831824602715,0.025263157894736835,0.025263157894736835
28,LogisticRegression,gender_blind,14,0.375,8842,3790,0,0.9506596306068602,0.9374899721039098,0.9733276280131222,0.8223404396656121,0.9892736904410387,0.9993693995255691,0.04123734837863131,0.03451841012695678,0.008628022846032368,0.014385964912280697,0.014385964912280697
28,LogisticRegression,gender_blind,14,0.4,8842,3790,0,0.9490765171503958,0.9412045070589647,0.9724325096414798,0.8195495881540732,0.9892736904410387,0.9993693995255691,0.04123734837863131,0.03238011687795317,0.006667283918468714,0.0035087719298245584,0.006667283918468714
28,LogisticRegression,gender_blind,14,0.425,8842,3790,0,0.946174142480211,0.9419453916171507,0.9708070978820835,0.8131062516437444,0.9892736904410387,0.9993693995255691,0.04123734837863131,0.030476457969245585,0.005453998344993605,0.014035087719298248,0.014035087719298248
28,LogisticRegression,gender_blind,14,0.45,8842,3790,0,0.9445910290237467,0.947935837644486,0.9698967889908257,0.8111073348927638,0.9892736904410387,0.9993693995255691,0.04123734837863131,0.030319842436683397,0.005119975104177277,0.018245614035087725,0.018245614035087725
28,LogisticRegression,gender_blind,14,0.475,8842,3790,0,0.9401055408970976,0.947839435013166,0.9673709932442145,0.8015025110683351,0.9892736904410387,0.9993693995255691,0.04123734837863131,0.026695146421074956,0.00099628298680432,0.011578947368421057,0.011578947368421057
28,LogisticRegression,gender_blind,14,0.5,8842,3790,0,0.9356200527704486,0.9454671213095658,0.9648414985590779,0.7917957492795389,0.9892736904410387,0.9993693995255691,0.04123734837863131,0.02546938426401102,0.0001465973029953771,0.011578947368421057,0.011578947368421057
28,LogisticRegression,gender_blind,14,0.525,8842,3790,0,0.9340369393139841,0.9446298341200597,0.9639457744447649,0.7884744352099986,0.9892736904410387,0.9993693995255691,0.04123734837863131,0.02593865294460318,0.00039864178884707613,0.011578947368421057,0.011578947368421057
28,LogisticRegression,gender_blind,14,0.55,8842,3790,0,0.9306068601583114,0.9496434450929712,0.9619667389732466,0.7832390085843677,0.9892736904410387,0.9993693995255691,0.04123734837863131,0.027789721397727174,0.002236573326620639,0.015789473684210527,0.015789473684210527
28,LogisticRegression,gender_blind,14,0.575,8842,3790,0,0.9282321899736148,0.9506634253809927,0.9606025492468134,0.779117842670744,0.9892736904410387,0.9993693995255691,0.04123734837863131,0.028284996347563984,0.0035292657725517484,0.03333333333333333,0.03333333333333333
28,LogisticRegression,gender_blind,14,0.6,8842,3790,0,0.9255936675461741,0.9492679467318159,0.959094865100087,0.7740080739494604,0.9892736904410387,0.9993693995255691,0.04123734837863131,0.03052731467354619,0.00597384009706281,0.03333333333333333,0.03333333333333333
28,LogisticRegression,gender_blind,14,0.625,8842,3790,0,0.9240105540897098,0.94843065954231,0.9581881533101045,0.7710015911059194,0.9892736904410387,0.9993693995255691,0.04123734837863131,0.03209173624788486,0.007670961067485549,0.03333333333333333,0.03333333333333333
28,LogisticRegression,gender_blind,14,0.65,8842,3790,0,0.9226912928759895,0.9500088312900021,0.9574189797994478,0.7691243682974349,0.9892736904410387,0.9993693995255691,0.04123734837863131,0.031909114446078024,0.007064318280747939,0.02666666666666667,0.02666666666666667
28,LogisticRegression,gender_blind,14,0.675,8842,3790,0,0.9195250659630607,0.94833425691099,0.9555976124617849,0.763312167693621,0.9892736904410387,0.9993693995255691,0.04123734837863131,0.03175249891351595,0.007002914585852893,0.02666666666666667,0.02666666666666667
28,LogisticRegression,gender_blind,14,0.7,8842,3790,0,0.9150395778364117,0.9482378542796701,0.952992700729927,0.755948405159484,0.9892736904410387,0.9993693995255691,0.04123734837863131,0.03688902604787936,0.012094277497121109,0.02,0.02
28,RandomForestClassifier,gender_blind,14,0.3,8842,3790,0,0.9799472295514512,0.8551156090017136,0.9894561598224195,0.8925775422768012,0.9735479269389401,0.9975869907892873,0.01781768012145051,0.02385641765374913,0.002312765345940715,0.018245614035087676,0.018245614035087676
28,RandomForestClassifier,gender_blind,14,0.325,8842,3790,0,0.979155672823219,0.856972876479241,0.9890323476329307,0.8897416380074468,0.9735479269389401,0.9975869907892873,0.01781768012145051,0.023882423922993667,0.0019083368214489749,0.024912280701754386,0.024912280701754386
28,RandomForestClassifier,gender_blind,14,0.35,8842,3790,0,0.9796833773087071,0.866355616498198,0.9893010976795887,0.8941283556283062,0.9735479269389401,0.9975869907892873,0.01781768012145051,0.02435169260358583,0.0005542406806230415,0.05157894736842103,0.05157894736842103
28,RandomForestClassifier,gender_blind,14,0.375,8842,3790,0,0.9781002638522427,0.8814497068146547,0.988435279364637,0.891239972188522,0.9735479269389401,0.9975869907892873,0.01781768012145051,0.025550870574310935,0.00018421108468502645,0.07403508771929823,0.07403508771929823
28,RandomForestClassifier,gender_blind,14,0.4,8842,3790,0,0.9773087071240105,0.8833069742921822,0.9880089235917456,0.8886123049331277,0.9735479269389401,0.9975869907892873,0.01781768012145051,0.025576876843555474,0.0005632422694034078,0.056491228070175425,0.056491228070175425
28,RandomForestClassifier,gender_blind,14,0.425,8842,3790,0,0.9775725593667546,0.8902742553739411,0.9881400865076043,0.8911644742465382,0.9735479269389401,0.9975869907892873,0.01781768012145051,0.025602883112800123,0.0003610280071575378,0.052280701754385955,0.052280701754385955
28,RandomForestClassifier,gender_blind,14,0.45,8842,3790,0,0.9770448548812665,0.8922710707163861,0.9878542510121457,0.8896105787434829,0.9735479269389401,0.9975869907892873,0.01781768012145051,0.02518562697069726,0.0005182343255012434,0.05894736842105261,0.05894736842105261
28,RandomForestClassifier,gender_blind,14,0.475,8842,3790,0,0.9765171503957784,0.8942678860588312,0.9875680961028076,0.8880833354623301,0.9735479269389401,0.9975869907892873,0.01781768012145051,0.02476837082859451,0.0013974966581602466,0.06561403508771929,0.06561403508771929
28,RandomForestClassifier,gender_blind,14,0.5,8842,3790,0,0.9767810026385224,0.8966833449960293,0.9877060631461302,0.8895876287294632,0.9735479269389401,0.9975869907892873,0.01781768012145051,0.025211633239942022,0.0013974966581602466,0.07228070175438595,0.07228070175438595
28,RandomForestClassifier,gender_blind,14,0.525,8842,3790,0,0.9751978891820581,0.8958460578065233,0.9868568232662193,0.8836153275209602,0.9735479269389401,0.9975869907892873,0.01781768012145051,0.02787120770802709,0.0014515061908426663,0.07228070175438595,0.07228070175438595
28,RandomForestClassifier,gender_blind,14,0.55,8842,3790,0,0.9741424802110817,0.8952878663468526,0.9862898712926693,0.8797190097204087,0.9735479269389401,0.9975869907892873,0.01781768012145051,0.028549104459670627,0.0021989595449312116,0.07228070175438595,0.07228070175438595
28,RandomForestClassifier,gender_blind,14,0.575,8842,3790,0,0.9741424802110817,0.8975637774191331,0.9862860341449762,0.8802397912660365,0.9735479269389401,0.9975869907892873,0.01781768012145051,0.02943562928236565,0.0026737933530982527,0.07894736842105263,0.07894736842105263
28,RandomForestClassifier,gender_blind,14,0.6,8842,3790,0,0.9741424802110817,0.8998396884914134,0.9862821948488242,0.8807557763234947,0.9735479269389401,0.9975869907892873,0.01781768012145051,0.029227001211314163,0.0019967452826852305,0.08561403508771928,0.08561403508771928
28,RandomForestClassifier,gender_blind,14,0.625,8842,3790,0,0.9738786279683377,0.9042519627710566,0.9861325115562404,0.8808213578189366,0.9735479269389401,0.9975869907892873,0.01781768012145051,0.027062701693065905,0.0011174829500263384,0.05052631578947367,0.05052631578947367
28,RandomForestClassifier,gender_blind,14,0.65,8842,3790,0,0.9736147757255936,0.9041124149061389,0.985990473521995,0.8798730648152961,0.9735479269389401,0.9975869907892873,0.01781768012145051,0.027505964104413416,0.0015923167581934905,0.05052631578947367,0.05052631578947367
28,RandomForestClassifier,gender_blind,14,0.675,8842,3790,0,0.9730870712401055,0.9038333191763035,0.9857062780269058,0.877988274148588,0.9735479269389401,0.9975869907892873,0.01781768012145051,0.02729733603336193,0.0013901024959476205,0.05052631578947367,0.05052631578947367
28,RandomForestClassifier,gender_blind,14,0.7,8842,3790,0,0.9730870712401055,0.9106610523931448,0.9856942496493689,0.8795137914913511,0.9735479269389401,0.9975869907892873,0.01781768012145051,0.026671451820207692,0.0005108401632888393,0.0463157894736842,0.0463157894736842
29,LogisticRegression,gender_aware,15,0.3,8842,3790,0,0.9630606860158312,0.9463246328273207,0.9801587301587301,0.8564915788198231,0.9906010805184439,0.9994376938071378,0.039754959286968705,0.024600940919846215,0.01059509589030505,0.0,0.01059509589030505
29,LogisticRegression,gender_aware,15,0.325,8842,3790,0,0.9606860158311346,0.9518964352599029,0.9788382332055106,0.8512001926695456,0.9906010805184439,0.9994376938071378,0.039754959286968705,0.02359289503845008,0.009340655092565764,0.0,0.009340655092565764
29,LogisticRegression,gender_aware,15,0.35,8842,3790,0,0.9572559366754617,0.954634135160534,0.9769362186788155,0.8427846561019977,0.9906010805184439,0.9994376938071378,0.039754959286968705,0.02675625277284832,0.011812489771829693,0.014492753623188408,0.014492753623188408
29,LogisticRegression,gender_aware,15,0.375,8842,3790,0,0.9551451187335093,0.9535177522411926,0.975769669327252,0.8371756148054699,0.9906010805184439,0.9994376938071378,0.039754959286968705,0.025926708998816994,0.010976195906670094,0.014492753623188408,0.014492753623188408
29,LogisticRegression,gender_aware,15,0.4,8842,3790,0,0.950131926121372,0.9531422538800374,0.9729807005003573,0.8249518887117171,0.9906010805184439,0.9994376938071378,0.039754959286968705,0.02101241311742086,0.0054227020925387,0.021739130434782608,0.021739130434782608
29,LogisticRegression,gender_aware,15,0.425,8842,3790,0,0.9451187335092348,0.9550426665911624,0.970166379804934,0.8140305583235197,0.9906010805184439,0.9994376938071378,0.039754959286968705,0.02355361302129544,0.008421569423343822,0.014492753623188404,0.014492753623188404
29,LogisticRegression,gender_aware,15,0.45,8842,3790,0,0.941952506596306,0.9533680922121505,0.9683908045977011,0.8067760474601409,0.9906010805184439,0.9994376938071378,0.039754959286968705,0.024498692139899525,0.009475634726426319,0.014492753623188404,0.014492753623188404
29,LogisticRegression,gender_aware,15,0.475,8842,3790,0,0.9393139841688655,0.9519726135629738,0.9669064748201439,0.8009135548703894,0.9906010805184439,0.9994376938071378,0.039754959286968705,0.025651157202011277,0.010738773495798548,0.014492753623188404,0.014492753623188404
29,LogisticRegression,gender_aware,15,0.5,8842,3790,0,0.9372031662269129,0.9508562306436326,0.9657159320080668,0.7963375898284848,0.9906010805184439,0.9994376938071378,0.039754959286968705,0.028105705597456287,0.01336523878187168,0.014492753623188404,0.014492753623188404
29,LogisticRegression,gender_aware,15,0.525,8842,3790,0,0.9356200527704486,0.9500189434541264,0.9648212226066898,0.792969617514525,0.9906010805184439,0.9994376938071378,0.039754959286968705,0.02857824515675844,0.013892271433412873,0.014492753623188404,0.014492753623188404
29,LogisticRegression,gender_aware,15,0.55,8842,3790,0,0.9329815303430079,0.9486234648049499,0.963326595437482,0.7874736952722579,0.9906010805184439,0.9994376938071378,0.039754959286968705,0.027541315439219116,0.01284690410196343,0.014492753623188404,0.014492753623188404
29,LogisticRegression,gender_aware,15,0.575,8842,3790,0,0.9308707124010555,0.9497829929578889,0.9621168305378832,0.7837692586424356,0.9906010805184439,0.9994376938071378,0.039754959286968705,0.02869378050133098,0.013637453079275219,0.021739130434782608,0.021739130434782608
29,LogisticRegression,gender_aware,15,0.6,8842,3790,0,0.9284960422163588,0.9485270621736299,0.9607644418705661,0.779044925244347,0.9906010805184439,0.9994376938071378,0.039754959286968705,0.02721319506063291,0.012119495955765336,0.021739130434782608,0.021739130434782608
29,LogisticRegression,gender_aware,15,0.625,8842,3790,0,0.9258575197889182,0.9471315835244531,0.9592576482528635,0.7739187216374127,0.9906010805184439,0.9994376938071378,0.039754959286968705,0.02727096273291929,0.01222838167472673,0.021739130434782608,0.021739130434782608
29,LogisticRegression,gender_aware,15,0.65,8842,3790,0,0.9221635883905013,0.945177913415606,0.9571407816359145,0.7669491569585598,0.9906010805184439,0.9994376938071378,0.039754959286968705,0.02800865590801538,0.013073373511519382,0.021739130434782608,0.021739130434782608
29,LogisticRegression,gender_aware,15,0.675,8842,3790,0,0.9197889182058048,0.943921982631347,0.9557753855106197,0.7625902423303806,0.9906010805184439,0.9994376938071378,0.039754959286968705,0.02981216263679387,0.015018175539242007,0.021739130434782608,0.021739130434782608
29,LogisticRegression,gender_aware,15,0.7,8842,3790,0,0.9184696569920844,0.9432242433067586,0.955015286067841,0.7602080649748488,0.9906010805184439,0.9994376938071378,0.039754959286968705,0.02984104647293695,0.015072618398722759,0.021739130434782608,0.021739130434782608
29,RandomForestClassifier,gender_aware,15,0.3,8842,3790,0,0.9799472295514512,0.850563786857153,0.9894620077648364,0.8914701343172008,0.9772381927000962,0.9981048958665006,0.01695190791314942,0.01997779410677314,0.004780340780085601,0.0797101449275362,0.0797101449275362
29,RandomForestClassifier,gender_aware,15,0.325,8842,3790,0,0.9802110817941952,0.8575310679389117,0.9895934508117108,0.8942605323763648,0.9772381927000962,0.9981048958665006,0.01695190791314942,0.018911980553090735,0.004571267313795757,0.0579710144927536,0.0579710144927536
29,RandomForestClassifier,gender_aware,15,0.35,8842,3790,0,0.9796833773087071,0.8595278832813569,0.989310009718173,0.892532988943967,0.9772381927000962,0.9981048958665006,0.01695190791314942,0.017402511276249588,0.00252627753874457,0.06521739130434778,0.06521739130434778
29,RandomForestClassifier,gender_aware,15,0.375,8842,3790,0,0.979155672823219,0.8638006096960823,0.9890232041128247,0.8913784427874829,0.9772381927000962,0.9981048958665006,0.01695190791314942,0.01787505083555163,0.002108130606164771,0.0797101449275362,0.0797101449275362
29,RandomForestClassifier,gender_aware,15,0.4,8842,3790,0,0.978891820580475,0.865936972903445,0.9888796219071448,0.8908128679483911,0.9772381927000962,0.9981048958665006,0.01695190791314942,0.01920601800502808,0.003053310190285763,0.0869565217391304,0.0869565217391304
29,RandomForestClassifier,gender_aware,15,0.425,8842,3790,0,0.9794195250659631,0.8730438018501215,0.9891515994436718,0.894575799721836,0.9772381927000962,0.9981048958665006,0.01695190791314942,0.0198859435078379,0.0023716469319354783,0.10869565217391303,0.10869565217391303
29,RandomForestClassifier,gender_aware,15,0.45,8842,3790,0,0.9796833773087071,0.8777351718596,0.9892862112146932,0.8966787290170157,0.9772381927000962,0.9981048958665006,0.01695190791314942,0.02121691067731435,0.0028442367239960298,0.12318840579710141,0.12318840579710141
29,RandomForestClassifier,gender_aware,15,0.475,8842,3790,0,0.9794195250659631,0.8798715350669628,0.9891425389755011,0.896086421002902,0.9772381927000962,0.9981048958665006,0.01695190791314942,0.021453180456965426,0.003789416308117022,0.10869565217391305,0.10869565217391305
29,RandomForestClassifier,gender_aware,15,0.5,8842,3790,0,0.979155672823219,0.879731987202045,0.9890018098287624,0.8950046832519127,0.9772381927000962,0.9981048958665006,0.01695190791314942,0.020802138790298796,0.003107753049766626,0.10869565217391305,0.10869565217391305
29,RandomForestClassifier,gender_aware,15,0.525,8842,3790,0,0.9794195250659631,0.8821474461392431,0.9891395154553049,0.8965798079789087,0.9772381927000962,0.9981048958665006,0.01695190791314942,0.02124579451345754,0.003107753049766626,0.11594202898550726,0.11594202898550726
29,RandomForestClassifier,gender_aware,15,0.55,8842,3790,0,0.9786279683377309,0.8817288025444902,0.9887170915169243,0.8933610395240482,0.9772381927000962,0.9981048958665006,0.01695190791314942,0.021482064293108505,0.0033712693755372225,0.11594202898550726,0.11594202898550726
29,RandomForestClassifier,gender_aware,15,0.575,8842,3790,0,0.9781002638522427,0.8860015289592156,0.9884288303359822,0.8922488132023891,0.9772381927000962,0.9981048958665006,0.01695190791314942,0.020859906462584954,0.004107375493368259,0.08695652173913043,0.08695652173913043
29,RandomForestClassifier,gender_aware,15,0.6,8842,3790,0,0.9778364116094986,0.8904138032388587,0.98828125,0.8921988774271845,0.9772381927000962,0.9981048958665006,0.01695190791314942,0.017604698129251695,0.0020623857183171834,0.05797101449275363,0.05797101449275363
29,RandomForestClassifier,gender_aware,15,0.625,8842,3790,0,0.9781002638522427,0.8928292621760567,0.9884191432956607,0.8937253101466197,0.9772381927000962,0.9981048958665006,0.01695190791314942,0.018048353852410548,0.0020623857183171834,0.06521739130434784,0.06521739130434784
29,RandomForestClassifier,gender_aware,15,0.65,8842,3790,0,0.9775725593667546,0.8925501664462214,0.9881367759944173,0.8916587494429917,0.9772381927000962,0.9981048958665006,0.01695190791314942,0.01784096790890266,0.0018533122520272283,0.06521739130434784,0.06521739130434784
29,RandomForestClassifier,gender_aware,15,0.675,8842,3790,0,0.9767810026385224,0.8944074339237489,0.9877094972067039,0.8890928438414472,0.9772381927000962,0.9981048958665006,0.01695190791314942,0.01786985174504585,0.001435165319447429,0.07246376811594205,0.07246376811594205
29,RandomForestClassifier,gender_aware,15,0.7,8842,3790,0,0.9759894459102902,0.8939887903289959,0.9872851753528015,0.8860775758560697,0.9772381927000962,0.9981048958665006,0.01695190791314942,0.01591672674504585,0.000609824455603647,0.07246376811594205,0.07246376811594205
29,LogisticRegression,gender_blind,14,0.3,8842,3790,0,0.9633245382585752,0.9464641806922383,0.9803032450049596,0.8572644332099368,0.9906145634039433,0.9994375903471813,0.03969516687655884,0.021967890417036395,0.007813999997422827,0.0,0.007813999997422827
29,LogisticRegression,gender_blind,14,0.325,8842,3790,0,0.9612137203166227,0.9521755309897382,0.9791282124094846,0.8526925978248541,0.9906145634039433,0.9994375903471813,0.03969516687655884,0.021610886202307,0.007241222458033936,0.0,0.007241222458033936
29,LogisticRegression,gender_blind,14,0.35,8842,3790,0,0.9562005277044855,0.9518000326285829,0.9763600113927656,0.8394344859831211,0.9906145634039433,0.9994375903471813,0.03969516687655884,0.02217007727003839,0.007458993895956834,0.0072463768115942,0.007458993895956834
29,LogisticRegression,gender_blind,14,0.375,8842,3790,0,0.9535620052770448,0.9526804650516867,0.9748930099857347,0.8330605400805866,0.9906145634039433,0.9994375903471813,0.03969516687655884,0.018736366829340434,0.003423457205335212,0.014492753623188408,0.014492753623188408
29,LogisticRegression,gender_blind,14,0.4,8842,3790,0,0.950395778364116,0.9532818017449551,0.9731275014293882,0.8256048466051051,0.9906145634039433,0.9994375903471813,0.03969516687655884,0.016189967834960073,0.0014873531492455294,0.0,0.0014873531492455294
29,LogisticRegression,gender_blind,14,0.425,8842,3790,0,0.9453825857519789,0.9551822144560802,0.9703140685501219,0.814646325873084,0.9906145634039433,0.9994375903471813,0.03969516687655884,0.019825865128660136,0.004486220480050762,0.014492753623188404,0.014492753623188404
29,LogisticRegression,gender_blind,14,0.45,8842,3790,0,0.9422163588390501,0.9535076400770681,0.968539003016808,0.8073712785681778,0.9906145634039433,0.9994375903471813,0.03969516687655884,0.021865641637089595,0.006694538833543984,0.014492753623188404,0.014492753623188404
29,LogisticRegression,gender_blind,14,0.475,8842,3790,0,0.9401055408970976,0.9523912571577269,0.9673522220624191,0.8026553773788969,0.9906145634039433,0.9994375903471813,0.03969516687655884,0.023225492642709233,0.00816675106920628,0.014492753623188404,0.014492753623188404
29,LogisticRegression,gender_blind,14,0.5,8842,3790,0,0.937467018469657,0.9509957785085501,0.965864899899179,0.7969041924927607,0.9906145634039433,0.9994375903471813,0.03969516687655884,0.02547265509464658,0.010584142888989456,0.014492753623188404,0.014492753623188404
29,LogisticRegression,gender_blind,14,0.525,8842,3790,0,0.9348284960422164,0.9496002998593736,0.9643732871772681,0.7913056544077994,0.9906145634039433,0.9994375903471813,0.03969516687655884,0.02662512015675844,0.011847281658361686,0.014492753623188404,0.014492753623188404
29,LogisticRegression,gender_blind,14,0.55,8842,3790,0,0.9329815303430079,0.9486234648049499,0.963326595437482,0.7874736952722579,0.9906145634039433,0.9994375903471813,0.03969516687655884,0.024257223269742667,0.00938414495073081,0.014492753623188404,0.014492753623188404
29,LogisticRegression,gender_blind,14,0.575,8842,3790,0,0.9311345646437995,0.9499225408228066,0.9622668787046408,0.7843008601668,0.9906145634039433,0.9994375903471813,0.03969516687655884,0.02606072999852116,0.010856357186392995,0.021739130434782608,0.021739130434782608
29,LogisticRegression,gender_blind,14,0.6,8842,3790,0,0.929287598944591,0.9489457057683829,0.9612156295224312,0.7806078147612157,0.9906145634039433,0.9994375903471813,0.03969516687655884,0.02478753050133098,0.009547473529172956,0.021739130434782608,0.021739130434782608
29,LogisticRegression,gender_blind,14,0.625,8842,3790,0,0.9253298153034301,0.9468524877946178,0.9589557650471356,0.7729085394578744,0.9906145634039433,0.9994375903471813,0.03969516687655884,0.023779484619934954,0.008556549057204377,0.021739130434782608,0.021739130434782608
29,LogisticRegression,gender_blind,14,0.65,8842,3790,0,0.9234828496042217,0.9458756527401943,0.9578977932636469,0.7694113243774882,0.9906145634039433,0.9994375903471813,0.03969516687655884,0.02469567990239574,0.00955617150080601,0.021739130434782608,0.021739130434782608
29,LogisticRegression,gender_blind,14,0.675,8842,3790,0,0.9195250659630607,0.9437824347664292,0.9556234540957369,0.7621115856051528,0.9906145634039433,0.9994375903471813,0.03969516687655884,0.028066423580301647,0.013182259230480775,0.021739130434782608,0.021739130434782608
29,LogisticRegression,gender_blind,14,0.7,8842,3790,0,0.9187335092348285,0.9433637911716762,0.9551673944687045,0.760682288783648,0.9906145634039433,0.9994375903471813,0.03969516687655884,0.029397390749778207,0.014600028606662319,0.021739130434782608,0.021739130434782608
29,RandomForestClassifier,gender_blind,14,0.3,8842,3790,0,0.9796833773087071,0.8618037943536372,0.9893070406887933,0.8930704068879323,0.9764696682266366,0.9977767086945195,0.01670558561042118,0.015005730553090735,0.0029988673308051217,0.00724637681159418,0.00724637681159418
29,RandomForestClassifier,gender_blind,14,0.325,8842,3790,0,0.978891820580475,0.865936972903445,0.9888796219071448,0.8908128679483911,0.9764696682266366,0.9977767086945195,0.01670558561042118,0.01592192583555163,0.003053310190285763,0.021739130434782594,0.021739130434782594
29,RandomForestClassifier,gender_blind,14,0.35,8842,3790,0,0.9796833773087071,0.8754592607873196,0.9892891918208374,0.8961791227646387,0.9764696682266366,0.9977767086945195,0.01670558561042118,0.018140204451345787,0.0035258999823463144,0.050724637681159424,0.050724637681159424
29,RandomForestClassifier,gender_blind,14,0.375,8842,3790,0,0.9783641160949869,0.8747615214627313,0.9885857461024499,0.8907575195158715,0.9764696682266366,0.9977767086945195,0.01670558561042118,0.017074390897663494,0.0024260897914162305,0.050724637681159424,0.050724637681159424
29,RandomForestClassifier,gender_blind,14,0.4,8842,3790,0,0.9781002638522427,0.876897884670094,0.9884417212087453,0.890210835541716,0.9764696682266366,0.9977767086945195,0.01670558561042118,0.01731066067731435,0.0022170163251262753,0.05797101449275363,0.05797101449275363
29,RandomForestClassifier,gender_blind,14,0.425,8842,3790,0,0.9778364116094986,0.8813101589497372,0.9882943143812709,0.8901867611510315,0.9764696682266366,0.9977767086945195,0.01670558561042118,0.016244847123632056,0.0001720265500751994,0.07246376811594202,0.07246376811594202
29,RandomForestClassifier,gender_blind,14,0.45,8842,3790,0,0.978891820580475,0.8955238168430902,0.9888392857142857,0.8973322642163661,0.9764696682266366,0.9977767086945195,0.01670558561042118,0.015415303349600729,3.704691621464473e-05,0.050724637681159424,0.050724637681159424
29,RandomForestClassifier,gender_blind,14,0.475,8842,3790,0,0.978891820580475,0.8955238168430902,0.9888392857142857,0.8973322642163661,0.9764696682266366,0.9977767086945195,0.01670558561042118,0.015415303349600729,3.704691621464473e-05,0.050724637681159424,0.050724637681159424
29,RandomForestClassifier,gender_blind,14,0.5,8842,3790,0,0.9783641160949869,0.8952447211132548,0.9885570750767513,0.8952447211132548,0.9764696682266366,0.9977767086945195,0.01670558561042118,0.016302614795918324,0.0009081326679062363,0.050724637681159424,0.050724637681159424
29,RandomForestClassifier,gender_blind,14,0.525,8842,3790,0,0.9775725593667546,0.8971019885907823,0.988130149420472,0.8926330938033147,0.9764696682266366,0.9977767086945195,0.01670558561042118,0.017426196021887108,0.0027984918361482203,0.03623188405797101,0.03623188405797101
29,RandomForestClassifier,gender_blind,14,0.55,8842,3790,0,0.9778364116094986,0.9017933586002607,0.9882648784576697,0.894606372878124,0.9764696682266366,0.9977767086945195,0.01670558561042118,0.018757163191363557,0.003271081628208772,0.050724637681159424,0.050724637681159424
29,RandomForestClassifier,gender_blind,14,0.575,8842,3790,0,0.9783641160949869,0.9066242764746568,0.9885410844046953,0.8975724289948005,0.9764696682266366,0.9977767086945195,0.01670558561042118,0.01854977724785567,0.003271081628208772,0.043478260869565244,0.043478260869565244
29,RandomForestClassifier,gender_blind,14,0.6,8842,3790,0,0.9775725593667546,0.906205632879904,0.9881168740388648,0.8945268210943739,0.9764696682266366,0.9977767086945195,0.01670558561042118,0.018786047027506636,0.003534597953979368,0.043478260869565244,0.043478260869565244
29,RandomForestClassifier,gender_blind,14,0.625,8842,3790,0,0.9778364116094986,0.908621091817102,0.988255033557047,0.8959966756570281,0.9764696682266366,0.9977767086945195,0.01670558561042118,0.01922970275066549,0.003534597953979368,0.050724637681159424,0.050724637681159424
29,RandomForestClassifier,gender_blind,14,0.65,8842,3790,0,0.9775725593667546,0.9107574550244647,0.9881102252063225,0.8954472239720708,0.9764696682266366,0.9977767086945195,0.01670558561042118,0.018371275140490972,0.002171271437278688,0.05797101449275363,0.05797101449275363
29,RandomForestClassifier,gender_blind,14,0.675,8842,3790,0,0.9773087071240105,0.910617907159547,0.9879686625629547,0.8944472942444404,0.9764696682266366,0.9977767086945195,0.01670558561042118,0.017720233473824343,0.0014896081789282922,0.05797101449275363,0.05797101449275363
29,RandomForestClassifier,gender_blind,14,0.7,8842,3790,0,0.9765171503957784,0.910199263564794,0.9875437368789364,0.8914730178647555,0.9764696682266366,0.9977767086945195,0.01670558561042118,0.016861805863649826,0.0005988714542879414,0.05797101449275363,0.05797101449275363
